{
  "type": "FeatureCollection",
  "metadata": {
    "title": "Kraków Landmarks & Housing Estates (Osiedla, Parki, Mosty)",
    "count": 151
  },
  "features": [
    {
      "type": "Feature",
      "id": "most_debnicki",
      "geometry": {
        "type": "Point",
        "coordinates": [
          19.928392,
          50.054091
        ]
      },
      "properties": {
        "id": "most_debnicki",
        "is_landmark": true,
        "landmark_group": "bridges",
        "name": {
          "pl": "Most Dębnicki",
          "en": "Most Dębnicki",
          "de": "Most Dębnicki"
        },
        "prefix": {
          "pl": "most / kładka",
          "en": "bridge / footbridge",
          "de": "Brücke / Steg"
        },
        "full_name": {
          "pl": "Most Dębnicki",
          "en": "Most Dębnicki",
          "de": "Most Dębnicki"
        },
        "district": {
          "pl": "I Stare Miasto",
          "en": "I Old Town",
          "de": "I Altstadt"
        },
        "category": {
          "pl": "Mosty i inżynieria",
          "en": "Bridges and Engineering",
          "de": "Brücken und Ingenieurbauwerke"
        },
        "year": 1951,
        "summary": {
          "pl": "Most Dębnicki w Krakowie (I Stare Miasto).",
          "en": "Most Dębnicki in Kraków (I Old Town).",
          "de": "Most Dębnicki in Krakau (I Altstadt)."
        },
        "patron": null,
        "etymology": {
          "pl": "Kluczowy most drogowy przez Wisłę w ciągu II obwodnicy (al. Krasińskiego – ul. Konopnickiej), łączący Dzielnice I Stare Miasto, VII Zwierzyniec i VIII Dębniki. Pierwszy trójprzęsłowy kratownicowy most kolejowo-drogowy powstał w 1888 r. w ramach kolei obwodowej. Wysadzony przez wycofujące się wojska niemieckie w styczniu 1945 r., został odbudowany w 1951 r. według projektu prof. Władysława Borusiewicza jako stalowy most blachownicowy o długości 157 m. Z uwagi na najniższe zawieszenie przęsła nad lustrem wody spośród mostów krakowskich stanowi krytyczny punkt podczas powodzi.",
          "en": "Bridge / crossing 'Most Dębnicki' over water/railway barrier in Kraków. Engineering landmark. Kluczowy most drogowy przez Wisłę w ciągu II obwodnicy (al. Krasińskiego – ul. Konopnickiej), łączący Dzielnice I Stare Miasto, VII Zwierzyn...",
          "de": "Brücke / Bauwerk 'Most Dębnicki' in Krakau. Ingenieurbauwerk. Kluczowy most drogowy przez Wisłę w ciągu II obwodnicy (al. Krasińskiego – ul. Konopnickiej), łączący Dzielnice I Stare Miasto, VII Zwierzyn..."
        },
        "timeline": [
          {
            "year": "1888",
            "event": "otwarcie mostu kolejowego kolei obwodowej"
          },
          {
            "year": "1945",
            "event": "wysadzenie przez Wehrmacht"
          },
          {
            "year": "1951",
            "event": "odbudowa mostu drogowego według projektu Borusiewicza"
          }
        ],
        "source": {
          "name": "Encyklopedia Krakowa: Most Dębnicki",
          "url": "https://pl.wikipedia.org/wiki/Most_D%C4%99bnicki",
          "label": "Encyklopedia Krakowa"
        },
        "historic_code": "",
        "engineering_features": "Najniżej zawieszony most drogowy w Krakowie, newralgiczny punkt podczas powodzi."
      }
    },
    {
      "type": "Feature",
      "id": "most_grunwaldzki",
      "geometry": {
        "type": "Point",
        "coordinates": [
          19.93523,
          50.04985
        ]
      },
      "properties": {
        "id": "most_grunwaldzki",
        "is_landmark": true,
        "landmark_group": "bridges",
        "name": {
          "pl": "Most Grunwaldzki",
          "en": "Most Grunwaldzki",
          "de": "Most Grunwaldzki"
        },
        "prefix": {
          "pl": "most / kładka",
          "en": "bridge / footbridge",
          "de": "Brücke / Steg"
        },
        "full_name": {
          "pl": "Most Grunwaldzki",
          "en": "Most Grunwaldzki",
          "de": "Most Grunwaldzki"
        },
        "district": {
          "pl": "I Stare Miasto",
          "en": "I Old Town",
          "de": "I Altstadt"
        },
        "category": {
          "pl": "Mosty i inżynieria",
          "en": "Bridges and Engineering",
          "de": "Brücken und Ingenieurbauwerke"
        },
        "year": 1972,
        "summary": {
          "pl": "Most Grunwaldzki w Krakowie (I Stare Miasto).",
          "en": "Most Grunwaldzki in Kraków (I Old Town).",
          "de": "Most Grunwaldzki in Krakau (I Altstadt)."
        },
        "patron": null,
        "etymology": {
          "pl": "Główny most drogowo-tramwajowy na Wiśle w Dzielnicy I Stare Miasto i VIII Dębniki, łączący ul. Józefa Dietla z rondem Grunwaldzkim i ul. Monte Cassino. Wzniesiony w latach 1968–1972 według projektu inż. Stefana Filipiuka i inż. Jerzego Ptaszyńskiego. Trójprzęsłowa konstrukcja ze sprężonego betonu o długości 153 m i szerokości 31,4 m. Nazwa upamiętnia zwycięską bitwę pod Grunwaldem (1410 r.). Most stanowi newralgiczną arterię komunikacyjną łączącą centrum z południowo-zachodnim Krakowem.",
          "en": "Bridge / crossing 'Most Grunwaldzki' over water/railway barrier in Kraków. Engineering landmark. Główny most drogowo-tramwajowy na Wiśle w Dzielnicy I Stare Miasto i VIII Dębniki, łączący ul. Józefa Dietla z rondem Grunwaldzkim i ul. Mon...",
          "de": "Brücke / Bauwerk 'Most Grunwaldzki' in Krakau. Ingenieurbauwerk. Główny most drogowo-tramwajowy na Wiśle w Dzielnicy I Stare Miasto i VIII Dębniki, łączący ul. Józefa Dietla z rondem Grunwaldzkim i ul. Mon..."
        },
        "timeline": [],
        "source": {
          "name": "Encyklopedia Krakowa: Most Grunwaldzki",
          "url": "https://pl.wikipedia.org/wiki/Most_Grunwaldzki",
          "label": "Encyklopedia Krakowa"
        },
        "historic_code": "",
        "engineering_features": "Żelbetowa konstrukcja sprężona łącząca ul. Dietla i Monte Cassino."
      }
    },
    {
      "type": "Feature",
      "id": "most_pilsudskiego",
      "geometry": {
        "type": "Point",
        "coordinates": [
          19.945004,
          50.045465
        ]
      },
      "properties": {
        "id": "most_pilsudskiego",
        "is_landmark": true,
        "landmark_group": "bridges",
        "name": {
          "pl": "Most Józefa Piłsudskiego",
          "en": "Most Józefa Piłsudskiego",
          "de": "Most Józefa Piłsudskiego"
        },
        "prefix": {
          "pl": "most / kładka",
          "en": "bridge / footbridge",
          "de": "Brücke / Steg"
        },
        "full_name": {
          "pl": "Most Józefa Piłsudskiego",
          "en": "Most Józefa Piłsudskiego",
          "de": "Most Józefa Piłsudskiego"
        },
        "district": {
          "pl": "I Kazimierz",
          "en": "I Kazimierz",
          "de": "I Kazimierz"
        },
        "category": {
          "pl": "Mosty i inżynieria",
          "en": "Bridges and Engineering",
          "de": "Brücken und Ingenieurbauwerke"
        },
        "year": 1933,
        "summary": {
          "pl": "Most Józefa Piłsudskiego w Krakowie (I Kazimierz).",
          "en": "Most Józefa Piłsudskiego in Kraków (I Kazimierz).",
          "de": "Most Józefa Piłsudskiego in Krakau (I Kazimierz)."
        },
        "patron": {
          "name": "Marszałek Józef Piłsudski",
          "role": {
            "pl": "Patron: Marszałek Józef Piłsudski",
            "en": "Patron: Marszałek Józef Piłsudski",
            "de": "Patron: Marszałek Józef Piłsudski"
          },
          "image": "https://commons.wikimedia.org/wiki/Special:FilePath/J%C3%B3zef%20Pi%C5%82sudski%20%2822-1-4%29%20cropped.jpg?width=360"
        },
        "etymology": {
          "pl": "Marszałek Józef Piłsudski (1867–1935), Naczelnik Państwa Polskiego, Wódz Naczelny, twórca Legionów Polskich i odrodzonego Wojska Polskiego, Marszałek Polski. Najstarszy zachowany most drogowy na Wiśle w Krakowie, łączący Dzielnicę I Stare Miasto (Kazimierz, ul. Krakowska) z Dzielnicą XIII Podgórze (ul. Legionów Piłsudskiego). Budowany od 1926 r. według projektu inż. Aleksandra Pszenickiego, otwarty w styczniu 1933 r. jako monumentalna nitowana konstrukcja stalowa z kratownicowym łukiem dwuprzegubowym o długości 147,5 m. Wysadzony przez Niemców w 1945 r., odbudowany w pierwotnym kształcie w 1948 r.",
          "en": "Bridge / crossing 'Most Józefa Piłsudskiego' over water/railway barrier in Kraków. Engineering landmark. Marszałek Józef Piłsudski (1867–1935), Naczelnik Państwa Polskiego, Wódz Naczelny, twórca Legionów Polskich i odrodzonego Wojska Polskiego, ...",
          "de": "Brücke / Bauwerk 'Most Józefa Piłsudskiego' in Krakau. Ingenieurbauwerk. Marszałek Józef Piłsudski (1867–1935), Naczelnik Państwa Polskiego, Wódz Naczelny, twórca Legionów Polskich i odrodzonego Wojska Polskiego, ..."
        },
        "timeline": [
          {
            "year": "1933",
            "event": "uroczyste otwarcie Mostu im. Marszałka Józefa Piłsudskiego"
          },
          {
            "year": "1945",
            "event": "wysadzenie przęseł przez Niemców"
          },
          {
            "year": "1948",
            "event": "odbudowa (funkcjonował jako most T. Kościuszki)"
          },
          {
            "year": "1990",
            "event": "przywrócenie nazwy Most Józefa Piłsudskiego"
          }
        ],
        "source": {
          "name": "Encyklopedia Krakowa: Most Józefa Piłsudskiego",
          "url": "https://pl.wikipedia.org/wiki/Most_J%C3%B3zefa_Pi%C5%82sudskiego",
          "label": "Encyklopedia Krakowa"
        },
        "historic_code": "",
        "engineering_features": "Najstarszy zachowany most drogowy na Wiśle w Krakowie, nitowana stalowa konstrukcja kratownicowa."
      }
    },
    {
      "type": "Feature",
      "id": "most_powstancow_slaskich",
      "geometry": {
        "type": "Point",
        "coordinates": [
          19.953367,
          50.049119
        ]
      },
      "properties": {
        "id": "most_powstancow_slaskich",
        "is_landmark": true,
        "landmark_group": "bridges",
        "name": {
          "pl": "Most Powstańców Śląskich",
          "en": "Most Powstańców Śląskich",
          "de": "Most Powstańców Śląskich"
        },
        "prefix": {
          "pl": "most / kładka",
          "en": "bridge / footbridge",
          "de": "Brücke / Steg"
        },
        "full_name": {
          "pl": "Most Powstańców Śląskich",
          "en": "Most Powstańców Śląskich",
          "de": "Most Powstańców Śląskich"
        },
        "district": {
          "pl": "I Kazimierz",
          "en": "I Kazimierz",
          "de": "I Kazimierz"
        },
        "category": {
          "pl": "Mosty i inżynieria",
          "en": "Bridges and Engineering",
          "de": "Brücken und Ingenieurbauwerke"
        },
        "year": 1971,
        "summary": {
          "pl": "Most Powstańców Śląskich w Krakowie (I Kazimierz).",
          "en": "Most Powstańców Śląskich in Kraków (I Kazimierz).",
          "de": "Most Powstańców Śląskich in Krakau (I Kazimierz)."
        },
        "patron": null,
        "etymology": {
          "pl": "Most drogowo-tramwajowy przez Wisłę, łączący Dzielnicę I Stare Miasto (Kazimierz, ul. Starowiślna) z Dzielnicą XIII Podgórze (ul. Na Zjeździe). Usytuowany w miejscu pierwszego stałego mostu cesarza Franciszka I (Mostu Podgórskiego zwanego Krakusem) z 1850 r., który w 1925 r. rozebrano. Obecną konstrukcję stalową ze skrzynkowym ustrojem nośnym o długości 148 m wzniesiono w 1971 r. Nazwa upamiętnia trzy powstania śląskie (1919, 1920, 1921) i walkę o powrót Górnego Śląska do macierzy.",
          "en": "Bridge / crossing 'Most Powstańców Śląskich' over water/railway barrier in Kraków. Engineering landmark. Most drogowo-tramwajowy przez Wisłę, łączący Dzielnicę I Stare Miasto (Kazimierz, ul. Starowiślna) z Dzielnicą XIII Podgórze (ul. Na Zjeździ...",
          "de": "Brücke / Bauwerk 'Most Powstańców Śląskich' in Krakau. Ingenieurbauwerk. Most drogowo-tramwajowy przez Wisłę, łączący Dzielnicę I Stare Miasto (Kazimierz, ul. Starowiślna) z Dzielnicą XIII Podgórze (ul. Na Zjeździ..."
        },
        "timeline": [
          {
            "year": "1850",
            "event": "Most Podgórski (Krakusa)"
          },
          {
            "year": "1925",
            "event": "rozbiórka starego mostu i budowa nowego"
          },
          {
            "year": "1971",
            "event": "oddanie do użytku obecnego Mostu Powstańców Śląskich"
          }
        ],
        "source": {
          "name": "Encyklopedia Krakowa: Most Powstańców Śląskich",
          "url": "https://pl.wikipedia.org/wiki/Most_Powsta%C5%84c%C3%B3w_%C5%9Al%C4%85skich",
          "label": "Encyklopedia Krakowa"
        },
        "historic_code": "",
        "engineering_features": "Stalowy most skrzynkowy łączący ul. Starowiślną z Podgórzem."
      }
    },
    {
      "type": "Feature",
      "id": "most_kotlarski",
      "geometry": {
        "type": "Point",
        "coordinates": [
          19.960592,
          50.051878
        ]
      },
      "properties": {
        "id": "most_kotlarski",
        "is_landmark": true,
        "landmark_group": "bridges",
        "name": {
          "pl": "Most Kotlarski",
          "en": "Most Kotlarski",
          "de": "Most Kotlarski"
        },
        "prefix": {
          "pl": "most / kładka",
          "en": "bridge / footbridge",
          "de": "Brücke / Steg"
        },
        "full_name": {
          "pl": "Most Kotlarski",
          "en": "Most Kotlarski",
          "de": "Most Kotlarski"
        },
        "district": {
          "pl": "II Grzegórzki",
          "en": "II Grzegórzki",
          "de": "II Grzegórzki"
        },
        "category": {
          "pl": "Mosty i inżynieria",
          "en": "Bridges and Engineering",
          "de": "Brücken und Ingenieurbauwerke"
        },
        "year": 2001,
        "summary": {
          "pl": "Most Kotlarski w Krakowie (II Grzegórzki).",
          "en": "Most Kotlarski in Kraków (II Grzegórzki).",
          "de": "Most Kotlarski in Krakau (II Grzegórzki)."
        },
        "patron": null,
        "etymology": {
          "pl": "Reprezentacyjny most drogowo-tramwajowy na Wiśle w ciągu II obwodnicy miejskiej, łączący Dzielnicę II Grzegórzki (ul. Kotlarska) z Dzielnicą XIII Podgórze (Zabłocie, ul. Herlinga-Grudzińskiego). Otwarty w grudniu 2001 r. według projektu inż. Witolda Gawłowskiego i arch. Ewy Kozioł. Stalowy most łukowy bez podpór pośrednich w nurcie rzeki o rozpiętości łuku 166 m i całkowitej długości 192,6 m – w chwili otwarcia najdłuższy w Polsce jednoprzęsłowy most łukowy. Nazwa wywodzi się od historycznego cechu kotlarzy.",
          "en": "Bridge / crossing 'Most Kotlarski' over water/railway barrier in Kraków. Engineering landmark. Reprezentacyjny most drogowo-tramwajowy na Wiśle w ciągu II obwodnicy miejskiej, łączący Dzielnicę II Grzegórzki (ul. Kotlarska) z Dzielnicą...",
          "de": "Brücke / Bauwerk 'Most Kotlarski' in Krakau. Ingenieurbauwerk. Reprezentacyjny most drogowo-tramwajowy na Wiśle w ciągu II obwodnicy miejskiej, łączący Dzielnicę II Grzegórzki (ul. Kotlarska) z Dzielnicą..."
        },
        "timeline": [],
        "source": {
          "name": "Encyklopedia Krakowa: Most Kotlarski",
          "url": "https://pl.wikipedia.org/wiki/Most_Kotlarski",
          "label": "Encyklopedia Krakowa"
        },
        "historic_code": "",
        "engineering_features": "Stalowy most łukowy o rozpiętości 166 m bez podpór w nurcie rzeki."
      }
    },
    {
      "type": "Feature",
      "id": "kladka_ojca_bernatka",
      "geometry": {
        "type": "Point",
        "coordinates": [
          19.947498,
          50.046563
        ]
      },
      "properties": {
        "id": "kladka_ojca_bernatka",
        "is_landmark": true,
        "landmark_group": "bridges",
        "name": {
          "pl": "Kładka Ojca Bernatka",
          "en": "Kładka Ojca Bernatka",
          "de": "Kładka Ojca Bernatka"
        },
        "prefix": {
          "pl": "most / kładka",
          "en": "bridge / footbridge",
          "de": "Brücke / Steg"
        },
        "full_name": {
          "pl": "Kładka Ojca Bernatka",
          "en": "Kładka Ojca Bernatka",
          "de": "Kładka Ojca Bernatka"
        },
        "district": {
          "pl": "I Kazimierz",
          "en": "I Kazimierz",
          "de": "I Kazimierz"
        },
        "category": {
          "pl": "Mosty i inżynieria",
          "en": "Bridges and Engineering",
          "de": "Brücken und Ingenieurbauwerke"
        },
        "year": 2010,
        "summary": {
          "pl": "Kładka Ojca Bernatka w Krakowie (I Kazimierz).",
          "en": "Kładka Ojca Bernatka in Kraków (I Kazimierz).",
          "de": "Kładka Ojca Bernatka in Krakau (I Kazimierz)."
        },
        "patron": {
          "name": "Ojciec Laetus Bernatek",
          "role": {
            "pl": "Patron: Ojciec Laetus Bernatek",
            "en": "Patron: Ojciec Laetus Bernatek",
            "de": "Patron: Ojciec Laetus Bernatek"
          },
          "image": "https://commons.wikimedia.org/wiki/Special:FilePath/Laetus_Bernatek_(-1906"
        },
        "etymology": {
          "pl": "Ojciec Laetus Bernatek (1847–1927), zakonnik bonifrater, wieloletni przeor krakowskiego konwentu Zakonu Szpitalnego św. Jana Bożego na Kazimierzu, główny inicjator wzniesienia nowoczesnego szpitala Bonifratrów przy ul. Trynitarskiej. Pieszo-rowerowa kładka na Wiśle łącząca Dzielnicę I Stare Miasto (Kazimierz, ul. Gazowa/Mostowa) z Dzielnicą XIII Podgórze (ul. Brodzińskiego/Nadwiślańska). Wzniesiona w 2010 r. według projektu prof. Andrzeja Gettera na zachowanych filarach dawnego Mostu Podgórskiego z 1850 r. Stalowy łuk o długości 145 m dźwiga dwa pomosty, słynąc z rzeźb Jerzego Kędziory i kłódek zakochanych.",
          "en": "Bridge / crossing 'Kładka Ojca Bernatka' over water/railway barrier in Kraków. Engineering landmark. Ojciec Laetus Bernatek (1847–1927), zakonnik bonifrater, wieloletni przeor krakowskiego konwentu Zakonu Szpitalnego św. Jana Bożego na Kazim...",
          "de": "Brücke / Bauwerk 'Kładka Ojca Bernatka' in Krakau. Ingenieurbauwerk. Ojciec Laetus Bernatek (1847–1927), zakonnik bonifrater, wieloletni przeor krakowskiego konwentu Zakonu Szpitalnego św. Jana Bożego na Kazim..."
        },
        "timeline": [
          {
            "year": "1850",
            "event": "filary dawnego Mostu Podgórskiego"
          },
          {
            "year": "2010",
            "event": "otwarcie Kładki Ojca Bernatka"
          }
        ],
        "source": {
          "name": "Encyklopedia Krakowa: Kładka Ojca Bernatka",
          "url": "https://pl.wikipedia.org/wiki/K%C5%82adka_Ojca_Bernatka",
          "label": "Encyklopedia Krakowa"
        },
        "historic_code": "",
        "engineering_features": "Łuk stalowy o rozpiętości 145 m z dwoma pomostami, rzeźby Jerzego Kędziory, kłódki zakochanych."
      }
    },
    {
      "type": "Feature",
      "id": "most_zwierzyniecki",
      "geometry": {
        "type": "Point",
        "coordinates": [
          19.905663,
          50.05128
        ]
      },
      "properties": {
        "id": "most_zwierzyniecki",
        "is_landmark": true,
        "landmark_group": "bridges",
        "name": {
          "pl": "Most Zwierzyniecki",
          "en": "Most Zwierzyniecki",
          "de": "Most Zwierzyniecki"
        },
        "prefix": {
          "pl": "most / kładka",
          "en": "bridge / footbridge",
          "de": "Brücke / Steg"
        },
        "full_name": {
          "pl": "Most Zwierzyniecki",
          "en": "Most Zwierzyniecki",
          "de": "Most Zwierzyniecki"
        },
        "district": {
          "pl": "VII Zwierzyniec",
          "en": "VII Zwierzyniec",
          "de": "VII Zwierzyniec"
        },
        "category": {
          "pl": "Mosty i inżynieria",
          "en": "Bridges and Engineering",
          "de": "Brücken und Ingenieurbauwerke"
        },
        "year": 2001,
        "summary": {
          "pl": "Most Zwierzyniecki w Krakowie (VII Zwierzyniec).",
          "en": "Most Zwierzyniecki in Kraków (VII Zwierzyniec).",
          "de": "Most Zwierzyniecki in Krakau (VII Zwierzyniec)."
        },
        "patron": null,
        "etymology": {
          "pl": "Most drogowy przez Wisłę w ciągu Trasy Zwierzynieckiej (ul. Księcia Józefa – ul. Zielna), łączący Dzielnicę VII Zwierzyniec z Dzielnicą VIII Dębniki (Przegorzały – Pychowice). Wybudowany w latach 1999–2001 według projektu inż. Witolda Gawłowskiego. Stalowa konstrukcja łukowa z podwieszonym pomostem bez podpór w korycie rzeki, o rozpiętości przęsła 158 m i długości 231 m. Zastąpił funkcjonujący w tym miejscu przez stulecia tradycyjny przewóz promowy przez Wisłę.",
          "en": "Bridge / crossing 'Most Zwierzyniecki' over water/railway barrier in Kraków. Engineering landmark. Most drogowy przez Wisłę w ciągu Trasy Zwierzynieckiej (ul. Księcia Józefa – ul. Zielna), łączący Dzielnicę VII Zwierzyniec z Dzielnicą VIII...",
          "de": "Brücke / Bauwerk 'Most Zwierzyniecki' in Krakau. Ingenieurbauwerk. Most drogowy przez Wisłę w ciągu Trasy Zwierzynieckiej (ul. Księcia Józefa – ul. Zielna), łączący Dzielnicę VII Zwierzyniec z Dzielnicą VIII..."
        },
        "timeline": [
          {
            "year": "2001",
            "event": "oddanie do użytku Mostu Zwierzynieckiego"
          }
        ],
        "source": {
          "name": "Encyklopedia Krakowa: Most Zwierzyniecki",
          "url": "https://pl.wikipedia.org/wiki/Most_Zwierzyniecki",
          "label": "Encyklopedia Krakowa"
        },
        "historic_code": "",
        "engineering_features": "Most łukowy ze stalowym przęsłem 158 m w ciągu Trasy Zwierzynieckiej."
      }
    },
    {
      "type": "Feature",
      "id": "most_wandy",
      "geometry": {
        "type": "Point",
        "coordinates": [
          20.049804,
          50.051577
        ]
      },
      "properties": {
        "id": "most_wandy",
        "is_landmark": true,
        "landmark_group": "bridges",
        "name": {
          "pl": "Most Wandy",
          "en": "Most Wandy",
          "de": "Most Wandy"
        },
        "prefix": {
          "pl": "most / kładka",
          "en": "bridge / footbridge",
          "de": "Brücke / Steg"
        },
        "full_name": {
          "pl": "Most Wandy",
          "en": "Most Wandy",
          "de": "Most Wandy"
        },
        "district": {
          "pl": "XVIII Nowa Huta",
          "en": "XVIII Nowa Huta",
          "de": "XVIII Nowa Huta"
        },
        "category": {
          "pl": "Mosty i inżynieria",
          "en": "Bridges and Engineering",
          "de": "Brücken und Ingenieurbauwerke"
        },
        "year": 2002,
        "summary": {
          "pl": "Most Wandy w Krakowie (XVIII Nowa Huta).",
          "en": "Most Wandy in Kraków (XVIII Nowa Huta).",
          "de": "Most Wandy in Krakau (XVIII Nowa Huta)."
        },
        "patron": {
          "name": "Wanda",
          "role": {
            "pl": "Patron: Wanda",
            "en": "Patron: Wanda",
            "de": "Patron: Wanda"
          },
          "image": "https://commons.wikimedia.org/wiki/Special:FilePath/Piotrowski_%C5%9Amier%C4%87_Wandy.jpg?width=360"
        },
        "etymology": {
          "pl": "Wanda (księżniczka Wanda), legendarna władczyni krakowska z VIII w., córka księcia Kraka, która według kroniki Wincentego Kadłubka poświęciła życie dla ojczyzny, nie chcąc poślubić niemieckiego księcia (upamiętniona pobliskim Kopcem Wandy w Mogile). Most drogowy przez Wisłę łączący Dzielnicę XVIII Nowa Huta (Mogiła, ul. Giedroycia) z Dzielnicą XIII Podgórze (Przewóz, ul. Kępa Tarchalska). Wybudowany w 2002 r. w konstrukcji stalowej sześcioprzęsłowej blachownicowej o długości 352 m, likwidując dawną przeprawę promową Mogiła–Przewóz.",
          "en": "Bridge / crossing 'Most Wandy' over water/railway barrier in Kraków. Engineering landmark. Wanda (księżniczka Wanda), legendarna władczyni krakowska z VIII w., córka księcia Kraka, która według kroniki Wincentego Kadłubka poświęcił...",
          "de": "Brücke / Bauwerk 'Most Wandy' in Krakau. Ingenieurbauwerk. Wanda (księżniczka Wanda), legendarna władczyni krakowska z VIII w., córka księcia Kraka, która według kroniki Wincentego Kadłubka poświęcił..."
        },
        "timeline": [
          {
            "year": "2002",
            "event": "otwarcie Mostu Wandy"
          }
        ],
        "source": {
          "name": "Encyklopedia Krakowa: Most Wandy",
          "url": "https://pl.wikipedia.org/wiki/Most_Wandy",
          "label": "Encyklopedia Krakowa"
        },
        "historic_code": "",
        "engineering_features": "Stalowy most blachownicowy o długości 352 m łączący Mogiłę i Przewóz."
      }
    },
    {
      "type": "Feature",
      "id": "most_nowohucki",
      "geometry": {
        "type": "Point",
        "coordinates": [
          20.0163,
          50.0462
        ]
      },
      "properties": {
        "id": "most_nowohucki",
        "is_landmark": true,
        "landmark_group": "bridges",
        "name": {
          "pl": "Most Nowohucki",
          "en": "Most Nowohucki",
          "de": "Most Nowohucki"
        },
        "prefix": {
          "pl": "most / kładka",
          "en": "bridge / footbridge",
          "de": "Brücke / Steg"
        },
        "full_name": {
          "pl": "Most Nowohucki",
          "en": "Most Nowohucki",
          "de": "Most Nowohucki"
        },
        "district": {
          "pl": "XIV Czyżyny",
          "en": "XIV Czyżyny",
          "de": "XIV Czyżyny"
        },
        "category": {
          "pl": "Mosty i inżynieria",
          "en": "Bridges and Engineering",
          "de": "Brücken und Ingenieurbauwerke"
        },
        "year": 1951,
        "summary": {
          "pl": "Most Nowohucki w Krakowie (XIV Czyżyny).",
          "en": "Most Nowohucki in Kraków (XIV Czyżyny).",
          "de": "Most Nowohucki in Krakau (XIV Czyżyny)."
        },
        "patron": null,
        "etymology": {
          "pl": "Wielki most drogowy na Wiśle w ciągu ulicy Nowohuckiej (III obwodnica), łączący Dzielnicę XIV Czyżyny i XVIII Nowa Huta z Dzielnicą XIII Podgórze (Płaszów). Wzniesiony w 1951 r. jako pierwsza stała przeprawa mostowa obsługująca budowę kombinatu Huty im. Lenina i miasta Nowa Huta. Trójprzęsłowa nitowana konstrukcja kratownicowa ze stali o długości 284 m. Most przeszedł gruntowną modernizację i wzmocnienie nośności w latach 90. XX w.",
          "en": "Bridge / crossing 'Most Nowohucki' over water/railway barrier in Kraków. Engineering landmark. Wielki most drogowy na Wiśle w ciągu ulicy Nowohuckiej (III obwodnica), łączący Dzielnicę XIV Czyżyny i XVIII Nowa Huta z Dzielnicą XIII Pod...",
          "de": "Brücke / Bauwerk 'Most Nowohucki' in Krakau. Ingenieurbauwerk. Wielki most drogowy na Wiśle w ciągu ulicy Nowohuckiej (III obwodnica), łączący Dzielnicę XIV Czyżyny i XVIII Nowa Huta z Dzielnicą XIII Pod..."
        },
        "timeline": [],
        "source": {
          "name": "Encyklopedia Krakowa: Most Nowohucki",
          "url": "https://pl.wikipedia.org/wiki/Most_Nowohucki",
          "label": "Encyklopedia Krakowa"
        },
        "historic_code": "",
        "engineering_features": "Stalowy most kratownicowy w ciągu ul. Nowohuckiej o długości 284 m."
      }
    },
    {
      "type": "Feature",
      "id": "most_kardynala_macharskiego",
      "geometry": {
        "type": "Point",
        "coordinates": [
          20.072872,
          50.051038
        ]
      },
      "properties": {
        "id": "most_kardynala_macharskiego",
        "is_landmark": true,
        "landmark_group": "bridges",
        "name": {
          "pl": "Most kardynała Franciszka Macharskiego",
          "en": "Most kardynała Franciszka Macharskiego",
          "de": "Most kardynała Franciszka Macharskiego"
        },
        "prefix": {
          "pl": "most / kładka",
          "en": "bridge / footbridge",
          "de": "Brücke / Steg"
        },
        "full_name": {
          "pl": "Most kardynała Franciszka Macharskiego",
          "en": "Most kardynała Franciszka Macharskiego",
          "de": "Most kardynała Franciszka Macharskiego"
        },
        "district": {
          "pl": "XVIII Nowa Huta",
          "en": "XVIII Nowa Huta",
          "de": "XVIII Nowa Huta"
        },
        "category": {
          "pl": "Mosty i inżynieria",
          "en": "Bridges and Engineering",
          "de": "Brücken und Ingenieurbauwerke"
        },
        "year": 2017,
        "summary": {
          "pl": "Most kardynała Franciszka Macharskiego w Krakowie (XVIII Nowa Huta).",
          "en": "Most kardynała Franciszka Macharskiego in Kraków (XVIII Nowa Huta).",
          "de": "Most kardynała Franciszka Macharskiego in Krakau (XVIII Nowa Huta)."
        },
        "patron": {
          "name": "Kardynał Franciszek Macharski",
          "role": {
            "pl": "Patron: Kardynał Franciszek Macharski",
            "en": "Patron: Kardynał Franciszek Macharski",
            "de": "Patron: Kardynał Franciszek Macharski"
          },
          "image": "https://commons.wikimedia.org/wiki/Special:FilePath/Cardinal_Franciszek_Macharski_cropped_(2010"
        },
        "etymology": {
          "pl": "Kardynał Franciszek Macharski (1927–2016), arcybiskup metropolita krakowski w latach 1979–2005, kardynał, następca Karola Wojtyły na stolicy św. Stanisława, wielki autorytet moralny i opiekun ubogich, kawaler Orderu Orła Białego. Najdłuższy most w Krakowie i Małopolsce (długość 706 m), wybudowany przez Wisłę we wschodniej części miasta w ciągu drogi ekspresowej S7 (Wschodnia Obwodnica Krakowa), łączący Nową Hutę z Podgórzem (Rybitwy). Nowoczesna konstrukcja podwieszona typu extradosed o 4 pylonach wysokości 63 m, oddana do użytku w czerwcu 2017 r.",
          "en": "Bridge / crossing 'Most kardynała Franciszka Macharskiego' over water/railway barrier in Kraków. Engineering landmark. Kardynał Franciszek Macharski (1927–2016), arcybiskup metropolita krakowski w latach 1979–2005, kardynał, następca Karola Wojtyły na stolicy...",
          "de": "Brücke / Bauwerk 'Most kardynała Franciszka Macharskiego' in Krakau. Ingenieurbauwerk. Kardynał Franciszek Macharski (1927–2016), arcybiskup metropolita krakowski w latach 1979–2005, kardynał, następca Karola Wojtyły na stolicy..."
        },
        "timeline": [],
        "source": {
          "name": "BIP Kraków: Most kardynała Franciszka Macharskiego",
          "url": "https://www.bip.krakow.pl",
          "label": "BIP Kraków"
        },
        "historic_code": "",
        "engineering_features": "Najdłuższy most w Krakowie (706 m), podwieszany wantowy w ciągu drogi ekspresowej S7."
      }
    },
    {
      "type": "Feature",
      "id": "most_srednicowy_kolejowy",
      "geometry": {
        "type": "Point",
        "coordinates": [
          19.947498,
          50.059729
        ]
      },
      "properties": {
        "id": "most_srednicowy_kolejowy",
        "is_landmark": true,
        "landmark_group": "bridges",
        "name": {
          "pl": "Most Kolejowy Średnicowy na Wiśle",
          "en": "Most Kolejowy Średnicowy na Wiśle",
          "de": "Most Kolejowy Średnicowy na Wiśle"
        },
        "prefix": {
          "pl": "most / kładka",
          "en": "bridge / footbridge",
          "de": "Brücke / Steg"
        },
        "full_name": {
          "pl": "Most Kolejowy Średnicowy na Wiśle",
          "en": "Most Kolejowy Średnicowy na Wiśle",
          "de": "Most Kolejowy Średnicowy na Wiśle"
        },
        "district": {
          "pl": "II Grzegórzki",
          "en": "II Grzegórzki",
          "de": "II Grzegórzki"
        },
        "category": {
          "pl": "Mosty i inżynieria",
          "en": "Bridges and Engineering",
          "de": "Brücken und Ingenieurbauwerke"
        },
        "year": 2023,
        "summary": {
          "pl": "Most Kolejowy Średnicowy na Wiśle w Krakowie (II Grzegórzki).",
          "en": "Most Kolejowy Średnicowy na Wiśle in Kraków (II Grzegórzki).",
          "de": "Most Kolejowy Średnicowy na Wiśle in Krakau (II Grzegórzki)."
        },
        "patron": null,
        "etymology": {
          "pl": "Monumentalny zespół trzech równoległych mostów kolejowych i kładki pieszo-rowerowej na Wiśle w Dzielnicy II Grzegórzki i XIII Podgórze (Zabłocie) w ciągu magistrali kolejowej E30. Pierwszy most kratownicowy wzniesiono tu w 1863 r. dla Kolei Karola Ludwika. W latach 2018–2023 w ramach modernizacji linii średnicowej wybudowano całkowicie nowe obiekty o konstrukcji łuków stalowo-żelbetowych (cztery tory) oraz podwieszoną kładkę widokową dla pieszych i rowerzystów łączącą Grzegórzki z Zabłociem.",
          "en": "Bridge / crossing 'Most Kolejowy Średnicowy na Wiśle' over water/railway barrier in Kraków. Engineering landmark. Monumentalny zespół trzech równoległych mostów kolejowych i kładki pieszo-rowerowej na Wiśle w Dzielnicy II Grzegórzki i XIII Podgórze (Zabł...",
          "de": "Brücke / Bauwerk 'Most Kolejowy Średnicowy na Wiśle' in Krakau. Ingenieurbauwerk. Monumentalny zespół trzech równoległych mostów kolejowych i kładki pieszo-rowerowej na Wiśle w Dzielnicy II Grzegórzki i XIII Podgórze (Zabł..."
        },
        "timeline": [
          {
            "year": "1863",
            "event": "otwarcie mostu Kolei Karola Ludwika"
          },
          {
            "year": "1945",
            "event": "odbudowa po zniszczeniach wojennych"
          },
          {
            "year": "2023",
            "event": "ukończenie zespołu 3 mostów łukowych z kładką pieszo-rowerową"
          }
        ],
        "source": {
          "name": "Encyklopedia Krakowa: Most Kolejowy Średnicowy na Wiśle",
          "url": "https://pl.wikipedia.org/wiki/Most_Kolejowy_%C5%9Arednicowy_na_Wi%C5%9Ble",
          "label": "Encyklopedia Krakowa"
        },
        "historic_code": "",
        "engineering_features": "Zespół 3 mostów łukowych z 4 torami i podwieszonym traktem pieszo-rowerowym z widokiem na Wawel."
      }
    },
    {
      "type": "Feature",
      "id": "most_kolejowy_dabie",
      "geometry": {
        "type": "Point",
        "coordinates": [
          19.979142,
          50.059437
        ]
      },
      "properties": {
        "id": "most_kolejowy_dabie",
        "is_landmark": true,
        "landmark_group": "bridges",
        "name": {
          "pl": "Most Kolejowy Dąbie",
          "en": "Most Kolejowy Dąbie",
          "de": "Most Kolejowy Dąbie"
        },
        "prefix": {
          "pl": "most / kładka",
          "en": "bridge / footbridge",
          "de": "Brücke / Steg"
        },
        "full_name": {
          "pl": "Most Kolejowy Dąbie",
          "en": "Most Kolejowy Dąbie",
          "de": "Most Kolejowy Dąbie"
        },
        "district": {
          "pl": "II Grzegórzki",
          "en": "II Grzegórzki",
          "de": "II Grzegórzki"
        },
        "category": {
          "pl": "Mosty i inżynieria",
          "en": "Bridges and Engineering",
          "de": "Brücken und Ingenieurbauwerke"
        },
        "year": 1952,
        "summary": {
          "pl": "Most Kolejowy Dąbie w Krakowie (II Grzegórzki).",
          "en": "Most Kolejowy Dąbie in Kraków (II Grzegórzki).",
          "de": "Most Kolejowy Dąbie in Krakau (II Grzegórzki)."
        },
        "patron": null,
        "etymology": {
          "pl": "Czteroprzęsłowy stalowy most kolejowy przez Wisłę w Dzielnicy II Grzegórzki i XIII Podgórze (Zabłocie), usytuowany w dół rzeki od mostów średnicowych w rejonie Stopnia Wodnego Dąbie. Wybudowany w latach 1950–1952 w ramach budowy kolejowej małej obwodnicy towarowej Krakowa (linia kolejowa nr 100), mającej na celu wyprowadzenie ciężkiego ruchu towarowego z centrum miasta ku stacji Kraków Płaszów i Kombinatowi Nowa Huta.",
          "en": "Bridge / crossing 'Most Kolejowy Dąbie' over water/railway barrier in Kraków. Engineering landmark. Czteroprzęsłowy stalowy most kolejowy przez Wisłę w Dzielnicy II Grzegórzki i XIII Podgórze (Zabłocie), usytuowany w dół rzeki od mostów śre...",
          "de": "Brücke / Bauwerk 'Most Kolejowy Dąbie' in Krakau. Ingenieurbauwerk. Czteroprzęsłowy stalowy most kolejowy przez Wisłę w Dzielnicy II Grzegórzki i XIII Podgórze (Zabłocie), usytuowany w dół rzeki od mostów śre..."
        },
        "timeline": [],
        "source": {
          "name": "Encyklopedia Krakowa: Most Kolejowy Dąbie",
          "url": "https://pl.wikipedia.org/wiki/Most_Kolejowy_D%C4%85bie",
          "label": "Encyklopedia Krakowa"
        },
        "historic_code": "",
        "engineering_features": "Czteroprzęsłowa konstrukcja kratownicowa małej obwodnicy kolejowej."
      }
    },
    {
      "type": "Feature",
      "id": "most_retmanski",
      "geometry": {
        "type": "Point",
        "coordinates": [
          19.940589,
          50.043892
        ]
      },
      "properties": {
        "id": "most_retmanski",
        "is_landmark": true,
        "landmark_group": "bridges",
        "name": {
          "pl": "Most Retmański",
          "en": "Most Retmański",
          "de": "Most Retmański"
        },
        "prefix": {
          "pl": "most / kładka",
          "en": "bridge / footbridge",
          "de": "Brücke / Steg"
        },
        "full_name": {
          "pl": "Most Retmański",
          "en": "Most Retmański",
          "de": "Most Retmański"
        },
        "district": {
          "pl": "VIII Ludwinów",
          "en": "VIII Ludwinów",
          "de": "VIII Ludwinów"
        },
        "category": {
          "pl": "Mosty i inżynieria",
          "en": "Bridges and Engineering",
          "de": "Brücken und Ingenieurbauwerke"
        },
        "year": 1938,
        "summary": {
          "pl": "Most Retmański w Krakowie (VIII Ludwinów).",
          "en": "Most Retmański in Kraków (VIII Ludwinów).",
          "de": "Most Retmański in Krakau (VIII Ludwinów)."
        },
        "patron": null,
        "etymology": {
          "pl": "Zabytkowy żelbetowy most drogowy w Dzielnicy VIII Dębniki (Ludwinów) i XIII Podgórze, przerzucony nad rzeką Wilgą tuż przy jej ujściu do Wisły w ciągu ulicy Jana Długosza i Ludwinowskiej. Wybudowany w 1938 r. według projektu inż. Stefana Biskupa. Nazwa pochodzi od zawodu retmana – starszego flisaka i przewodnika spławu tratw na Wiśle, nawiązując do wielowiekowych tradycji flisackich i przystani orylskich na Ludwinowie.",
          "en": "Bridge / crossing 'Most Retmański' over water/railway barrier in Kraków. Engineering landmark. Zabytkowy żelbetowy most drogowy w Dzielnicy VIII Dębniki (Ludwinów) i XIII Podgórze, przerzucony nad rzeką Wilgą tuż przy jej ujściu do Wis...",
          "de": "Brücke / Bauwerk 'Most Retmański' in Krakau. Ingenieurbauwerk. Zabytkowy żelbetowy most drogowy w Dzielnicy VIII Dębniki (Ludwinów) i XIII Podgórze, przerzucony nad rzeką Wilgą tuż przy jej ujściu do Wis..."
        },
        "timeline": [
          {
            "year": "1938",
            "event": "oddanie żelbetowego Mostu Retmańskiego"
          }
        ],
        "source": {
          "name": "Encyklopedia Krakowa: Most Retmański",
          "url": "https://pl.wikipedia.org/wiki/Most_Retma%C5%84ski",
          "label": "Encyklopedia Krakowa"
        },
        "historic_code": "",
        "engineering_features": "Zabytkowy żelbetowy most belkowy u ujścia Wilgi do Wisły."
      }
    },
    {
      "type": "Feature",
      "id": "most_sw_kingi",
      "geometry": {
        "type": "Point",
        "coordinates": [
          19.9568,
          50.0498
        ]
      },
      "properties": {
        "id": "most_sw_kingi",
        "is_landmark": true,
        "landmark_group": "bridges",
        "name": {
          "pl": "Most św. Kingi",
          "en": "Most św. Kingi",
          "de": "Most św. Kingi"
        },
        "prefix": {
          "pl": "most / kładka",
          "en": "bridge / footbridge",
          "de": "Brücke / Steg"
        },
        "full_name": {
          "pl": "Most św. Kingi",
          "en": "Most św. Kingi",
          "de": "Most św. Kingi"
        },
        "district": {
          "pl": "VIII Dębniki",
          "en": "VIII Dębniki",
          "de": "VIII Dębniki"
        },
        "category": {
          "pl": "Mosty i inżynieria",
          "en": "Bridges and Engineering",
          "de": "Brücken und Ingenieurbauwerke"
        },
        "year": 2002,
        "summary": {
          "pl": "Most św. Kingi w Krakowie (VIII Dębniki).",
          "en": "Most św. Kingi in Kraków (VIII Dębniki).",
          "de": "Most św. Kingi in Krakau (VIII Dębniki)."
        },
        "patron": {
          "name": "Święta Kinga",
          "role": {
            "pl": "Patron: Święta Kinga",
            "en": "Patron: Święta Kinga",
            "de": "Patron: Święta Kinga"
          },
          "image": "https://commons.wikimedia.org/wiki/Special:FilePath/%C5%9Awi%C4%99ta%20Kinga.jpeg?width=360"
        },
        "etymology": {
          "pl": "Święta Kinga (1234–1292), księżna krakowska i sandomierska z dynastii Arpadów, żona Bolesława V Wstydliwego, klaryska, patronka Polski, Krakowa oraz górników solnych (kanonizowana przez Jana Pawła II w 1999 r.). Wielopasmowy żelbetowy most drogowy w Dzielnicy VIII Dębniki (Ludwinów), przerzucony nad rzeką Wilgą w ciągu ruchliwej II obwodnicy (ul. Marii Konopnickiej). Zmodernizowany i poszerzony w latach 2000–2002 do układu dwujezdniowego. Nazwę nadano uchwałą Rady Miasta Krakowa w 2002 r.",
          "en": "Bridge / crossing 'Most św. Kingi' over water/railway barrier in Kraków. Engineering landmark. Święta Kinga (1234–1292), księżna krakowska i sandomierska z dynastii Arpadów, żona Bolesława V Wstydliwego, klaryska, patronka Polski, Krak...",
          "de": "Brücke / Bauwerk 'Most św. Kingi' in Krakau. Ingenieurbauwerk. Święta Kinga (1234–1292), księżna krakowska i sandomierska z dynastii Arpadów, żona Bolesława V Wstydliwego, klaryska, patronka Polski, Krak..."
        },
        "timeline": [],
        "source": {
          "name": "BIP Kraków: Most św. Kingi",
          "url": "https://www.bip.krakow.pl",
          "label": "BIP Kraków"
        },
        "historic_code": "",
        "engineering_features": "Wielopasmowy most żelbetowy w ciągu ul. Konopnickiej (II obwodnica)."
      }
    },
    {
      "type": "Feature",
      "id": "most_ludwinowski",
      "geometry": {
        "type": "Point",
        "coordinates": [
          19.9372,
          50.0465
        ]
      },
      "properties": {
        "id": "most_ludwinowski",
        "is_landmark": true,
        "landmark_group": "bridges",
        "name": {
          "pl": "Most Ludwinowski",
          "en": "Most Ludwinowski",
          "de": "Most Ludwinowski"
        },
        "prefix": {
          "pl": "most / kładka",
          "en": "bridge / footbridge",
          "de": "Brücke / Steg"
        },
        "full_name": {
          "pl": "Most Ludwinowski",
          "en": "Most Ludwinowski",
          "de": "Most Ludwinowski"
        },
        "district": {
          "pl": "VIII Dębniki",
          "en": "VIII Dębniki",
          "de": "VIII Dębniki"
        },
        "category": {
          "pl": "Mosty i inżynieria",
          "en": "Bridges and Engineering",
          "de": "Brücken und Ingenieurbauwerke"
        },
        "year": 1968,
        "summary": {
          "pl": "Most Ludwinowski w Krakowie (VIII Dębniki).",
          "en": "Most Ludwinowski in Kraków (VIII Dębniki).",
          "de": "Most Ludwinowski in Krakau (VIII Dębniki)."
        },
        "patron": null,
        "etymology": {
          "pl": "Most drogowy nad rzeką Wilgą w Dzielnicy VIII Dębniki i XIII Podgórze, łączący ulice Krasickiego i Rydlówkę. Zbudowany w 1968 r. w konstrukcji żelbetowej belkowej na miejscu wcześniejszego mostu drewnianego. Nazwa toponimiczna odnosi się do historycznej podkrakowskiej osady i gminy Ludwinów, słynnej z tradycji rzemieślniczych, ujęcia wód siarczanych i folkloru podmiejskiego (upamiętnionego m.in. w wodewilu „Królowa przedmieścia”).",
          "en": "Bridge / crossing 'Most Ludwinowski' over water/railway barrier in Kraków. Engineering landmark. Most drogowy nad rzeką Wilgą w Dzielnicy VIII Dębniki i XIII Podgórze, łączący ulice Krasickiego i Rydlówkę. Zbudowany w 1968 r. w konstrukc...",
          "de": "Brücke / Bauwerk 'Most Ludwinowski' in Krakau. Ingenieurbauwerk. Most drogowy nad rzeką Wilgą w Dzielnicy VIII Dębniki i XIII Podgórze, łączący ulice Krasickiego i Rydlówkę. Zbudowany w 1968 r. w konstrukc..."
        },
        "timeline": [
          {
            "year": "1968",
            "event": "oddanie mostu żelbetowego"
          }
        ],
        "source": {
          "name": "Encyklopedia Krakowa: Most Ludwinowski",
          "url": "https://pl.wikipedia.org/wiki/Most_Ludwinowski",
          "label": "Encyklopedia Krakowa"
        },
        "historic_code": "",
        "engineering_features": "Most w ciągu ul. Krasickiego i Rydlówki."
      }
    },
    {
      "type": "Feature",
      "id": "most_niepodleglosci",
      "geometry": {
        "type": "Point",
        "coordinates": [
          19.9452,
          50.0458
        ]
      },
      "properties": {
        "id": "most_niepodleglosci",
        "is_landmark": true,
        "landmark_group": "bridges",
        "name": {
          "pl": "Most Niepodległości",
          "en": "Most Niepodległości",
          "de": "Most Niepodległości"
        },
        "prefix": {
          "pl": "most / kładka",
          "en": "bridge / footbridge",
          "de": "Brücke / Steg"
        },
        "full_name": {
          "pl": "Most Niepodległości",
          "en": "Most Niepodległości",
          "de": "Most Niepodległości"
        },
        "district": {
          "pl": "IV Prądnik Biały",
          "en": "IV Prądnik Biały",
          "de": "IV Prądnik Biały"
        },
        "category": {
          "pl": "Mosty i inżynieria",
          "en": "Bridges and Engineering",
          "de": "Brücken und Ingenieurbauwerke"
        },
        "year": 2023,
        "summary": {
          "pl": "Most Niepodległości w Krakowie (IV Prądnik Biały).",
          "en": "Most Niepodległości in Kraków (IV Prądnik Biały).",
          "de": "Most Niepodległości in Krakau (IV Prądnik Biały)."
        },
        "patron": null,
        "etymology": {
          "pl": "Nowy most drogowo-tramwajowy w Dzielnicy IV Prądnik Biały i III Prądnik Czerwony nad doliną rzeki Sudoł, zrealizowany w latach 2020–2023 w ramach budowy linii Krakowskiego Szybkiego Tramwaju Krowodrza Górka – Górka Narodowa. Konstrukcja żelbetowa sprężona z torowiskiem tramwajowym, jezdnią i traktami pieszo-rowerowymi. Nazwa upamiętnia odzyskanie przez Polskę niepodległości w 1918 r.",
          "en": "Bridge / crossing 'Most Niepodległości' over water/railway barrier in Kraków. Engineering landmark. Nowy most drogowo-tramwajowy w Dzielnicy IV Prądnik Biały i III Prądnik Czerwony nad doliną rzeki Sudoł, zrealizowany w latach 2020–2023 w r...",
          "de": "Brücke / Bauwerk 'Most Niepodległości' in Krakau. Ingenieurbauwerk. Nowy most drogowo-tramwajowy w Dzielnicy IV Prądnik Biały i III Prądnik Czerwony nad doliną rzeki Sudoł, zrealizowany w latach 2020–2023 w r..."
        },
        "timeline": [],
        "source": {
          "name": "BIP Kraków: Most Niepodległości KST",
          "url": "https://www.bip.krakow.pl",
          "label": "BIP Kraków"
        },
        "historic_code": "",
        "engineering_features": "Most żelbetowy nowej linii tramwajowej Krowodrza Górka - Górka Narodowa."
      }
    },
    {
      "type": "Feature",
      "id": "estakada_obroncow_lwowa",
      "geometry": {
        "type": "Point",
        "coordinates": [
          19.9721,
          50.0354
        ]
      },
      "properties": {
        "id": "estakada_obroncow_lwowa",
        "is_landmark": true,
        "landmark_group": "bridges",
        "name": {
          "pl": "Estakada Obrońców Lwowa",
          "en": "Estakada Obrońców Lwowa",
          "de": "Estakada Obrońców Lwowa"
        },
        "prefix": {
          "pl": "most / kładka",
          "en": "bridge / footbridge",
          "de": "Brücke / Steg"
        },
        "full_name": {
          "pl": "Estakada Obrońców Lwowa",
          "en": "Estakada Obrońców Lwowa",
          "de": "Estakada Obrońców Lwowa"
        },
        "district": {
          "pl": "XIII Podgórze",
          "en": "XIII Podgórze",
          "de": "XIII Podgórze"
        },
        "category": {
          "pl": "Mosty i inżynieria",
          "en": "Bridges and Engineering",
          "de": "Brücken und Ingenieurbauwerke"
        },
        "year": 2001,
        "summary": {
          "pl": "Estakada Obrońców Lwowa w Krakowie (XIII Podgórze).",
          "en": "Estakada Obrońców Lwowa in Kraków (XIII Podgórze).",
          "de": "Estakada Obrońców Lwowa in Krakau (XIII Podgórze)."
        },
        "patron": null,
        "etymology": {
          "pl": "Monumentalna estakada drogowa w Dzielnicy XIII Podgórze (Płaszów) w ciągu ulic Powstańców Śląskich i Powstańców Wielkopolskich (II obwodnica). Wybudowana w latach 1999–2001 nad układem torowym stacji kolejowej Kraków Płaszów i ulicą Wielicką. Długość całkowita wynosi 820 m, ustrój nośny tworzą ciągłe dźwigary ze sprężonego betonu. Nazwa upamiętnia polskich Obrońców Lwowa – Orlęta Lwowskie i żołnierzy walczących w obronie miasta w latach 1918–1919.",
          "en": "Bridge / crossing 'Estakada Obrońców Lwowa' over water/railway barrier in Kraków. Engineering landmark. Monumentalna estakada drogowa w Dzielnicy XIII Podgórze (Płaszów) w ciągu ulic Powstańców Śląskich i Powstańców Wielkopolskich (II obwodnica...",
          "de": "Brücke / Bauwerk 'Estakada Obrońców Lwowa' in Krakau. Ingenieurbauwerk. Monumentalna estakada drogowa w Dzielnicy XIII Podgórze (Płaszów) w ciągu ulic Powstańców Śląskich i Powstańców Wielkopolskich (II obwodnica..."
        },
        "timeline": [],
        "source": {
          "name": "Encyklopedia Krakowa: Estakada Obrońców Lwowa",
          "url": "https://pl.wikipedia.org/wiki/Estakada_Obro%C5%84c%C3%B3w_Lwowa",
          "label": "Encyklopedia Krakowa"
        },
        "historic_code": "",
        "engineering_features": "Estakada drogowa o długości 820 m nad torami stacji Kraków Płaszów."
      }
    },
    {
      "type": "Feature",
      "id": "estakada_kaczmarskiego",
      "geometry": {
        "type": "Point",
        "coordinates": [
          19.9735,
          50.0345
        ]
      },
      "properties": {
        "id": "estakada_kaczmarskiego",
        "is_landmark": true,
        "landmark_group": "bridges",
        "name": {
          "pl": "Estakada im. Jacka Kaczmarskiego",
          "en": "Estakada im. Jacka Kaczmarskiego",
          "de": "Estakada im. Jacka Kaczmarskiego"
        },
        "prefix": {
          "pl": "most / kładka",
          "en": "bridge / footbridge",
          "de": "Brücke / Steg"
        },
        "full_name": {
          "pl": "Estakada im. Jacka Kaczmarskiego",
          "en": "Estakada im. Jacka Kaczmarskiego",
          "de": "Estakada im. Jacka Kaczmarskiego"
        },
        "district": {
          "pl": "XIII Podgórze",
          "en": "XIII Podgórze",
          "de": "XIII Podgórze"
        },
        "category": {
          "pl": "Mosty i inżynieria",
          "en": "Bridges and Engineering",
          "de": "Brücken und Ingenieurbauwerke"
        },
        "year": 2011,
        "summary": {
          "pl": "Estakada im. Jacka Kaczmarskiego w Krakowie (XIII Podgórze).",
          "en": "Estakada im. Jacka Kaczmarskiego in Kraków (XIII Podgórze).",
          "de": "Estakada im. Jacka Kaczmarskiego in Krakau (XIII Podgórze)."
        },
        "patron": {
          "name": "Jacek Kaczmarski",
          "role": {
            "pl": "Patron: Jacek Kaczmarski",
            "en": "Patron: Jacek Kaczmarski",
            "de": "Patron: Jacek Kaczmarski"
          },
          "image": "https://commons.wikimedia.org/wiki/Special:FilePath/Jacek_Kaczmarski.jpg?width=360"
        },
        "etymology": {
          "pl": "Jacek Kaczmarski (1957–2004), poeta, prozaik, pieśniarz, kompozytor, legendarny bard „Solidarności” i symbol walki z reżimem komunistycznym, autor m.in. „Murów” i „Obławy”. Czteropasmowa estakada drogowa w Dzielnicy XIII Podgórze i XIV Czyżyny w ciągu ulicy Nowohuckiej, wzniesiona nad rondem Dywizjonu 308 (skrzyżowaniem z al. Pokoju). Oddana do użytku w 2011 r. jako żelbetowa sprężona konstrukcja o długości 420 m. Uchwałą Rady Miasta Krakowa otrzymała imię Jacka Kaczmarskiego.",
          "en": "Bridge / crossing 'Estakada im. Jacka Kaczmarskiego' over water/railway barrier in Kraków. Engineering landmark. Jacek Kaczmarski (1957–2004), poeta, prozaik, pieśniarz, kompozytor, legendarny bard „Solidarności” i symbol walki z reżimem komunistycznym,...",
          "de": "Brücke / Bauwerk 'Estakada im. Jacka Kaczmarskiego' in Krakau. Ingenieurbauwerk. Jacek Kaczmarski (1957–2004), poeta, prozaik, pieśniarz, kompozytor, legendarny bard „Solidarności” i symbol walki z reżimem komunistycznym,..."
        },
        "timeline": [],
        "source": {
          "name": "BIP Kraków: Uchwała RMK Estakada im. Jacka Kaczmarskiego",
          "url": "https://www.bip.krakow.pl",
          "label": "BIP Kraków"
        },
        "historic_code": "",
        "engineering_features": "Estakada żelbetowa sprężona o długości 420 m nad rondem Dywizjonu 308."
      }
    },
    {
      "type": "Feature",
      "id": "estakada_rozwadowskiego",
      "geometry": {
        "type": "Point",
        "coordinates": [
          19.9675,
          50.0892
        ]
      },
      "properties": {
        "id": "estakada_rozwadowskiego",
        "is_landmark": true,
        "landmark_group": "bridges",
        "name": {
          "pl": "Estakada gen. Tadeusza Rozwadowskiego",
          "en": "Estakada gen. Tadeusza Rozwadowskiego",
          "de": "Estakada gen. Tadeusza Rozwadowskiego"
        },
        "prefix": {
          "pl": "most / kładka",
          "en": "bridge / footbridge",
          "de": "Brücke / Steg"
        },
        "full_name": {
          "pl": "Estakada gen. Tadeusza Rozwadowskiego",
          "en": "Estakada gen. Tadeusza Rozwadowskiego",
          "de": "Estakada gen. Tadeusza Rozwadowskiego"
        },
        "district": {
          "pl": "III Prądnik Czerwony",
          "en": "III Prądnik Czerwony",
          "de": "III Prądnik Czerwony"
        },
        "category": {
          "pl": "Mosty i inżynieria",
          "en": "Bridges and Engineering",
          "de": "Brücken und Ingenieurbauwerke"
        },
        "year": 2001,
        "summary": {
          "pl": "Estakada gen. Tadeusza Rozwadowskiego w Krakowie (III Prądnik Czerwony).",
          "en": "Estakada gen. Tadeusza Rozwadowskiego in Kraków (III Prądnik Czerwony).",
          "de": "Estakada gen. Tadeusza Rozwadowskiego in Krakau (III Prądnik Czerwony)."
        },
        "patron": {
          "name": "Gen. Tadeusz Rozwadowski",
          "role": {
            "pl": "Patron: Gen. Tadeusz Rozwadowski",
            "en": "Patron: Gen. Tadeusz Rozwadowski",
            "de": "Patron: Gen. Tadeusz Rozwadowski"
          },
          "image": "https://commons.wikimedia.org/wiki/Special:FilePath/Tadeusz_Rozwadowski.jpg?width=360"
        },
        "etymology": {
          "pl": "Gen. Tadeusz Rozwadowski (1866–1928), generał broni Wojska Polskiego, Szef Sztabu Generalnego WP w decydującej fazie wojny polsko-bolszewickiej 1920 r., współtwórca planu bitwy warszawskiej, obrońca Lwowa. Drogowa estakada w Dzielnicy III Prądnik Czerwony i IV Prądnik Biały w ciągu ulicy Opolskiej i Lublańskiej (III obwodnica). Wybudowana w 2001 r. nad rondem Polsadu (skrzyżowaniem z al. 29 Listopada). Konstrukcja ze sprężonego betonu o długości 540 m, zapewniająca bezkolizyjny tranzyt nad trasą wylotową na Warszawę.",
          "en": "Bridge / crossing 'Estakada gen. Tadeusza Rozwadowskiego' over water/railway barrier in Kraków. Engineering landmark. Gen. Tadeusz Rozwadowski (1866–1928), generał broni Wojska Polskiego, Szef Sztabu Generalnego WP w decydującej fazie wojny polsko-bolszewick...",
          "de": "Brücke / Bauwerk 'Estakada gen. Tadeusza Rozwadowskiego' in Krakau. Ingenieurbauwerk. Gen. Tadeusz Rozwadowski (1866–1928), generał broni Wojska Polskiego, Szef Sztabu Generalnego WP w decydującej fazie wojny polsko-bolszewick..."
        },
        "timeline": [],
        "source": {
          "name": "Encyklopedia Krakowa: Estakada gen. Tadeusza Rozwadowskiego",
          "url": "https://pl.wikipedia.org/wiki/Estakada_gen._Tadeusza_Rozwadowskiego",
          "label": "Encyklopedia Krakowa"
        },
        "historic_code": "",
        "engineering_features": "Estakada III obwodnicy o długości 540 m nad wylotem na Warszawę."
      }
    },
    {
      "type": "Feature",
      "id": "estakada_lipska_wielicka",
      "geometry": {
        "type": "Point",
        "coordinates": [
          19.9812,
          50.0341
        ]
      },
      "properties": {
        "id": "estakada_lipska_wielicka",
        "is_landmark": true,
        "landmark_group": "bridges",
        "name": {
          "pl": "Estakada tramwajowo-piesza Lipska-Wielicka",
          "en": "Estakada tramwajowo-piesza Lipska-Wielicka",
          "de": "Estakada tramwajowo-piesza Lipska-Wielicka"
        },
        "prefix": {
          "pl": "most / kładka",
          "en": "bridge / footbridge",
          "de": "Brücke / Steg"
        },
        "full_name": {
          "pl": "Estakada tramwajowo-piesza Lipska-Wielicka",
          "en": "Estakada tramwajowo-piesza Lipska-Wielicka",
          "de": "Estakada tramwajowo-piesza Lipska-Wielicka"
        },
        "district": {
          "pl": "XIII Podgórze",
          "en": "XIII Podgórze",
          "de": "XIII Podgórze"
        },
        "category": {
          "pl": "Mosty i inżynieria",
          "en": "Bridges and Engineering",
          "de": "Brücken und Ingenieurbauwerke"
        },
        "year": 2015,
        "summary": {
          "pl": "Estakada tramwajowo-piesza Lipska-Wielicka w Krakowie (XIII Podgórze).",
          "en": "Estakada tramwajowo-piesza Lipska-Wielicka in Kraków (XIII Podgórze).",
          "de": "Estakada tramwajowo-piesza Lipska-Wielicka in Krakau (XIII Podgórze)."
        },
        "patron": null,
        "etymology": {
          "pl": "Spektakularna wantowa estakada tramwajowa, piesza i rowerowa w Dzielnicy XIII Podgórze, łącząca ulice Lipską i Wielicką. Wybudowana w latach 2013–2015 w ramach IV etapu Krakowskiego Szybkiego Tramwaju (KST). Obiekt o długości 650 m przekracza rozległy węzeł kolejowy stacji Kraków Płaszów. Posiada pylon o wysokości 36 m oraz zintegrowane zejścia windami i schodami bezpośrednio na perony kolejowe stacji PKP.",
          "en": "Bridge / crossing 'Estakada tramwajowo-piesza Lipska-Wielicka' over water/railway barrier in Kraków. Engineering landmark. Spektakularna wantowa estakada tramwajowa, piesza i rowerowa w Dzielnicy XIII Podgórze, łącząca ulice Lipską i Wielicką. Wybudowana w latach...",
          "de": "Brücke / Bauwerk 'Estakada tramwajowo-piesza Lipska-Wielicka' in Krakau. Ingenieurbauwerk. Spektakularna wantowa estakada tramwajowa, piesza i rowerowa w Dzielnicy XIII Podgórze, łącząca ulice Lipską i Wielicką. Wybudowana w latach..."
        },
        "timeline": [],
        "source": {
          "name": "Encyklopedia Krakowa: Estakada tramwajowo-piesza Lipska-Wielicka",
          "url": "https://pl.wikipedia.org/wiki/Estakada_tramwajowo-piesza_Lipska-Wielicka",
          "label": "Encyklopedia Krakowa"
        },
        "historic_code": "",
        "engineering_features": "Wantowy wiadukt tramwajowo-pieszo-rowerowy o długości 650 m z zejściem na perony PKP."
      }
    },
    {
      "type": "Feature",
      "id": "kladka_ludwinow_kazimierz",
      "geometry": {
        "type": "Point",
        "coordinates": [
          19.938784,
          50.045378
        ]
      },
      "properties": {
        "id": "kladka_ludwinow_kazimierz",
        "is_landmark": true,
        "landmark_group": "bridges",
        "name": {
          "pl": "Kładka Kazimierz–Ludwinów",
          "en": "Kładka Kazimierz–Ludwinów",
          "de": "Kładka Kazimierz–Ludwinów"
        },
        "prefix": {
          "pl": "most / kładka",
          "en": "bridge / footbridge",
          "de": "Brücke / Steg"
        },
        "full_name": {
          "pl": "Kładka Kazimierz–Ludwinów",
          "en": "Kładka Kazimierz–Ludwinów",
          "de": "Kładka Kazimierz–Ludwinów"
        },
        "district": {
          "pl": "I Kazimierz",
          "en": "I Kazimierz",
          "de": "I Kazimierz"
        },
        "category": {
          "pl": "Mosty i inżynieria",
          "en": "Bridges and Engineering",
          "de": "Brücken und Ingenieurbauwerke"
        },
        "year": 2025,
        "summary": {
          "pl": "Kładka Kazimierz–Ludwinów w Krakowie (I Kazimierz).",
          "en": "Kładka Kazimierz–Ludwinów in Kraków (I Kazimierz).",
          "de": "Kładka Kazimierz–Ludwinów in Krakau (I Kazimierz)."
        },
        "patron": null,
        "etymology": {
          "pl": "Nowoczesna pieszo-rowerowa kładka na Wiśle w budowie, łącząca Dzielnicę I Stare Miasto (Kazimierz, rejon ul. Wietora i Skałecznej) z Dzielnicą VIII Dębniki (Ludwinów, rejon ul. Ludwinowskiej). Zaprojektowana przez Biuro Projektów Lewicki Łatak jako nowatorska, sinusoidalna konstrukcja przestrzenna ze stali o długości 130 m, składająca się z trzech połączonych wstęg (dolnej pieszo-rowerowej oraz górnej widokowej). Inwestycja realizowana w latach 2024–2026 w celu ożywienia turystycznego i komunikacyjnego Ludwinowa.",
          "en": "Bridge / crossing 'Kładka Kazimierz–Ludwinów' over water/railway barrier in Kraków. Engineering landmark. Nowoczesna pieszo-rowerowa kładka na Wiśle w budowie, łącząca Dzielnicę I Stare Miasto (Kazimierz, rejon ul. Wietora i Skałecznej) z Dzielni...",
          "de": "Brücke / Bauwerk 'Kładka Kazimierz–Ludwinów' in Krakau. Ingenieurbauwerk. Nowoczesna pieszo-rowerowa kładka na Wiśle w budowie, łącząca Dzielnicę I Stare Miasto (Kazimierz, rejon ul. Wietora i Skałecznej) z Dzielni..."
        },
        "timeline": [],
        "source": {
          "name": "BIP Kraków: Kładka Kazimierz–Ludwinów",
          "url": "https://www.bip.krakow.pl",
          "label": "BIP Kraków"
        },
        "historic_code": "",
        "engineering_features": "Sinusoidalna kładka w kształcie wstęgi z punktem widokowym. Projekt Lewicki Łatak."
      }
    },
    {
      "type": "Feature",
      "id": "kladka_kamieniolom_zakrzowek",
      "geometry": {
        "type": "Point",
        "coordinates": [
          19.910449,
          50.041157
        ]
      },
      "properties": {
        "id": "kladka_kamieniolom_zakrzowek",
        "is_landmark": true,
        "landmark_group": "bridges",
        "name": {
          "pl": "Kładki pływające Parku Zakrzówek",
          "en": "Kładki pływające Parku Zakrzówek",
          "de": "Kładki pływające Parku Zakrzówek"
        },
        "prefix": {
          "pl": "most / kładka",
          "en": "bridge / footbridge",
          "de": "Brücke / Steg"
        },
        "full_name": {
          "pl": "Kładki pływające Parku Zakrzówek",
          "en": "Kładki pływające Parku Zakrzówek",
          "de": "Kładki pływające Parku Zakrzówek"
        },
        "district": {
          "pl": "VIII Dębniki",
          "en": "VIII Dębniki",
          "de": "VIII Dębniki"
        },
        "category": {
          "pl": "Mosty i inżynieria",
          "en": "Bridges and Engineering",
          "de": "Brücken und Ingenieurbauwerke"
        },
        "year": 2023,
        "summary": {
          "pl": "Kładki pływające Parku Zakrzówek w Krakowie (VIII Dębniki).",
          "en": "Kładki pływające Parku Zakrzówek in Kraków (VIII Dębniki).",
          "de": "Kładki pływające Parku Zakrzówek in Krakau (VIII Dębniki)."
        },
        "patron": null,
        "etymology": {
          "pl": "Zespół połączonych pływających i podwieszanych pomostów drewnianych w Dzielnicy VIII Dębniki w zalanym kamieniołomie Zakrzówek. Wybudowane w latach 2020–2023 według projektu pracowni F11, utrzymują na tafli turkusowej wody 5 ażurowych ekologicznych basenów kąpielowych o głębokości od 40 cm do ponad 3,5 m. Pomosty o szerokości do 8 m wyposażone są w balustrady, drabinki zejściowe, wieże ratownicze i stanowią unikatową w skali kraju architekturę rekreacyjną.",
          "en": "Bridge / crossing 'Kładki pływające Parku Zakrzówek' over water/railway barrier in Kraków. Engineering landmark. Zespół połączonych pływających i podwieszanych pomostów drewnianych w Dzielnicy VIII Dębniki w zalanym kamieniołomie Zakrzówek. Wybudowane w...",
          "de": "Brücke / Bauwerk 'Kładki pływające Parku Zakrzówek' in Krakau. Ingenieurbauwerk. Zespół połączonych pływających i podwieszanych pomostów drewnianych w Dzielnicy VIII Dębniki w zalanym kamieniołomie Zakrzówek. Wybudowane w..."
        },
        "timeline": [],
        "source": {
          "name": "BIP Kraków: Pływające baseny Zakrzówek",
          "url": "https://www.bip.krakow.pl",
          "label": "BIP Kraków"
        },
        "historic_code": "",
        "engineering_features": "Podwieszane i pływające pomosty drewniane utrzymujące 5 basenów ekologicznych."
      }
    },
    {
      "type": "Feature",
      "id": "wiadukt_29_listopada",
      "geometry": {
        "type": "Point",
        "coordinates": [
          19.9482,
          50.0784
        ]
      },
      "properties": {
        "id": "wiadukt_29_listopada",
        "is_landmark": true,
        "landmark_group": "bridges",
        "name": {
          "pl": "Wiadukt kolejowy 29 Listopada",
          "en": "Wiadukt kolejowy 29 Listopada",
          "de": "Wiadukt kolejowy 29 Listopada"
        },
        "prefix": {
          "pl": "most / kładka",
          "en": "bridge / footbridge",
          "de": "Brücke / Steg"
        },
        "full_name": {
          "pl": "Wiadukt kolejowy 29 Listopada",
          "en": "Wiadukt kolejowy 29 Listopada",
          "de": "Wiadukt kolejowy 29 Listopada"
        },
        "district": {
          "pl": "I Stare Miasto",
          "en": "I Old Town",
          "de": "I Altstadt"
        },
        "category": {
          "pl": "Mosty i inżynieria",
          "en": "Bridges and Engineering",
          "de": "Brücken und Ingenieurbauwerke"
        },
        "year": 2020,
        "summary": {
          "pl": "Wiadukt kolejowy 29 Listopada w Krakowie (I Stare Miasto).",
          "en": "Wiadukt kolejowy 29 Listopada in Kraków (I Old Town).",
          "de": "Wiadukt kolejowy 29 Listopada in Krakau (I Altstadt)."
        },
        "patron": null,
        "etymology": {
          "pl": "Masywny wiadukt kolejowy na pograniczu Dzielnicy I Stare Miasto i III Prądnik Czerwony nad aleją 29 Listopada w rejonie rogatki warszawskiej. Pierwszy austriacki kamienno-stalowy wiadukt linii kolejowej do Warszawy wzniesiono w 1899 r. W latach 2018–2020 rozebrany i całkowicie odbudowany jako nowoczesna konstrukcja żelbetowo-stalowa o poszerzonym świetle, co umożliwiło rozbudowę wylotowej al. 29 Listopada do dwóch jezdni oraz ułożenie dodatkowych torów aglomeracyjnych.",
          "en": "Bridge / crossing 'Wiadukt kolejowy 29 Listopada' over water/railway barrier in Kraków. Engineering landmark. Masywny wiadukt kolejowy na pograniczu Dzielnicy I Stare Miasto i III Prądnik Czerwony nad aleją 29 Listopada w rejonie rogatki warszawskiej...",
          "de": "Brücke / Bauwerk 'Wiadukt kolejowy 29 Listopada' in Krakau. Ingenieurbauwerk. Masywny wiadukt kolejowy na pograniczu Dzielnicy I Stare Miasto i III Prądnik Czerwony nad aleją 29 Listopada w rejonie rogatki warszawskiej..."
        },
        "timeline": [
          {
            "year": "1899",
            "event": "budowa austriackiego wiaduktu kolejowego"
          },
          {
            "year": "2020",
            "event": "oddanie zmodernizowanego poszerzonego wiaduktu"
          }
        ],
        "source": {
          "name": "Encyklopedia Krakowa: Wiadukt kolejowy 29 Listopada",
          "url": "https://pl.wikipedia.org/wiki/Wiadukt_kolejowy_29_Listopada",
          "label": "Encyklopedia Krakowa"
        },
        "historic_code": "",
        "engineering_features": "Poszerzony wiadukt kolejowy nad arterią wylotową z Krakowa."
      }
    },
    {
      "type": "Feature",
      "id": "most_dabski",
      "geometry": {
        "type": "Point",
        "coordinates": [
          19.9852,
          50.0573
        ]
      },
      "properties": {
        "id": "most_dabski",
        "is_landmark": true,
        "landmark_group": "bridges",
        "name": {
          "pl": "Most Dąbski",
          "en": "Most Dąbski",
          "de": "Most Dąbski"
        },
        "prefix": {
          "pl": "most / kładka",
          "en": "bridge / footbridge",
          "de": "Brücke / Steg"
        },
        "full_name": {
          "pl": "Most Dąbski",
          "en": "Most Dąbski",
          "de": "Most Dąbski"
        },
        "district": {
          "pl": "II Grzegórzki (Dąbie)",
          "en": "II Grzegórzki (Dąbie)",
          "de": "II Grzegórzki (Dąbie)"
        },
        "category": {
          "pl": "Mosty i inżynieria",
          "en": "Bridges and Engineering",
          "de": "Brücken und Ingenieurbauwerke"
        },
        "year": 1965,
        "summary": {
          "pl": "Most Dąbski w Krakowie (II Grzegórzki (Dąbie)).",
          "en": "Most Dąbski in Kraków (II Grzegórzki (Dąbie)).",
          "de": "Most Dąbski in Krakau (II Grzegórzki (Dąbie))."
        },
        "patron": null,
        "etymology": {
          "pl": "Most drogowy w Dzielnicy II Grzegórzki (Dąbie) w ciągu ulicy Ofiar Dąbia, przerzucony nad rzeką Białuchą (Prądnikiem) tuż przed jej ujściem do Wisły. Wybudowany w konstrukcji żelbetowej belkowej w 1965 r. w miejsce dawnego mostu drewnianego. Zapewnia kluczową komunikację pomiędzy osiedlem Dąbie a stopniem wodnym i nadrzecznymi bulwarami wiślanymi.",
          "en": "Bridge / crossing 'Most Dąbski' over water/railway barrier in Kraków. Engineering landmark. Most drogowy w Dzielnicy II Grzegórzki (Dąbie) w ciągu ulicy Ofiar Dąbia, przerzucony nad rzeką Białuchą (Prądnikiem) tuż przed jej ujściem ...",
          "de": "Brücke / Bauwerk 'Most Dąbski' in Krakau. Ingenieurbauwerk. Most drogowy w Dzielnicy II Grzegórzki (Dąbie) w ciągu ulicy Ofiar Dąbia, przerzucony nad rzeką Białuchą (Prądnikiem) tuż przed jej ujściem ..."
        },
        "timeline": [
          {
            "year": "1965",
            "event": "budowa stałego mostu żelbetowego"
          }
        ],
        "source": {
          "name": "Encyklopedia Krakowa: Most Dąbski",
          "url": "https://pl.wikipedia.org/wiki/Most_D%C4%85bski",
          "label": "Encyklopedia Krakowa"
        },
        "historic_code": "",
        "engineering_features": "Żelbetowy most belkowy u ujścia Białuchy do Wisły."
      }
    },
    {
      "type": "Feature",
      "id": "most_tadeusza_mazowieckiego",
      "geometry": {
        "type": "Point",
        "coordinates": [
          20.0481,
          50.0552
        ]
      },
      "properties": {
        "id": "most_tadeusza_mazowieckiego",
        "is_landmark": true,
        "landmark_group": "bridges",
        "name": {
          "pl": "Most Tadeusza Mazowieckiego",
          "en": "Most Tadeusza Mazowieckiego",
          "de": "Most Tadeusza Mazowieckiego"
        },
        "prefix": {
          "pl": "most / kładka",
          "en": "bridge / footbridge",
          "de": "Brücke / Steg"
        },
        "full_name": {
          "pl": "Most Tadeusza Mazowieckiego",
          "en": "Most Tadeusza Mazowieckiego",
          "de": "Most Tadeusza Mazowieckiego"
        },
        "district": {
          "pl": "IV Prądnik Biały",
          "en": "IV Prądnik Biały",
          "de": "IV Prądnik Biały"
        },
        "category": {
          "pl": "Mosty i inżynieria",
          "en": "Bridges and Engineering",
          "de": "Brücken und Ingenieurbauwerke"
        },
        "year": 2023,
        "summary": {
          "pl": "Most Tadeusza Mazowieckiego w Krakowie (IV Prądnik Biały).",
          "en": "Most Tadeusza Mazowieckiego in Kraków (IV Prądnik Biały).",
          "de": "Most Tadeusza Mazowieckiego in Krakau (IV Prądnik Biały)."
        },
        "patron": {
          "name": "Tadeusz Mazowiecki",
          "role": {
            "pl": "Patron: Tadeusz Mazowiecki",
            "en": "Patron: Tadeusz Mazowiecki",
            "de": "Patron: Tadeusz Mazowiecki"
          },
          "image": "https://commons.wikimedia.org/wiki/Special:FilePath/Tadeusz_Mazowiecki.jpg?width=360"
        },
        "etymology": {
          "pl": "Tadeusz Mazowiecki (1927–2013), publicysta, działacz społeczny, współtwórca „Solidarności”, pierwszy niekomunistyczny Prezes Rady Ministrów III Rzeczypospolitej (1989–1991), kawaler Orderu Orła Białego. Nowy most drogowy w Dzielnicy IV Prądnik Biały nad doliną rzeki Białuchy (Prądnika) w ciągu nowo otwartej Trasy Wolbromskiej (alei gen. Stanisława Sosabowskiego). Oddany do użytku w grudniu 2023 r. jako nowoczesna konstrukcja żelbetowa sprężona o dwóch jezdniach z chodnikami i drogą rowerową. Uchwałą Rady Miasta Krakowa otrzymał imię premiera Tadeusza Mazowieckiego.",
          "en": "Bridge / crossing 'Most Tadeusza Mazowieckiego' over water/railway barrier in Kraków. Engineering landmark. Tadeusz Mazowiecki (1927–2013), publicysta, działacz społeczny, współtwórca „Solidarności”, pierwszy niekomunistyczny Prezes Rady Ministrów ...",
          "de": "Brücke / Bauwerk 'Most Tadeusza Mazowieckiego' in Krakau. Ingenieurbauwerk. Tadeusz Mazowiecki (1927–2013), publicysta, działacz społeczny, współtwórca „Solidarności”, pierwszy niekomunistyczny Prezes Rady Ministrów ..."
        },
        "timeline": [],
        "source": {
          "name": "BIP Kraków: Most Tadeusza Mazowieckiego",
          "url": "https://www.bip.krakow.pl",
          "label": "BIP Kraków"
        },
        "historic_code": "",
        "engineering_features": "Most drogowy Trasy Wolbromskiej (al. Sosabowskiego) na północy Krakowa."
      }
    },
    {
      "type": "Feature",
      "id": "os_wandy",
      "geometry": {
        "type": "Point",
        "coordinates": [
          20.049664,
          50.070199
        ]
      },
      "properties": {
        "id": "os_wandy",
        "is_landmark": true,
        "landmark_group": "estates",
        "name": {
          "pl": "Osiedle Wandy",
          "en": "Osiedle Wandy",
          "de": "Osiedle Wandy"
        },
        "prefix": {
          "pl": "osiedle",
          "en": "housing estate",
          "de": "Siedlung"
        },
        "full_name": {
          "pl": "Osiedle Wandy",
          "en": "Osiedle Wandy",
          "de": "Osiedle Wandy"
        },
        "district": {
          "pl": "XVIII Nowa Huta",
          "en": "XVIII Nowa Huta",
          "de": "XVIII Nowa Huta"
        },
        "category": {
          "pl": "Postacie historyczne",
          "en": "Historical Figures",
          "de": "Historische Persönlichkeiten"
        },
        "year": "1940/50",
        "summary": {
          "pl": "Osiedle Wandy w Krakowie (XVIII Nowa Huta).",
          "en": "Osiedle Wandy in Kraków (XVIII Nowa Huta).",
          "de": "Osiedle Wandy in Krakau (XVIII Nowa Huta)."
        },
        "patron": {
          "name": "Wanda",
          "role": {
            "pl": "Patron: Wanda",
            "en": "Patron: Wanda",
            "de": "Patron: Wanda"
          },
          "image": "https://commons.wikimedia.org/wiki/Special:FilePath/Piotrowski%20%C5%9Amier%C4%87%20Wandy.jpg?width=360"
        },
        "etymology": {
          "pl": "Kolebka Nowej Huty (Dzielnica XVIII Nowa Huta). Dnia 23 czerwca 1949 r. rozpoczęto tu wykopy pod fundamenty pierwszego bloku mieszkalnego w Nowej Hucie (blok nr 14, proj. Franciszka Adamskiego), ukończonego jeszcze w tym samym roku. Zespół cechuje niska, dwu- i trzykondygnacyjna zabudowa z dachami czterospadowymi krytymi dachówką ceramiczną, nawiązująca do przedwojennego modernizmu i koncepcji osiedli robotniczych. Nazwa honoruje legendarną księżniczkę Wandę, córkę Kraka, której mogiłę upamiętnia sąsiadujący Kopiec Wandy w Mogile.",
          "en": "Housing estate 'Osiedle Wandy' in Kraków (XVIII Nowa Huta). Modernist/socrealist urban complex. Kolebka Nowej Huty (Dzielnica XVIII Nowa Huta). Dnia 23 czerwca 1949 r. rozpoczęto tu wykopy pod fundamenty pierwszego bloku mieszkalnego w ...",
          "de": "Wohnsiedlung 'Osiedle Wandy' in Krakau (XVIII Nowa Huta). Urbanistischer Komplex. Kolebka Nowej Huty (Dzielnica XVIII Nowa Huta). Dnia 23 czerwca 1949 r. rozpoczęto tu wykopy pod fundamenty pierwszego bloku mieszkalnego w ..."
        },
        "timeline": [
          {
            "year": "1949",
            "event": "budowa pierwszego bloku A-1 Północ (blok 14)"
          },
          {
            "year": "1952",
            "event": "nadanie nazwy Osiedle Wandy (PRL 1951–1955)"
          }
        ],
        "source": {
          "name": "Encyklopedia Krakowa: Osiedle Wandy",
          "url": "https://pl.wikipedia.org/wiki/Osiedle_Wandy",
          "label": "Encyklopedia Krakowa"
        },
        "historic_code": "A-1 Północ",
        "engineering_features": ""
      }
    },
    {
      "type": "Feature",
      "id": "os_willowe",
      "geometry": {
        "type": "Point",
        "coordinates": [
          20.0526,
          50.0688
        ]
      },
      "properties": {
        "id": "os_willowe",
        "is_landmark": true,
        "landmark_group": "estates",
        "name": {
          "pl": "Osiedle Willowe",
          "en": "Osiedle Willowe",
          "de": "Osiedle Willowe"
        },
        "prefix": {
          "pl": "osiedle",
          "en": "housing estate",
          "de": "Siedlung"
        },
        "full_name": {
          "pl": "Osiedle Willowe",
          "en": "Osiedle Willowe",
          "de": "Osiedle Willowe"
        },
        "district": {
          "pl": "XVIII Nowa Huta",
          "en": "XVIII Nowa Huta",
          "de": "XVIII Nowa Huta"
        },
        "category": {
          "pl": "Miejsca i obiekty",
          "en": "Places and Landmarks",
          "de": "Orte und Wahrzeichen"
        },
        "year": "1940/50",
        "summary": {
          "pl": "Osiedle Willowe w Krakowie (XVIII Nowa Huta).",
          "en": "Osiedle Willowe in Kraków (XVIII Nowa Huta).",
          "de": "Osiedle Willowe in Krakau (XVIII Nowa Huta)."
        },
        "patron": null,
        "etymology": {
          "pl": "Mogiła / Nowa Huta (Dzielnica XVIII Nowa Huta). Wzniesione w latach 1949–1951 jako południowy człon najstarszego sektora osadniczego A-1 (obok os. Wandy). Charakteryzuje się kameralną, niską zabudową jedno- i dwupiętrową o spadzistych dachach, ukształtowaną w koncepcji miasta-ogrodu Ebenezera Howarda. W osiedlu mieścił się pierwszy nowohucki urząd pocztowy oraz żłobek i przedszkole. Nazwa wywodzi się od willowego, niemal podmiejskiego charakteru wolnostojących domów z ogrodami.",
          "en": "Housing estate 'Osiedle Willowe' in Kraków (XVIII Nowa Huta). Modernist/socrealist urban complex. Mogiła / Nowa Huta (Dzielnica XVIII Nowa Huta). Wzniesione w latach 1949–1951 jako południowy człon najstarszego sektora osadniczego A-1 (ob...",
          "de": "Wohnsiedlung 'Osiedle Willowe' in Krakau (XVIII Nowa Huta). Urbanistischer Komplex. Mogiła / Nowa Huta (Dzielnica XVIII Nowa Huta). Wzniesione w latach 1949–1951 jako południowy człon najstarszego sektora osadniczego A-1 (ob..."
        },
        "timeline": [
          {
            "year": "1949",
            "event": "budowa osiedla A-1 Południe"
          },
          {
            "year": "1958",
            "event": "nadanie nazwy Osiedle Willowe"
          }
        ],
        "source": {
          "name": "Encyklopedia Krakowa: Osiedle Willowe",
          "url": "https://pl.wikipedia.org/wiki/Osiedle_Willowe",
          "label": "Encyklopedia Krakowa"
        },
        "historic_code": "A-1 Południe",
        "engineering_features": ""
      }
    },
    {
      "type": "Feature",
      "id": "os_na_skarpie",
      "geometry": {
        "type": "Point",
        "coordinates": [
          20.045517,
          50.067396
        ]
      },
      "properties": {
        "id": "os_na_skarpie",
        "is_landmark": true,
        "landmark_group": "estates",
        "name": {
          "pl": "Osiedle Na Skarpie",
          "en": "Osiedle Na Skarpie",
          "de": "Osiedle Na Skarpie"
        },
        "prefix": {
          "pl": "osiedle",
          "en": "housing estate",
          "de": "Siedlung"
        },
        "full_name": {
          "pl": "Osiedle Na Skarpie",
          "en": "Osiedle Na Skarpie",
          "de": "Osiedle Na Skarpie"
        },
        "district": {
          "pl": "XVIII Nowa Huta",
          "en": "XVIII Nowa Huta",
          "de": "XVIII Nowa Huta"
        },
        "category": {
          "pl": "Miejsca i obiekty",
          "en": "Places and Landmarks",
          "de": "Orte und Wahrzeichen"
        },
        "year": "1950",
        "summary": {
          "pl": "Osiedle Na Skarpie w Krakowie (XVIII Nowa Huta).",
          "en": "Osiedle Na Skarpie in Kraków (XVIII Nowa Huta).",
          "de": "Osiedle Na Skarpie in Krakau (XVIII Nowa Huta)."
        },
        "patron": null,
        "etymology": {
          "pl": "Mogiła / Nowa Huta (Dzielnica XVIII Nowa Huta). Usytuowane w latach 1950–1954 na wysokiej krawędzi terasy pradoliny Wisły w dawnej Mogile. Obejmuje rozległy kompleks Szpitala Miejskiego Specjalistycznego im. Stefana Żeromskiego (otwartego w 1954 r.) oraz przyległy Park im. Żeromskiego z punktami widokowymi na Łąki Nowohuckie. Układ przestrzenny cechuje tarasowe opadanie ku nizinie wiślanej i bogata zieleń rekreacyjna.",
          "en": "Housing estate 'Osiedle Na Skarpie' in Kraków (XVIII Nowa Huta). Modernist/socrealist urban complex. Mogiła / Nowa Huta (Dzielnica XVIII Nowa Huta). Usytuowane w latach 1950–1954 na wysokiej krawędzi terasy pradoliny Wisły w dawnej Mogile. O...",
          "de": "Wohnsiedlung 'Osiedle Na Skarpie' in Krakau (XVIII Nowa Huta). Urbanistischer Komplex. Mogiła / Nowa Huta (Dzielnica XVIII Nowa Huta). Usytuowane w latach 1950–1954 na wysokiej krawędzi terasy pradoliny Wisły w dawnej Mogile. O..."
        },
        "timeline": [
          {
            "year": "1950",
            "event": "budowa osiedla A-Zachód"
          },
          {
            "year": "1958",
            "event": "nadanie nazwy Osiedle Na Skarpie"
          }
        ],
        "source": {
          "name": "Encyklopedia Krakowa: Osiedle Na Skarpie",
          "url": "https://pl.wikipedia.org/wiki/Osiedle_Na_Skarpie",
          "label": "Encyklopedia Krakowa"
        },
        "historic_code": "A-Zachód",
        "engineering_features": ""
      }
    },
    {
      "type": "Feature",
      "id": "os_mlodosci",
      "geometry": {
        "type": "Point",
        "coordinates": [
          20.0468,
          50.0645
        ]
      },
      "properties": {
        "id": "os_mlodosci",
        "is_landmark": true,
        "landmark_group": "estates",
        "name": {
          "pl": "Osiedle Młodości",
          "en": "Osiedle Młodości",
          "de": "Osiedle Młodości"
        },
        "prefix": {
          "pl": "osiedle",
          "en": "housing estate",
          "de": "Siedlung"
        },
        "full_name": {
          "pl": "Osiedle Młodości",
          "en": "Osiedle Młodości",
          "de": "Osiedle Młodości"
        },
        "district": {
          "pl": "XVIII Nowa Huta",
          "en": "XVIII Nowa Huta",
          "de": "XVIII Nowa Huta"
        },
        "category": {
          "pl": "Miejsca i obiekty",
          "en": "Places and Landmarks",
          "de": "Orte und Wahrzeichen"
        },
        "year": "1950",
        "summary": {
          "pl": "Osiedle Młodości w Krakowie (XVIII Nowa Huta).",
          "en": "Osiedle Młodości in Kraków (XVIII Nowa Huta).",
          "de": "Osiedle Młodości in Krakau (XVIII Nowa Huta)."
        },
        "patron": null,
        "etymology": {
          "pl": "Mogiła / Nowa Huta (Dzielnica XVIII Nowa Huta). Wybudowane w latach 1950–1953 w sąsiedztwie zabytkowego opactwa cystersów w Mogile. Kameralna zabudowa z cegły o symetrycznym układzie urbanistycznym, stanowiąca przejście od wczesnego funkcjonalizmu do doktryny socrealizmu. Nazwa metaforyczna upamiętnia młodych budowniczych i junaków Służby Polsce (SP), którzy przybyli z całego kraju do wznoszenia kombinatu metalurgicznego i miasta.",
          "en": "Housing estate 'Osiedle Młodości' in Kraków (XVIII Nowa Huta). Modernist/socrealist urban complex. Mogiła / Nowa Huta (Dzielnica XVIII Nowa Huta). Wybudowane w latach 1950–1953 w sąsiedztwie zabytkowego opactwa cystersów w Mogile. Kameraln...",
          "de": "Wohnsiedlung 'Osiedle Młodości' in Krakau (XVIII Nowa Huta). Urbanistischer Komplex. Mogiła / Nowa Huta (Dzielnica XVIII Nowa Huta). Wybudowane w latach 1950–1953 w sąsiedztwie zabytkowego opactwa cystersów w Mogile. Kameraln..."
        },
        "timeline": [
          {
            "year": "1950",
            "event": "budowa osiedla A-Wschód"
          },
          {
            "year": "1958",
            "event": "nadanie nazwy Osiedle Młodości"
          }
        ],
        "source": {
          "name": "Encyklopedia Krakowa: Osiedle Młodości",
          "url": "https://pl.wikipedia.org/wiki/Osiedle_Młodości",
          "label": "Encyklopedia Krakowa"
        },
        "historic_code": "A-Wschód",
        "engineering_features": ""
      }
    },
    {
      "type": "Feature",
      "id": "os_ogrodowe",
      "geometry": {
        "type": "Point",
        "coordinates": [
          20.0425,
          50.0691
        ]
      },
      "properties": {
        "id": "os_ogrodowe",
        "is_landmark": true,
        "landmark_group": "estates",
        "name": {
          "pl": "Osiedle Ogrodowe",
          "en": "Osiedle Ogrodowe",
          "de": "Osiedle Ogrodowe"
        },
        "prefix": {
          "pl": "osiedle",
          "en": "housing estate",
          "de": "Siedlung"
        },
        "full_name": {
          "pl": "Osiedle Ogrodowe",
          "en": "Osiedle Ogrodowe",
          "de": "Osiedle Ogrodowe"
        },
        "district": {
          "pl": "XVIII Nowa Huta",
          "en": "XVIII Nowa Huta",
          "de": "XVIII Nowa Huta"
        },
        "category": {
          "pl": "Miejsca i obiekty",
          "en": "Places and Landmarks",
          "de": "Orte und Wahrzeichen"
        },
        "year": "1950",
        "summary": {
          "pl": "Osiedle Ogrodowe w Krakowie (XVIII Nowa Huta).",
          "en": "Osiedle Ogrodowe in Kraków (XVIII Nowa Huta).",
          "de": "Osiedle Ogrodowe in Krakau (XVIII Nowa Huta)."
        },
        "patron": null,
        "etymology": {
          "pl": "Nowa Huta (Dzielnica XVIII Nowa Huta). Powstało w latach 1950–1953 według generalnego projektu Tadeusza Ptaszyckiego. Wnętrze kwartału wypełnia rozległy, parkowy dziedziniec z alejami spacerowymi i starodrzewem, realizujący w praktyce postulaty miasta-ogrodu. Wzniesiono tu m.in. budynek dawnego kina „Świt” (od strony al. Róż i os. Teatralnego) oraz szkoły podstawowe z zapleczem rekreacyjnym.",
          "en": "Housing estate 'Osiedle Ogrodowe' in Kraków (XVIII Nowa Huta). Modernist/socrealist urban complex. Nowa Huta (Dzielnica XVIII Nowa Huta). Powstało w latach 1950–1953 według generalnego projektu Tadeusza Ptaszyckiego. Wnętrze kwartału wypeł...",
          "de": "Wohnsiedlung 'Osiedle Ogrodowe' in Krakau (XVIII Nowa Huta). Urbanistischer Komplex. Nowa Huta (Dzielnica XVIII Nowa Huta). Powstało w latach 1950–1953 według generalnego projektu Tadeusza Ptaszyckiego. Wnętrze kwartału wypeł..."
        },
        "timeline": [
          {
            "year": "1950",
            "event": "budowa osiedla B-Południe"
          },
          {
            "year": "1958",
            "event": "nadanie nazwy Osiedle Ogrodowe"
          }
        ],
        "source": {
          "name": "Encyklopedia Krakowa: Osiedle Ogrodowe",
          "url": "https://pl.wikipedia.org/wiki/Osiedle_Ogrodowe",
          "label": "Encyklopedia Krakowa"
        },
        "historic_code": "B-Południe",
        "engineering_features": ""
      }
    },
    {
      "type": "Feature",
      "id": "os_stalowe",
      "geometry": {
        "type": "Point",
        "coordinates": [
          20.050521,
          50.074137
        ]
      },
      "properties": {
        "id": "os_stalowe",
        "is_landmark": true,
        "landmark_group": "estates",
        "name": {
          "pl": "Osiedle Stalowe",
          "en": "Osiedle Stalowe",
          "de": "Osiedle Stalowe"
        },
        "prefix": {
          "pl": "osiedle",
          "en": "housing estate",
          "de": "Siedlung"
        },
        "full_name": {
          "pl": "Osiedle Stalowe",
          "en": "Osiedle Stalowe",
          "de": "Osiedle Stalowe"
        },
        "district": {
          "pl": "XVIII Nowa Huta",
          "en": "XVIII Nowa Huta",
          "de": "XVIII Nowa Huta"
        },
        "category": {
          "pl": "Miejsca i obiekty",
          "en": "Places and Landmarks",
          "de": "Orte und Wahrzeichen"
        },
        "year": "1950",
        "summary": {
          "pl": "Osiedle Stalowe w Krakowie (XVIII Nowa Huta).",
          "en": "Osiedle Stalowe in Kraków (XVIII Nowa Huta).",
          "de": "Osiedle Stalowe in Krakau (XVIII Nowa Huta)."
        },
        "patron": null,
        "etymology": {
          "pl": "Nowa Huta (Dzielnica XVIII Nowa Huta). Wzniesione w latach 1950–1954 wzdłuż al. Solidarności (d. al. Lenina). Reprezentuje dojrzały socrealizm nowohucki – monumentalne trój- i czterokondygnacyjne bryły z wydatnymi gzymsami koronującymi, boniowanymi cokołami oraz potężnymi bramami arkadowymi prowadzącymi na wewnętrzne dziedzińce. Nazwa bezpośrednio honoruje hutników i surowiec produkowany w Kombinacie Metalurgicznym.",
          "en": "Housing estate 'Osiedle Stalowe' in Kraków (XVIII Nowa Huta). Modernist/socrealist urban complex. Nowa Huta (Dzielnica XVIII Nowa Huta). Wzniesione w latach 1950–1954 wzdłuż al. Solidarności (d. al. Lenina). Reprezentuje dojrzały socreali...",
          "de": "Wohnsiedlung 'Osiedle Stalowe' in Krakau (XVIII Nowa Huta). Urbanistischer Komplex. Nowa Huta (Dzielnica XVIII Nowa Huta). Wzniesione w latach 1950–1954 wzdłuż al. Solidarności (d. al. Lenina). Reprezentuje dojrzały socreali..."
        },
        "timeline": [
          {
            "year": "1950",
            "event": "budowa osiedla B-Północ"
          },
          {
            "year": "1958",
            "event": "nadanie nazwy Osiedle Stalowe"
          }
        ],
        "source": {
          "name": "Encyklopedia Krakowa: Osiedle Stalowe",
          "url": "https://pl.wikipedia.org/wiki/Osiedle_Stalowe",
          "label": "Encyklopedia Krakowa"
        },
        "historic_code": "B-Północ",
        "engineering_features": ""
      }
    },
    {
      "type": "Feature",
      "id": "os_szkolne",
      "geometry": {
        "type": "Point",
        "coordinates": [
          20.0442,
          50.0735
        ]
      },
      "properties": {
        "id": "os_szkolne",
        "is_landmark": true,
        "landmark_group": "estates",
        "name": {
          "pl": "Osiedle Szkolne",
          "en": "Osiedle Szkolne",
          "de": "Osiedle Szkolne"
        },
        "prefix": {
          "pl": "osiedle",
          "en": "housing estate",
          "de": "Siedlung"
        },
        "full_name": {
          "pl": "Osiedle Szkolne",
          "en": "Osiedle Szkolne",
          "de": "Osiedle Szkolne"
        },
        "district": {
          "pl": "XVIII Nowa Huta",
          "en": "XVIII Nowa Huta",
          "de": "XVIII Nowa Huta"
        },
        "category": {
          "pl": "Miejsca i obiekty",
          "en": "Places and Landmarks",
          "de": "Orte und Wahrzeichen"
        },
        "year": "1950",
        "summary": {
          "pl": "Osiedle Szkolne w Krakowie (XVIII Nowa Huta).",
          "en": "Osiedle Szkolne in Kraków (XVIII Nowa Huta).",
          "de": "Osiedle Szkolne in Krakau (XVIII Nowa Huta)."
        },
        "patron": null,
        "etymology": {
          "pl": "Nowa Huta (Dzielnica XVIII Nowa Huta). Zrealizowane w latach 1950–1955 na wschodnim krańcu sektora B, w sąsiedztwie Zalewu Nowohuckiego i rzeki Dłubni. Stanowiło centralną oś edukacyjną i techniczną Nowej Huty – zlokalizowano tu Zespół Szkół Mechanicznych, Technikum Elektryczne, bursy uczniowskie, Międzyszkolny Ośrodek Sportowy oraz scenę Teatru Łaźnia Nowa (w d. warsztatach szkolnych).",
          "en": "Housing estate 'Osiedle Szkolne' in Kraków (XVIII Nowa Huta). Modernist/socrealist urban complex. Nowa Huta (Dzielnica XVIII Nowa Huta). Zrealizowane w latach 1950–1955 na wschodnim krańcu sektora B, w sąsiedztwie Zalewu Nowohuckiego i rz...",
          "de": "Wohnsiedlung 'Osiedle Szkolne' in Krakau (XVIII Nowa Huta). Urbanistischer Komplex. Nowa Huta (Dzielnica XVIII Nowa Huta). Zrealizowane w latach 1950–1955 na wschodnim krańcu sektora B, w sąsiedztwie Zalewu Nowohuckiego i rz..."
        },
        "timeline": [
          {
            "year": "1950",
            "event": "budowa osiedla B-Wschód"
          },
          {
            "year": "1958",
            "event": "nadanie nazwy Osiedle Szkolne"
          }
        ],
        "source": {
          "name": "Encyklopedia Krakowa: Osiedle Szkolne",
          "url": "https://pl.wikipedia.org/wiki/Osiedle_Szkolne",
          "label": "Encyklopedia Krakowa"
        },
        "historic_code": "B-Wschód",
        "engineering_features": ""
      }
    },
    {
      "type": "Feature",
      "id": "os_hutnicze",
      "geometry": {
        "type": "Point",
        "coordinates": [
          20.0381,
          50.0728
        ]
      },
      "properties": {
        "id": "os_hutnicze",
        "is_landmark": true,
        "landmark_group": "estates",
        "name": {
          "pl": "Osiedle Hutnicze",
          "en": "Osiedle Hutnicze",
          "de": "Osiedle Hutnicze"
        },
        "prefix": {
          "pl": "osiedle",
          "en": "housing estate",
          "de": "Siedlung"
        },
        "full_name": {
          "pl": "Osiedle Hutnicze",
          "en": "Osiedle Hutnicze",
          "de": "Osiedle Hutnicze"
        },
        "district": {
          "pl": "XVIII Nowa Huta",
          "en": "XVIII Nowa Huta",
          "de": "XVIII Nowa Huta"
        },
        "category": {
          "pl": "Miejsca i obiekty",
          "en": "Places and Landmarks",
          "de": "Orte und Wahrzeichen"
        },
        "year": "1950",
        "summary": {
          "pl": "Osiedle Hutnicze w Krakowie (XVIII Nowa Huta).",
          "en": "Osiedle Hutnicze in Kraków (XVIII Nowa Huta).",
          "de": "Osiedle Hutnicze in Krakau (XVIII Nowa Huta)."
        },
        "patron": null,
        "etymology": {
          "pl": "Nowa Huta (Dzielnica XVIII Nowa Huta). Powstało w latach 1950–1954 pomiędzy al. Róż a al. Solidarności. Pierwotnie dedykowane kadrze inżynieryjno-technicznej i dyrekcji kombinatu metalurgicznego, wyróżnia się wyższym standardem wykończenia lokali, reprezentacyjnymi portalami bramnymi z detalami klasycystycznymi oraz zintegrowaną siatką lokali usługowych na parterach.",
          "en": "Housing estate 'Osiedle Hutnicze' in Kraków (XVIII Nowa Huta). Modernist/socrealist urban complex. Nowa Huta (Dzielnica XVIII Nowa Huta). Powstało w latach 1950–1954 pomiędzy al. Róż a al. Solidarności. Pierwotnie dedykowane kadrze inżynie...",
          "de": "Wohnsiedlung 'Osiedle Hutnicze' in Krakau (XVIII Nowa Huta). Urbanistischer Komplex. Nowa Huta (Dzielnica XVIII Nowa Huta). Powstało w latach 1950–1954 pomiędzy al. Róż a al. Solidarności. Pierwotnie dedykowane kadrze inżynie..."
        },
        "timeline": [
          {
            "year": "1950",
            "event": "budowa osiedla B-Zachód"
          },
          {
            "year": "1958",
            "event": "nadanie nazwy Osiedle Hutnicze"
          }
        ],
        "source": {
          "name": "Encyklopedia Krakowa: Osiedle Hutnicze",
          "url": "https://pl.wikipedia.org/wiki/Osiedle_Hutnicze",
          "label": "Encyklopedia Krakowa"
        },
        "historic_code": "B-Zachód",
        "engineering_features": ""
      }
    },
    {
      "type": "Feature",
      "id": "os_teatralne",
      "geometry": {
        "type": "Point",
        "coordinates": [
          20.0365,
          50.0695
        ]
      },
      "properties": {
        "id": "os_teatralne",
        "is_landmark": true,
        "landmark_group": "estates",
        "name": {
          "pl": "Osiedle Teatralne",
          "en": "Osiedle Teatralne",
          "de": "Osiedle Teatralne"
        },
        "prefix": {
          "pl": "osiedle",
          "en": "housing estate",
          "de": "Siedlung"
        },
        "full_name": {
          "pl": "Osiedle Teatralne",
          "en": "Osiedle Teatralne",
          "de": "Osiedle Teatralne"
        },
        "district": {
          "pl": "XVIII Nowa Huta",
          "en": "XVIII Nowa Huta",
          "de": "XVIII Nowa Huta"
        },
        "category": {
          "pl": "Miejsca i obiekty",
          "en": "Places and Landmarks",
          "de": "Orte und Wahrzeichen"
        },
        "year": "1950",
        "summary": {
          "pl": "Osiedle Teatralne w Krakowie (XVIII Nowa Huta).",
          "en": "Osiedle Teatralne in Kraków (XVIII Nowa Huta).",
          "de": "Osiedle Teatralne in Krakau (XVIII Nowa Huta)."
        },
        "patron": null,
        "etymology": {
          "pl": "Nowa Huta (Dzielnica XVIII Nowa Huta). Wzniesione w latach 1951–1955 według projektu zespołu Janusza Ingardena. Kulturalne serce Nowej Huty – mieści Teatr Ludowy (otwarty 3 grudnia 1955 r., proj. Janusza Ingardena, Marty Ingarden i Krystyny Włodarczyk), w którym debiutowały wybitne inscenizacje Krystyny Skuszanki i Jerzego Krasowskiego ze scenografią Józefa Szajny. Na osiedlu mieści się również zabytkowy gmach d. kina „Świt”.",
          "en": "Housing estate 'Osiedle Teatralne' in Kraków (XVIII Nowa Huta). Modernist/socrealist urban complex. Nowa Huta (Dzielnica XVIII Nowa Huta). Wzniesione w latach 1951–1955 według projektu zespołu Janusza Ingardena. Kulturalne serce Nowej Huty ...",
          "de": "Wohnsiedlung 'Osiedle Teatralne' in Krakau (XVIII Nowa Huta). Urbanistischer Komplex. Nowa Huta (Dzielnica XVIII Nowa Huta). Wzniesione w latach 1951–1955 według projektu zespołu Janusza Ingardena. Kulturalne serce Nowej Huty ..."
        },
        "timeline": [
          {
            "year": "1951",
            "event": "budowa osiedla C-1"
          },
          {
            "year": "1958",
            "event": "nadanie nazwy Osiedle Teatralne"
          }
        ],
        "source": {
          "name": "Encyklopedia Krakowa: Osiedle Teatralne",
          "url": "https://pl.wikipedia.org/wiki/Osiedle_Teatralne",
          "label": "Encyklopedia Krakowa"
        },
        "historic_code": "C-1",
        "engineering_features": ""
      }
    },
    {
      "type": "Feature",
      "id": "os_gorali",
      "geometry": {
        "type": "Point",
        "coordinates": [
          20.0345,
          50.0735
        ]
      },
      "properties": {
        "id": "os_gorali",
        "is_landmark": true,
        "landmark_group": "estates",
        "name": {
          "pl": "Osiedle Górali",
          "en": "Osiedle Górali",
          "de": "Osiedle Górali"
        },
        "prefix": {
          "pl": "osiedle",
          "en": "housing estate",
          "de": "Siedlung"
        },
        "full_name": {
          "pl": "Osiedle Górali",
          "en": "Osiedle Górali",
          "de": "Osiedle Górali"
        },
        "district": {
          "pl": "XVIII Nowa Huta",
          "en": "XVIII Nowa Huta",
          "de": "XVIII Nowa Huta"
        },
        "category": {
          "pl": "Miejsca i obiekty",
          "en": "Places and Landmarks",
          "de": "Orte und Wahrzeichen"
        },
        "year": "1950",
        "summary": {
          "pl": "Osiedle Górali w Krakowie (XVIII Nowa Huta).",
          "en": "Osiedle Górali in Kraków (XVIII Nowa Huta).",
          "de": "Osiedle Górali in Krakau (XVIII Nowa Huta)."
        },
        "patron": null,
        "etymology": {
          "pl": "Nowa Huta (Dzielnica XVIII Nowa Huta). Zbudowane w latach 1950–1954 w północnej części sektora C. Mieściło Dom Kultury Budowlanych (obecnie siedziba awangardowego Teatru Łaźnia Nowa) oraz Muzeum Czynu Zbrojnego z legendarnym czołgiem IS-2 przed gmachem. Nazwa nawiązuje do licznych robotników z Podhala i Beskidów zatrudnionych przy wznoszeniu pierwszych kwartałów Nowej Huty.",
          "en": "Housing estate 'Osiedle Górali' in Kraków (XVIII Nowa Huta). Modernist/socrealist urban complex. Nowa Huta (Dzielnica XVIII Nowa Huta). Zbudowane w latach 1950–1954 w północnej części sektora C. Mieściło Dom Kultury Budowlanych (obecnie ...",
          "de": "Wohnsiedlung 'Osiedle Górali' in Krakau (XVIII Nowa Huta). Urbanistischer Komplex. Nowa Huta (Dzielnica XVIII Nowa Huta). Zbudowane w latach 1950–1954 w północnej części sektora C. Mieściło Dom Kultury Budowlanych (obecnie ..."
        },
        "timeline": [
          {
            "year": "1950",
            "event": "budowa osiedla C-2"
          },
          {
            "year": "1958",
            "event": "nadanie nazwy Osiedle Górali"
          }
        ],
        "source": {
          "name": "Encyklopedia Krakowa: Osiedle Górali",
          "url": "https://pl.wikipedia.org/wiki/Osiedle_Górali",
          "label": "Encyklopedia Krakowa"
        },
        "historic_code": "C-2",
        "engineering_features": ""
      }
    },
    {
      "type": "Feature",
      "id": "os_urocze",
      "geometry": {
        "type": "Point",
        "coordinates": [
          20.0301,
          50.0682
        ]
      },
      "properties": {
        "id": "os_urocze",
        "is_landmark": true,
        "landmark_group": "estates",
        "name": {
          "pl": "Osiedle Urocze",
          "en": "Osiedle Urocze",
          "de": "Osiedle Urocze"
        },
        "prefix": {
          "pl": "osiedle",
          "en": "housing estate",
          "de": "Siedlung"
        },
        "full_name": {
          "pl": "Osiedle Urocze",
          "en": "Osiedle Urocze",
          "de": "Osiedle Urocze"
        },
        "district": {
          "pl": "XVIII Nowa Huta",
          "en": "XVIII Nowa Huta",
          "de": "XVIII Nowa Huta"
        },
        "category": {
          "pl": "Miejsca i obiekty",
          "en": "Places and Landmarks",
          "de": "Orte und Wahrzeichen"
        },
        "year": "1950",
        "summary": {
          "pl": "Osiedle Urocze w Krakowie (XVIII Nowa Huta).",
          "en": "Osiedle Urocze in Kraków (XVIII Nowa Huta).",
          "de": "Osiedle Urocze in Krakau (XVIII Nowa Huta)."
        },
        "patron": null,
        "etymology": {
          "pl": "Nowa Huta (Dzielnica XVIII Nowa Huta). Wzniesione w latach 1951–1955 w kwartale pomiędzy ul. Rydza-Śmigłego, al. Andersa i al. Solidarności. Klasyczny przykład socrealistycznego kwartału mieszkaniowego z rozległym wewnętrznym dziedzińcem, na którym ustawiono charakterystyczną fontannę z rzeźbą „Pelikany”. Zabudowa posiada pełne zaplecze usługowo-socjalne, żłobek i przedszkole.",
          "en": "Housing estate 'Osiedle Urocze' in Kraków (XVIII Nowa Huta). Modernist/socrealist urban complex. Nowa Huta (Dzielnica XVIII Nowa Huta). Wzniesione w latach 1951–1955 w kwartale pomiędzy ul. Rydza-Śmigłego, al. Andersa i al. Solidarności....",
          "de": "Wohnsiedlung 'Osiedle Urocze' in Krakau (XVIII Nowa Huta). Urbanistischer Komplex. Nowa Huta (Dzielnica XVIII Nowa Huta). Wzniesione w latach 1951–1955 w kwartale pomiędzy ul. Rydza-Śmigłego, al. Andersa i al. Solidarności...."
        },
        "timeline": [
          {
            "year": "1951",
            "event": "budowa osiedla C-33"
          },
          {
            "year": "1958",
            "event": "nadanie nazwy Osiedle Urocze"
          }
        ],
        "source": {
          "name": "Encyklopedia Krakowa: Osiedle Urocze",
          "url": "https://pl.wikipedia.org/wiki/Osiedle_Urocze",
          "label": "Encyklopedia Krakowa"
        },
        "historic_code": "C-33",
        "engineering_features": ""
      }
    },
    {
      "type": "Feature",
      "id": "os_zielone",
      "geometry": {
        "type": "Point",
        "coordinates": [
          20.0305,
          50.0721
        ]
      },
      "properties": {
        "id": "os_zielone",
        "is_landmark": true,
        "landmark_group": "estates",
        "name": {
          "pl": "Osiedle Zielone",
          "en": "Osiedle Zielone",
          "de": "Osiedle Zielone"
        },
        "prefix": {
          "pl": "osiedle",
          "en": "housing estate",
          "de": "Siedlung"
        },
        "full_name": {
          "pl": "Osiedle Zielone",
          "en": "Osiedle Zielone",
          "de": "Osiedle Zielone"
        },
        "district": {
          "pl": "XVIII Nowa Huta",
          "en": "XVIII Nowa Huta",
          "de": "XVIII Nowa Huta"
        },
        "category": {
          "pl": "Miejsca i obiekty",
          "en": "Places and Landmarks",
          "de": "Orte und Wahrzeichen"
        },
        "year": "1950",
        "summary": {
          "pl": "Osiedle Zielone w Krakowie (XVIII Nowa Huta).",
          "en": "Osiedle Zielone in Kraków (XVIII Nowa Huta).",
          "de": "Osiedle Zielone in Krakau (XVIII Nowa Huta)."
        },
        "patron": null,
        "etymology": {
          "pl": "Nowa Huta (Dzielnica XVIII Nowa Huta). Zrealizowane w latach 1950–1954 w narożniku ulic Rydza-Śmigłego i Struga. Wyróżnia się wyjątkowo wysokim odsetkiem powierzchni biologicznie czynnej, zachowanym starodrzewem dawnej wsi Mogiła/Bieńczyce oraz kameralnymi zieleńcami i ogródkami lokatorskimi na tyłach budynków wielorodzinnych.",
          "en": "Housing estate 'Osiedle Zielone' in Kraków (XVIII Nowa Huta). Modernist/socrealist urban complex. Nowa Huta (Dzielnica XVIII Nowa Huta). Zrealizowane w latach 1950–1954 w narożniku ulic Rydza-Śmigłego i Struga. Wyróżnia się wyjątkowo wyso...",
          "de": "Wohnsiedlung 'Osiedle Zielone' in Krakau (XVIII Nowa Huta). Urbanistischer Komplex. Nowa Huta (Dzielnica XVIII Nowa Huta). Zrealizowane w latach 1950–1954 w narożniku ulic Rydza-Śmigłego i Struga. Wyróżnia się wyjątkowo wyso..."
        },
        "timeline": [
          {
            "year": "1950",
            "event": "budowa osiedla C-3"
          },
          {
            "year": "1958",
            "event": "nadanie nazwy Osiedle Zielone"
          }
        ],
        "source": {
          "name": "Encyklopedia Krakowa: Osiedle Zielone",
          "url": "https://pl.wikipedia.org/wiki/Osiedle_Zielone",
          "label": "Encyklopedia Krakowa"
        },
        "historic_code": "C-3",
        "engineering_features": ""
      }
    },
    {
      "type": "Feature",
      "id": "os_zgody",
      "geometry": {
        "type": "Point",
        "coordinates": [
          20.0245,
          50.0695
        ]
      },
      "properties": {
        "id": "os_zgody",
        "is_landmark": true,
        "landmark_group": "estates",
        "name": {
          "pl": "Osiedle Zgody",
          "en": "Osiedle Zgody",
          "de": "Osiedle Zgody"
        },
        "prefix": {
          "pl": "osiedle",
          "en": "housing estate",
          "de": "Siedlung"
        },
        "full_name": {
          "pl": "Osiedle Zgody",
          "en": "Osiedle Zgody",
          "de": "Osiedle Zgody"
        },
        "district": {
          "pl": "XVIII Nowa Huta",
          "en": "XVIII Nowa Huta",
          "de": "XVIII Nowa Huta"
        },
        "category": {
          "pl": "Miejsca i obiekty",
          "en": "Places and Landmarks",
          "de": "Orte und Wahrzeichen"
        },
        "year": "1950",
        "summary": {
          "pl": "Osiedle Zgody w Krakowie (XVIII Nowa Huta).",
          "en": "Osiedle Zgody in Kraków (XVIII Nowa Huta).",
          "de": "Osiedle Zgody in Krakau (XVIII Nowa Huta)."
        },
        "patron": null,
        "etymology": {
          "pl": "Nowa Huta (Dzielnica XVIII Nowa Huta). Wzniesione w latach 1950–1955 przy Parku Ratuszowym. Początkowo nosiło imię przodownika pracy Wincentego Pstrowskiego. W 1958 r. po odwilży październikowej przemianowane na os. Zgody. Mieści budynek d. kina „Światowid” (obecnie Muzeum Nowej Huty – oddział Muzeum Krakowa) oraz słynny blok mieszkalny „Francuz” (proj. Anny Sierosławskiej i Janusza Ingardena z 1959 r.).",
          "en": "Housing estate 'Osiedle Zgody' in Kraków (XVIII Nowa Huta). Modernist/socrealist urban complex. Nowa Huta (Dzielnica XVIII Nowa Huta). Wzniesione w latach 1950–1955 przy Parku Ratuszowym. Początkowo nosiło imię przodownika pracy Wincent...",
          "de": "Wohnsiedlung 'Osiedle Zgody' in Krakau (XVIII Nowa Huta). Urbanistischer Komplex. Nowa Huta (Dzielnica XVIII Nowa Huta). Wzniesione w latach 1950–1955 przy Parku Ratuszowym. Początkowo nosiło imię przodownika pracy Wincent..."
        },
        "timeline": [
          {
            "year": "1950",
            "event": "budowa osiedla D-Południe (os. Wincentego Pstrowskiego)"
          },
          {
            "year": "1958",
            "event": "przemianowanie na Osiedle Zgody"
          }
        ],
        "source": {
          "name": "Encyklopedia Krakowa: Osiedle Zgody",
          "url": "https://pl.wikipedia.org/wiki/Osiedle_Zgody",
          "label": "Encyklopedia Krakowa"
        },
        "historic_code": "D-Południe (d. Pstrowskiego)",
        "engineering_features": ""
      }
    },
    {
      "type": "Feature",
      "id": "os_sloneczne",
      "geometry": {
        "type": "Point",
        "coordinates": [
          20.0285,
          50.0738
        ]
      },
      "properties": {
        "id": "os_sloneczne",
        "is_landmark": true,
        "landmark_group": "estates",
        "name": {
          "pl": "Osiedle Słoneczne",
          "en": "Osiedle Słoneczne",
          "de": "Osiedle Słoneczne"
        },
        "prefix": {
          "pl": "osiedle",
          "en": "housing estate",
          "de": "Siedlung"
        },
        "full_name": {
          "pl": "Osiedle Słoneczne",
          "en": "Osiedle Słoneczne",
          "de": "Osiedle Słoneczne"
        },
        "district": {
          "pl": "XVIII Nowa Huta",
          "en": "XVIII Nowa Huta",
          "de": "XVIII Nowa Huta"
        },
        "category": {
          "pl": "Miejsca i obiekty",
          "en": "Places and Landmarks",
          "de": "Orte und Wahrzeichen"
        },
        "year": "1950",
        "summary": {
          "pl": "Osiedle Słoneczne w Krakowie (XVIII Nowa Huta).",
          "en": "Osiedle Słoneczne in Kraków (XVIII Nowa Huta).",
          "de": "Osiedle Słoneczne in Krakau (XVIII Nowa Huta)."
        },
        "patron": null,
        "etymology": {
          "pl": "Nowa Huta (Dzielnica XVIII Nowa Huta). Powstało w latach 1951–1955 wzdłuż północnego odcinka al. Róż i Parku Ratuszowego. Charakteryzuje się monumentalnymi podcieniami handlowymi z arkadami i kolumnami od strony al. Róż oraz bogatym układem dziedzińców wewnętrznych z optymalną ekspozycją na stronę południową i wschodnią.",
          "en": "Housing estate 'Osiedle Słoneczne' in Kraków (XVIII Nowa Huta). Modernist/socrealist urban complex. Nowa Huta (Dzielnica XVIII Nowa Huta). Powstało w latach 1951–1955 wzdłuż północnego odcinka al. Róż i Parku Ratuszowego. Charakteryzuje się...",
          "de": "Wohnsiedlung 'Osiedle Słoneczne' in Krakau (XVIII Nowa Huta). Urbanistischer Komplex. Nowa Huta (Dzielnica XVIII Nowa Huta). Powstało w latach 1951–1955 wzdłuż północnego odcinka al. Róż i Parku Ratuszowego. Charakteryzuje się..."
        },
        "timeline": [
          {
            "year": "1951",
            "event": "budowa osiedla D-Północ"
          },
          {
            "year": "1958",
            "event": "nadanie nazwy Osiedle Słoneczne"
          }
        ],
        "source": {
          "name": "Encyklopedia Krakowa: Osiedle Słoneczne",
          "url": "https://pl.wikipedia.org/wiki/Osiedle_Słoneczne",
          "label": "Encyklopedia Krakowa"
        },
        "historic_code": "D-Północ",
        "engineering_features": ""
      }
    },
    {
      "type": "Feature",
      "id": "os_szklane_domy",
      "geometry": {
        "type": "Point",
        "coordinates": [
          20.0261,
          50.0755
        ]
      },
      "properties": {
        "id": "os_szklane_domy",
        "is_landmark": true,
        "landmark_group": "estates",
        "name": {
          "pl": "Osiedle Szklane Domy",
          "en": "Osiedle Szklane Domy",
          "de": "Osiedle Szklane Domy"
        },
        "prefix": {
          "pl": "osiedle",
          "en": "housing estate",
          "de": "Siedlung"
        },
        "full_name": {
          "pl": "Osiedle Szklane Domy",
          "en": "Osiedle Szklane Domy",
          "de": "Osiedle Szklane Domy"
        },
        "district": {
          "pl": "XVIII Nowa Huta",
          "en": "XVIII Nowa Huta",
          "de": "XVIII Nowa Huta"
        },
        "category": {
          "pl": "Miejsca i obiekty",
          "en": "Places and Landmarks",
          "de": "Orte und Wahrzeichen"
        },
        "year": "1950/60",
        "summary": {
          "pl": "Osiedle Szklane Domy w Krakowie (XVIII Nowa Huta).",
          "en": "Osiedle Szklane Domy in Kraków (XVIII Nowa Huta).",
          "de": "Osiedle Szklane Domy in Krakau (XVIII Nowa Huta)."
        },
        "patron": null,
        "etymology": {
          "pl": "Nowa Huta (Dzielnica XVIII Nowa Huta). Zbudowane w latach 1951–1960. Nazwa toponimiczno-literacka nawiązuje bezpośrednio do wizji cywilizacyjnych szklanych domów z powieści Stefana Żeromskiego „Przedwiośnie”. Na osiedlu wzniesiono w 1959 r. kultowy Blok Szwedzki (proj. Janusza i Marty Ingardenów) – jedno z najwybitniejszych dzieł powojennego polskiego modernizmu, o pionierskiej konstrukcji słupowo-ryglowej z betonu komórkowego siporex.",
          "en": "Housing estate 'Osiedle Szklane Domy' in Kraków (XVIII Nowa Huta). Modernist/socrealist urban complex. Nowa Huta (Dzielnica XVIII Nowa Huta). Zbudowane w latach 1951–1960. Nazwa toponimiczno-literacka nawiązuje bezpośrednio do wizji cywilizacy...",
          "de": "Wohnsiedlung 'Osiedle Szklane Domy' in Krakau (XVIII Nowa Huta). Urbanistischer Komplex. Nowa Huta (Dzielnica XVIII Nowa Huta). Zbudowane w latach 1951–1960. Nazwa toponimiczno-literacka nawiązuje bezpośrednio do wizji cywilizacy..."
        },
        "timeline": [
          {
            "year": "1951",
            "event": "budowa osiedla D-Centrum"
          },
          {
            "year": "1958",
            "event": "nadanie nazwy Osiedle Szklane Domy"
          },
          {
            "year": "1959",
            "event": "ukończenie Bloku Szwedzkiego"
          }
        ],
        "source": {
          "name": "Encyklopedia Krakowa: Osiedle Szklane Domy",
          "url": "https://pl.wikipedia.org/wiki/Osiedle_Szklane_Domy",
          "label": "Encyklopedia Krakowa"
        },
        "historic_code": "D-Centrum",
        "engineering_features": ""
      }
    },
    {
      "type": "Feature",
      "id": "os_kolorowe",
      "geometry": {
        "type": "Point",
        "coordinates": [
          20.0325,
          50.0642
        ]
      },
      "properties": {
        "id": "os_kolorowe",
        "is_landmark": true,
        "landmark_group": "estates",
        "name": {
          "pl": "Osiedle Kolorowe",
          "en": "Osiedle Kolorowe",
          "de": "Osiedle Kolorowe"
        },
        "prefix": {
          "pl": "osiedle",
          "en": "housing estate",
          "de": "Siedlung"
        },
        "full_name": {
          "pl": "Osiedle Kolorowe",
          "en": "Osiedle Kolorowe",
          "de": "Osiedle Kolorowe"
        },
        "district": {
          "pl": "XVIII Nowa Huta",
          "en": "XVIII Nowa Huta",
          "de": "XVIII Nowa Huta"
        },
        "category": {
          "pl": "Miejsca i obiekty",
          "en": "Places and Landmarks",
          "de": "Orte und Wahrzeichen"
        },
        "year": "1950/60",
        "summary": {
          "pl": "Osiedle Kolorowe w Krakowie (XVIII Nowa Huta).",
          "en": "Osiedle Kolorowe in Kraków (XVIII Nowa Huta).",
          "de": "Osiedle Kolorowe in Krakau (XVIII Nowa Huta)."
        },
        "patron": null,
        "etymology": {
          "pl": "Nowa Huta (Dzielnica XVIII Nowa Huta). Budowane od 1953 do końca lat 50. XX w. Stanowi unikatowy w skali Nowej Huty etap przejścia od monumentalnego socrealizmu do powojennego modernizmu – bryły bloków uzyskały lżejsze formy, barwne elewacje tynkarskie i loggie. Na terenie osiedla urządzono Park Wiśniowy Sad z plenerową galerią rzeźb modernistycznych („Ryba”, „Syrenka”).",
          "en": "Housing estate 'Osiedle Kolorowe' in Kraków (XVIII Nowa Huta). Modernist/socrealist urban complex. Nowa Huta (Dzielnica XVIII Nowa Huta). Budowane od 1953 do końca lat 50. XX w. Stanowi unikatowy w skali Nowej Huty etap przejścia od monume...",
          "de": "Wohnsiedlung 'Osiedle Kolorowe' in Krakau (XVIII Nowa Huta). Urbanistischer Komplex. Nowa Huta (Dzielnica XVIII Nowa Huta). Budowane od 1953 do końca lat 50. XX w. Stanowi unikatowy w skali Nowej Huty etap przejścia od monume..."
        },
        "timeline": [
          {
            "year": "1953",
            "event": "budowa osiedla C-Południe"
          },
          {
            "year": "1958",
            "event": "nadanie nazwy Osiedle Kolorowe"
          }
        ],
        "source": {
          "name": "Encyklopedia Krakowa: Osiedle Kolorowe",
          "url": "https://pl.wikipedia.org/wiki/Osiedle_Kolorowe",
          "label": "Encyklopedia Krakowa"
        },
        "historic_code": "C-Południe",
        "engineering_features": ""
      }
    },
    {
      "type": "Feature",
      "id": "os_handlowe",
      "geometry": {
        "type": "Point",
        "coordinates": [
          20.0385,
          50.0641
        ]
      },
      "properties": {
        "id": "os_handlowe",
        "is_landmark": true,
        "landmark_group": "estates",
        "name": {
          "pl": "Osiedle Handlowe",
          "en": "Osiedle Handlowe",
          "de": "Osiedle Handlowe"
        },
        "prefix": {
          "pl": "osiedle",
          "en": "housing estate",
          "de": "Siedlung"
        },
        "full_name": {
          "pl": "Osiedle Handlowe",
          "en": "Osiedle Handlowe",
          "de": "Osiedle Handlowe"
        },
        "district": {
          "pl": "XVIII Nowa Huta",
          "en": "XVIII Nowa Huta",
          "de": "XVIII Nowa Huta"
        },
        "category": {
          "pl": "Miejsca i obiekty",
          "en": "Places and Landmarks",
          "de": "Orte und Wahrzeichen"
        },
        "year": "1950/60",
        "summary": {
          "pl": "Osiedle Handlowe w Krakowie (XVIII Nowa Huta).",
          "en": "Osiedle Handlowe in Kraków (XVIII Nowa Huta).",
          "de": "Osiedle Handlowe in Krakau (XVIII Nowa Huta)."
        },
        "patron": null,
        "etymology": {
          "pl": "Nowa Huta (Dzielnica XVIII Nowa Huta). Wybudowane w latach 1952–1957 w narożniku al. Andersa i pl. Centralnego. Zaprojektowane jako główny handlowo-usługowy biegun dzielnicy ze specjalistycznymi domami towarowymi, sklepami spożywczymi i kawiarniami w parterach. Wewnątrz kwartału zlokalizowano tereny rekreacyjne z placówkami opiekuńczymi i szkołą.",
          "en": "Housing estate 'Osiedle Handlowe' in Kraków (XVIII Nowa Huta). Modernist/socrealist urban complex. Nowa Huta (Dzielnica XVIII Nowa Huta). Wybudowane w latach 1952–1957 w narożniku al. Andersa i pl. Centralnego. Zaprojektowane jako główny h...",
          "de": "Wohnsiedlung 'Osiedle Handlowe' in Krakau (XVIII Nowa Huta). Urbanistischer Komplex. Nowa Huta (Dzielnica XVIII Nowa Huta). Wybudowane w latach 1952–1957 w narożniku al. Andersa i pl. Centralnego. Zaprojektowane jako główny h..."
        },
        "timeline": [
          {
            "year": "1952",
            "event": "budowa osiedla D-1"
          },
          {
            "year": "1958",
            "event": "nadanie nazwy Osiedle Handlowe"
          }
        ],
        "source": {
          "name": "Encyklopedia Krakowa: Osiedle Handlowe",
          "url": "https://pl.wikipedia.org/wiki/Osiedle_Handlowe",
          "label": "Encyklopedia Krakowa"
        },
        "historic_code": "D-1",
        "engineering_features": ""
      }
    },
    {
      "type": "Feature",
      "id": "os_spoldzielcze",
      "geometry": {
        "type": "Point",
        "coordinates": [
          20.0289,
          50.0645
        ]
      },
      "properties": {
        "id": "os_spoldzielcze",
        "is_landmark": true,
        "landmark_group": "estates",
        "name": {
          "pl": "Osiedle Spółdzielcze",
          "en": "Osiedle Spółdzielcze",
          "de": "Osiedle Spółdzielcze"
        },
        "prefix": {
          "pl": "osiedle",
          "en": "housing estate",
          "de": "Siedlung"
        },
        "full_name": {
          "pl": "Osiedle Spółdzielcze",
          "en": "Osiedle Spółdzielcze",
          "de": "Osiedle Spółdzielcze"
        },
        "district": {
          "pl": "XVIII Nowa Huta",
          "en": "XVIII Nowa Huta",
          "de": "XVIII Nowa Huta"
        },
        "category": {
          "pl": "Miejsca i obiekty",
          "en": "Places and Landmarks",
          "de": "Orte und Wahrzeichen"
        },
        "year": "1950/60",
        "summary": {
          "pl": "Osiedle Spółdzielcze w Krakowie (XVIII Nowa Huta).",
          "en": "Osiedle Spółdzielcze in Kraków (XVIII Nowa Huta).",
          "de": "Osiedle Spółdzielcze in Krakau (XVIII Nowa Huta)."
        },
        "patron": null,
        "etymology": {
          "pl": "Nowa Huta (Dzielnica XVIII Nowa Huta). Wzniesione w latach 1952–1956 wzdłuż al. Andersa. Zrealizowane w dużej mierze przez spółdzielnie mieszkaniowe pracownicze kombinatu i przedsiębiorstw budowlanych. Charakteryzuje się uporządkowanym, prostopadłym układem bloków z rozległymi strefami zieleni izolacyjnej od ruchliwych arterii komunikacyjnych.",
          "en": "Housing estate 'Osiedle Spółdzielcze' in Kraków (XVIII Nowa Huta). Modernist/socrealist urban complex. Nowa Huta (Dzielnica XVIII Nowa Huta). Wzniesione w latach 1952–1956 wzdłuż al. Andersa. Zrealizowane w dużej mierze przez spółdzielnie mies...",
          "de": "Wohnsiedlung 'Osiedle Spółdzielcze' in Krakau (XVIII Nowa Huta). Urbanistischer Komplex. Nowa Huta (Dzielnica XVIII Nowa Huta). Wzniesione w latach 1952–1956 wzdłuż al. Andersa. Zrealizowane w dużej mierze przez spółdzielnie mies..."
        },
        "timeline": [
          {
            "year": "1952",
            "event": "budowa osiedla C-Zachód"
          },
          {
            "year": "1958",
            "event": "nadanie nazwy Osiedle Spółdzielcze"
          }
        ],
        "source": {
          "name": "Encyklopedia Krakowa: Osiedle Spółdzielcze",
          "url": "https://pl.wikipedia.org/wiki/Osiedle_Spółdzielcze",
          "label": "Encyklopedia Krakowa"
        },
        "historic_code": "C-Zachód",
        "engineering_features": ""
      }
    },
    {
      "type": "Feature",
      "id": "os_centrum_a",
      "geometry": {
        "type": "Point",
        "coordinates": [
          20.0388,
          50.0672
        ]
      },
      "properties": {
        "id": "os_centrum_a",
        "is_landmark": true,
        "landmark_group": "estates",
        "name": {
          "pl": "Osiedle Centrum A",
          "en": "Osiedle Centrum A",
          "de": "Osiedle Centrum A"
        },
        "prefix": {
          "pl": "osiedle",
          "en": "housing estate",
          "de": "Siedlung"
        },
        "full_name": {
          "pl": "Osiedle Centrum A",
          "en": "Osiedle Centrum A",
          "de": "Osiedle Centrum A"
        },
        "district": {
          "pl": "XVIII Nowa Huta",
          "en": "XVIII Nowa Huta",
          "de": "XVIII Nowa Huta"
        },
        "category": {
          "pl": "Miejsca i obiekty",
          "en": "Places and Landmarks",
          "de": "Orte und Wahrzeichen"
        },
        "year": "1950",
        "summary": {
          "pl": "Osiedle Centrum A w Krakowie (XVIII Nowa Huta).",
          "en": "Osiedle Centrum A in Kraków (XVIII Nowa Huta).",
          "de": "Osiedle Centrum A in Krakau (XVIII Nowa Huta)."
        },
        "patron": null,
        "etymology": {
          "pl": "Plac Centralny / Nowa Huta (Dzielnica XVIII Nowa Huta). Północno-wschodnia pierzeja Placu Centralnego im. Ronalda Reagana. Wytyczona w 1953 r. według generalnego projektu Tadeusza Ptaszyckiego, Bolesława Skrzybłockiego i zespołu. Monumentalna zabudowa o pałacowych proporcjach z renesansowo-klasycystycznymi attykami, gzymsami i dwukondygnacyjnymi arkadowymi podcieniami handlowymi. Wpisana wraz z całym układem urbanistycznym do rejestru zabytków (A-1132).",
          "en": "Housing estate 'Osiedle Centrum A' in Kraków (XVIII Nowa Huta). Modernist/socrealist urban complex. Plac Centralny / Nowa Huta (Dzielnica XVIII Nowa Huta). Północno-wschodnia pierzeja Placu Centralnego im. Ronalda Reagana. Wytyczona w 1953 ...",
          "de": "Wohnsiedlung 'Osiedle Centrum A' in Krakau (XVIII Nowa Huta). Urbanistischer Komplex. Plac Centralny / Nowa Huta (Dzielnica XVIII Nowa Huta). Północno-wschodnia pierzeja Placu Centralnego im. Ronalda Reagana. Wytyczona w 1953 ..."
        },
        "timeline": [
          {
            "year": "1953",
            "event": "wytyczenie Placu Centralnego i sektora A"
          },
          {
            "year": "1959",
            "event": "ukończenie monumentalnych podcieni"
          }
        ],
        "source": {
          "name": "Encyklopedia Krakowa: Osiedle Centrum A",
          "url": "https://pl.wikipedia.org/wiki/Osiedle_Centrum_A",
          "label": "Encyklopedia Krakowa"
        },
        "historic_code": "Sektor A",
        "engineering_features": ""
      }
    },
    {
      "type": "Feature",
      "id": "os_centrum_b",
      "geometry": {
        "type": "Point",
        "coordinates": [
          20.0348,
          50.0671
        ]
      },
      "properties": {
        "id": "os_centrum_b",
        "is_landmark": true,
        "landmark_group": "estates",
        "name": {
          "pl": "Osiedle Centrum B",
          "en": "Osiedle Centrum B",
          "de": "Osiedle Centrum B"
        },
        "prefix": {
          "pl": "osiedle",
          "en": "housing estate",
          "de": "Siedlung"
        },
        "full_name": {
          "pl": "Osiedle Centrum B",
          "en": "Osiedle Centrum B",
          "de": "Osiedle Centrum B"
        },
        "district": {
          "pl": "XVIII Nowa Huta",
          "en": "XVIII Nowa Huta",
          "de": "XVIII Nowa Huta"
        },
        "category": {
          "pl": "Miejsca i obiekty",
          "en": "Places and Landmarks",
          "de": "Orte und Wahrzeichen"
        },
        "year": "1950",
        "summary": {
          "pl": "Osiedle Centrum B w Krakowie (XVIII Nowa Huta).",
          "en": "Osiedle Centrum B in Kraków (XVIII Nowa Huta).",
          "de": "Osiedle Centrum B in Krakau (XVIII Nowa Huta)."
        },
        "patron": null,
        "etymology": {
          "pl": "Plac Centralny / Nowa Huta (Dzielnica XVIII Nowa Huta). Północno-zachodnia pierzeja Placu Centralnego im. Ronalda Reagana. Zrealizowana w latach 1953–1959 według koncepcji Tadeusza Ptaszyckiego. Stanowi kanon polskiej architektury realizmu socjalistycznego – monumentalne bryły z arkadami i podcieniami mieszczącymi reprezentacyjne księgarnie, kawiarnie (m.in. kultową „Stylową”) oraz sklepy jubilerskie.",
          "en": "Housing estate 'Osiedle Centrum B' in Kraków (XVIII Nowa Huta). Modernist/socrealist urban complex. Plac Centralny / Nowa Huta (Dzielnica XVIII Nowa Huta). Północno-zachodnia pierzeja Placu Centralnego im. Ronalda Reagana. Zrealizowana w la...",
          "de": "Wohnsiedlung 'Osiedle Centrum B' in Krakau (XVIII Nowa Huta). Urbanistischer Komplex. Plac Centralny / Nowa Huta (Dzielnica XVIII Nowa Huta). Północno-zachodnia pierzeja Placu Centralnego im. Ronalda Reagana. Zrealizowana w la..."
        },
        "timeline": [
          {
            "year": "1953",
            "event": "wytyczenie Placu Centralnego i sektora B"
          },
          {
            "year": "1959",
            "event": "ukończenie monumentalnych podcieni"
          }
        ],
        "source": {
          "name": "Encyklopedia Krakowa: Osiedle Centrum B",
          "url": "https://pl.wikipedia.org/wiki/Osiedle_Centrum_B",
          "label": "Encyklopedia Krakowa"
        },
        "historic_code": "Sektor B",
        "engineering_features": ""
      }
    },
    {
      "type": "Feature",
      "id": "os_centrum_c",
      "geometry": {
        "type": "Point",
        "coordinates": [
          20.0352,
          50.0712
        ]
      },
      "properties": {
        "id": "os_centrum_c",
        "is_landmark": true,
        "landmark_group": "estates",
        "name": {
          "pl": "Osiedle Centrum C",
          "en": "Osiedle Centrum C",
          "de": "Osiedle Centrum C"
        },
        "prefix": {
          "pl": "osiedle",
          "en": "housing estate",
          "de": "Siedlung"
        },
        "full_name": {
          "pl": "Osiedle Centrum C",
          "en": "Osiedle Centrum C",
          "de": "Osiedle Centrum C"
        },
        "district": {
          "pl": "XVIII Nowa Huta",
          "en": "XVIII Nowa Huta",
          "de": "XVIII Nowa Huta"
        },
        "category": {
          "pl": "Miejsca i obiekty",
          "en": "Places and Landmarks",
          "de": "Orte und Wahrzeichen"
        },
        "year": "1950",
        "summary": {
          "pl": "Osiedle Centrum C w Krakowie (XVIII Nowa Huta).",
          "en": "Osiedle Centrum C in Kraków (XVIII Nowa Huta).",
          "de": "Osiedle Centrum C in Krakau (XVIII Nowa Huta)."
        },
        "patron": null,
        "etymology": {
          "pl": "Plac Centralny / Nowa Huta (Dzielnica XVIII Nowa Huta). Południowo-zachodni narożnik Placu Centralnego im. Ronalda Reagana. Zbudowany w latach 1953–1958, z monumentalną pierzeją otwierającą się na południe ku rezerwatowi przyrody Łąki Nowohuckie i panoramie pradoliny Wisły. Mieścił m.in. słynną restaurację i kawiarnię „Arkadia” oraz centralne punkty usługowe.",
          "en": "Housing estate 'Osiedle Centrum C' in Kraków (XVIII Nowa Huta). Modernist/socrealist urban complex. Plac Centralny / Nowa Huta (Dzielnica XVIII Nowa Huta). Południowo-zachodni narożnik Placu Centralnego im. Ronalda Reagana. Zbudowany w lata...",
          "de": "Wohnsiedlung 'Osiedle Centrum C' in Krakau (XVIII Nowa Huta). Urbanistischer Komplex. Plac Centralny / Nowa Huta (Dzielnica XVIII Nowa Huta). Południowo-zachodni narożnik Placu Centralnego im. Ronalda Reagana. Zbudowany w lata..."
        },
        "timeline": [
          {
            "year": "1953",
            "event": "wytyczenie Placu Centralnego i sektora C"
          },
          {
            "year": "1959",
            "event": "ukończenie monumentalnych podcieni"
          }
        ],
        "source": {
          "name": "Encyklopedia Krakowa: Osiedle Centrum C",
          "url": "https://pl.wikipedia.org/wiki/Osiedle_Centrum_C",
          "label": "Encyklopedia Krakowa"
        },
        "historic_code": "Sektor C",
        "engineering_features": ""
      }
    },
    {
      "type": "Feature",
      "id": "os_centrum_d",
      "geometry": {
        "type": "Point",
        "coordinates": [
          20.0392,
          50.0715
        ]
      },
      "properties": {
        "id": "os_centrum_d",
        "is_landmark": true,
        "landmark_group": "estates",
        "name": {
          "pl": "Osiedle Centrum D",
          "en": "Osiedle Centrum D",
          "de": "Osiedle Centrum D"
        },
        "prefix": {
          "pl": "osiedle",
          "en": "housing estate",
          "de": "Siedlung"
        },
        "full_name": {
          "pl": "Osiedle Centrum D",
          "en": "Osiedle Centrum D",
          "de": "Osiedle Centrum D"
        },
        "district": {
          "pl": "XVIII Nowa Huta",
          "en": "XVIII Nowa Huta",
          "de": "XVIII Nowa Huta"
        },
        "category": {
          "pl": "Miejsca i obiekty",
          "en": "Places and Landmarks",
          "de": "Orte und Wahrzeichen"
        },
        "year": "1950/70",
        "summary": {
          "pl": "Osiedle Centrum D w Krakowie (XVIII Nowa Huta).",
          "en": "Osiedle Centrum D in Kraków (XVIII Nowa Huta).",
          "de": "Osiedle Centrum D in Krakau (XVIII Nowa Huta)."
        },
        "patron": null,
        "etymology": {
          "pl": "Plac Centralny / Nowa Huta (Dzielnica XVIII Nowa Huta). Południowo-wschodni narożnik Placu Centralnego im. Ronalda Reagana. Początkowo planowano tu budowę monumentalnego gmachu Teatru Miejskiego, ostatecznie zrealizowano w latach 60. i 70. XX w. unikatowy zespół modernistyczny projektu Romualda Loeglera i Janusza Ingardena z wieżowcem mieszkalno-usługowym zwanym „Światowidem” lub „Helikopterem” oraz nowatorskimi blokami tarasowymi.",
          "en": "Housing estate 'Osiedle Centrum D' in Kraków (XVIII Nowa Huta). Modernist/socrealist urban complex. Plac Centralny / Nowa Huta (Dzielnica XVIII Nowa Huta). Południowo-wschodni narożnik Placu Centralnego im. Ronalda Reagana. Początkowo plano...",
          "de": "Wohnsiedlung 'Osiedle Centrum D' in Krakau (XVIII Nowa Huta). Urbanistischer Komplex. Plac Centralny / Nowa Huta (Dzielnica XVIII Nowa Huta). Południowo-wschodni narożnik Placu Centralnego im. Ronalda Reagana. Początkowo plano..."
        },
        "timeline": [
          {
            "year": "1953",
            "event": "wytyczenie Placu Centralnego i sektora D"
          }
        ],
        "source": {
          "name": "Encyklopedia Krakowa: Osiedle Centrum D",
          "url": "https://pl.wikipedia.org/wiki/Osiedle_Centrum_D",
          "label": "Encyklopedia Krakowa"
        },
        "historic_code": "Sektor D",
        "engineering_features": ""
      }
    },
    {
      "type": "Feature",
      "id": "os_2_pulku_lotniczego",
      "geometry": {
        "type": "Point",
        "coordinates": [
          20.007208,
          50.077641
        ]
      },
      "properties": {
        "id": "os_2_pulku_lotniczego",
        "is_landmark": true,
        "landmark_group": "estates",
        "name": {
          "pl": "Osiedle 2 Pułku Lotniczego",
          "en": "Osiedle 2 Pułku Lotniczego",
          "de": "Osiedle 2 Pułku Lotniczego"
        },
        "prefix": {
          "pl": "osiedle",
          "en": "housing estate",
          "de": "Siedlung"
        },
        "full_name": {
          "pl": "Osiedle 2 Pułku Lotniczego",
          "en": "Osiedle 2 Pułku Lotniczego",
          "de": "Osiedle 2 Pułku Lotniczego"
        },
        "district": {
          "pl": "XIV Czyżyny",
          "en": "XIV Czyżyny",
          "de": "XIV Czyżyny"
        },
        "category": {
          "pl": "Miejsca i obiekty",
          "en": "Places and Landmarks",
          "de": "Orte und Wahrzeichen"
        },
        "year": "1970/80",
        "summary": {
          "pl": "Osiedle 2 Pułku Lotniczego w Krakowie (XIV Czyżyny).",
          "en": "Osiedle 2 Pułku Lotniczego in Kraków (XIV Czyżyny).",
          "de": "Osiedle 2 Pułku Lotniczego in Krakau (XIV Czyżyny)."
        },
        "patron": null,
        "etymology": {
          "pl": "Czyżyny (Dzielnica XIV Czyżyny). Wzniesione na przełomie lat 70. i 80. XX w. w technologii wielkiej płyty na terenach dawnego historycznego lotniska Kraków-Rakowice-Czyżyny (jednego z najstarszych w Europie, czynnego 1912–1963). Nazwa upamiętnia 2 Pułk Lotniczy Wojska Polskiego stacjonujący tu w latach 1921–1939, którego lotnicy walczyli bohatersko we wrześniu 1939 r. Główna oś osiedla przebiega wzdłuż zachowanego betonowego pasa startowego.",
          "en": "Housing estate 'Osiedle 2 Pułku Lotniczego' in Kraków (XIV Czyżyny). Modernist/socrealist urban complex. Czyżyny (Dzielnica XIV Czyżyny). Wzniesione na przełomie lat 70. i 80. XX w. w technologii wielkiej płyty na terenach dawnego historycznego ...",
          "de": "Wohnsiedlung 'Osiedle 2 Pułku Lotniczego' in Krakau (XIV Czyżyny). Urbanistischer Komplex. Czyżyny (Dzielnica XIV Czyżyny). Wzniesione na przełomie lat 70. i 80. XX w. w technologii wielkiej płyty na terenach dawnego historycznego ..."
        },
        "timeline": [
          {
            "year": "1978",
            "event": "rozpoczęcie budowy na płycie dawnego lotniska"
          },
          {
            "year": "1982",
            "event": "nadanie nazwy Osiedle 2 Pułku Lotniczego"
          }
        ],
        "source": {
          "name": "Encyklopedia Krakowa: Osiedle 2 Pułku Lotniczego",
          "url": "https://pl.wikipedia.org/wiki/Osiedle_2_Pułku_Lotniczego",
          "label": "Encyklopedia Krakowa"
        },
        "historic_code": "Czyżyny Zachód",
        "engineering_features": ""
      }
    },
    {
      "type": "Feature",
      "id": "os_dywizjonu_303",
      "geometry": {
        "type": "Point",
        "coordinates": [
          20.006742,
          50.084815
        ]
      },
      "properties": {
        "id": "os_dywizjonu_303",
        "is_landmark": true,
        "landmark_group": "estates",
        "name": {
          "pl": "Osiedle Dywizjonu 303",
          "en": "Osiedle Dywizjonu 303",
          "de": "Osiedle Dywizjonu 303"
        },
        "prefix": {
          "pl": "osiedle",
          "en": "housing estate",
          "de": "Siedlung"
        },
        "full_name": {
          "pl": "Osiedle Dywizjonu 303",
          "en": "Osiedle Dywizjonu 303",
          "de": "Osiedle Dywizjonu 303"
        },
        "district": {
          "pl": "XIV Czyżyny",
          "en": "XIV Czyżyny",
          "de": "XIV Czyżyny"
        },
        "category": {
          "pl": "Miejsca i obiekty",
          "en": "Places and Landmarks",
          "de": "Orte und Wahrzeichen"
        },
        "year": "1970/80",
        "summary": {
          "pl": "Osiedle Dywizjonu 303 w Krakowie (XIV Czyżyny).",
          "en": "Osiedle Dywizjonu 303 in Kraków (XIV Czyżyny).",
          "de": "Osiedle Dywizjonu 303 in Krakau (XIV Czyżyny)."
        },
        "patron": null,
        "etymology": {
          "pl": "Czyżyny (Dzielnica XIV Czyżyny). Powstało w latach 1977–1983 według projektu zespołu Leszka Filara. Zbudowane w sąsiedztwie Parku Lotników Polskich i Muzeum Lotnictwa Polskiego. Nazwa upamiętnia elitarny 303 Dywizjon Myśliwski Warszawski im. Tadeusza Kościuszki, najskuteczniejszą jednostkę myśliwską aliantów w Bitwie o Anglię w 1940 r.",
          "en": "Housing estate 'Osiedle Dywizjonu 303' in Kraków (XIV Czyżyny). Modernist/socrealist urban complex. Czyżyny (Dzielnica XIV Czyżyny). Powstało w latach 1977–1983 według projektu zespołu Leszka Filara. Zbudowane w sąsiedztwie Parku Lotników P...",
          "de": "Wohnsiedlung 'Osiedle Dywizjonu 303' in Krakau (XIV Czyżyny). Urbanistischer Komplex. Czyżyny (Dzielnica XIV Czyżyny). Powstało w latach 1977–1983 według projektu zespołu Leszka Filara. Zbudowane w sąsiedztwie Parku Lotników P..."
        },
        "timeline": [
          {
            "year": "1977",
            "event": "rozpoczęcie realizacji osiedla wielkopłytowego"
          },
          {
            "year": "1980",
            "event": "nadanie nazwy Osiedle Dywizjonu 303"
          }
        ],
        "source": {
          "name": "Encyklopedia Krakowa: Osiedle Dywizjonu 303",
          "url": "https://pl.wikipedia.org/wiki/Osiedle_Dywizjonu_303",
          "label": "Encyklopedia Krakowa"
        },
        "historic_code": "Czyżyny Północ",
        "engineering_features": ""
      }
    },
    {
      "type": "Feature",
      "id": "os_akademickie",
      "geometry": {
        "type": "Point",
        "coordinates": [
          19.994655,
          50.085244
        ]
      },
      "properties": {
        "id": "os_akademickie",
        "is_landmark": true,
        "landmark_group": "estates",
        "name": {
          "pl": "Osiedle Akademickie",
          "en": "Osiedle Akademickie",
          "de": "Osiedle Akademickie"
        },
        "prefix": {
          "pl": "osiedle",
          "en": "housing estate",
          "de": "Siedlung"
        },
        "full_name": {
          "pl": "Osiedle Akademickie",
          "en": "Osiedle Akademickie",
          "de": "Osiedle Akademickie"
        },
        "district": {
          "pl": "XIV Czyżyny",
          "en": "XIV Czyżyny",
          "de": "XIV Czyżyny"
        },
        "category": {
          "pl": "Miejsca i obiekty",
          "en": "Places and Landmarks",
          "de": "Orte und Wahrzeichen"
        },
        "year": "1970",
        "summary": {
          "pl": "Osiedle Akademickie w Krakowie (XIV Czyżyny).",
          "en": "Osiedle Akademickie in Kraków (XIV Czyżyny).",
          "de": "Osiedle Akademickie in Krakau (XIV Czyżyny)."
        },
        "patron": null,
        "etymology": {
          "pl": "Czyżyny (Dzielnica XIV Czyżyny). Zaprojektowane i wzniesione w latach 70. XX w. jako miasteczko akademickie Politechniki Krakowskiej im. Tadeusza Kościuszki w Czyżynach przy al. Jana Pawła II. Zespół obejmuje wysokie domy studenckie, kultowy klub studencki „Kwadrat”, obiekty sportowe oraz nowoczesne zaplecze dydaktyczno-laboratoryjne Wydziału Mechanicznego Politechniki Krakowskiej.",
          "en": "Housing estate 'Osiedle Akademickie' in Kraków (XIV Czyżyny). Modernist/socrealist urban complex. Czyżyny (Dzielnica XIV Czyżyny). Zaprojektowane i wzniesione w latach 70. XX w. jako miasteczko akademickie Politechniki Krakowskiej im. Tad...",
          "de": "Wohnsiedlung 'Osiedle Akademickie' in Krakau (XIV Czyżyny). Urbanistischer Komplex. Czyżyny (Dzielnica XIV Czyżyny). Zaprojektowane i wzniesione w latach 70. XX w. jako miasteczko akademickie Politechniki Krakowskiej im. Tad..."
        },
        "timeline": [],
        "source": {
          "name": "Encyklopedia Krakowa: Osiedle Akademickie",
          "url": "https://pl.wikipedia.org/wiki/Osiedle_Akademickie_(Krak%C3%B3w",
          "label": "Encyklopedia Krakowa"
        },
        "historic_code": "Miasteczko PK",
        "engineering_features": ""
      }
    },
    {
      "type": "Feature",
      "id": "os_kosciuszkowskie",
      "geometry": {
        "type": "Point",
        "coordinates": [
          20.013952,
          50.082842
        ]
      },
      "properties": {
        "id": "os_kosciuszkowskie",
        "is_landmark": true,
        "landmark_group": "estates",
        "name": {
          "pl": "Osiedle Kościuszkowskie",
          "en": "Osiedle Kościuszkowskie",
          "de": "Osiedle Kościuszkowskie"
        },
        "prefix": {
          "pl": "osiedle",
          "en": "housing estate",
          "de": "Siedlung"
        },
        "full_name": {
          "pl": "Osiedle Kościuszkowskie",
          "en": "Osiedle Kościuszkowskie",
          "de": "Osiedle Kościuszkowskie"
        },
        "district": {
          "pl": "XVI Bieńczyce",
          "en": "XVI Bieńczyce",
          "de": "XVI Bieńczyce"
        },
        "category": {
          "pl": "Postacie historyczne",
          "en": "Historical Figures",
          "de": "Historische Persönlichkeiten"
        },
        "year": "1960/70",
        "summary": {
          "pl": "Osiedle Kościuszkowskie w Krakowie (XVI Bieńczyce).",
          "en": "Osiedle Kościuszkowskie in Kraków (XVI Bieńczyce).",
          "de": "Osiedle Kościuszkowskie in Krakau (XVI Bieńczyce)."
        },
        "patron": {
          "name": "Tadeusz Kościuszko",
          "role": {
            "pl": "Patron: Tadeusz Kościuszko",
            "en": "Patron: Tadeusz Kościuszko",
            "de": "Patron: Tadeusz Kościuszko"
          },
          "image": "https://commons.wikimedia.org/wiki/Special:FilePath/Tadevu%C5%A1%20Ka%C5%9Bciu%C5%A1ka.%20%D0%A2%D0%B0%D0%B4%D1%8D%D0%B2%D1%83%D1%88%20%D0%9A%D0%B0%D1%81%D1%8C%D1%86%D1%8E%D1%88%D0%BA%D0%B0%20%28J.%20Grassi%2C%201792%29.jpg?width=360"
        },
        "etymology": {
          "pl": "Bieńczyce (Dzielnica XVI Bieńczyce). Wzniesione w latach 1966–1972 według projektu Małgorzaty i Jana Budziłów w ramach wielkiego pasmowego założenia urbanistycznego Bieńczyc. Zbudowane w technologii wielkopłytowej z centralnym pasem zieleni pieszej biegnącym ku dolinie Dłubni. Patronem osiedla jest Tadeusz Kościuszko (1746–1817) – Najwyższy Naczelnik Siły Zbrojnej Narodowej w insurekcji 1794 r., generał wojsk polskich i amerykańskich, bohater walk o niepodległość obu narodów, ściśle związany z Krakowem przysięgą na Rynku Głównym.",
          "en": "Housing estate 'Osiedle Kościuszkowskie' in Kraków (XVI Bieńczyce). Modernist/socrealist urban complex. Bieńczyce (Dzielnica XVI Bieńczyce). Wzniesione w latach 1966–1972 według projektu Małgorzaty i Jana Budziłów w ramach wielkiego pasmowego z...",
          "de": "Wohnsiedlung 'Osiedle Kościuszkowskie' in Krakau (XVI Bieńczyce). Urbanistischer Komplex. Bieńczyce (Dzielnica XVI Bieńczyce). Wzniesione w latach 1966–1972 według projektu Małgorzaty i Jana Budziłów w ramach wielkiego pasmowego z..."
        },
        "timeline": [],
        "source": {
          "name": "Encyklopedia Krakowa: Osiedle Kościuszkowskie",
          "url": "https://pl.wikipedia.org/wiki/Osiedle_Kościuszkowskie",
          "label": "Encyklopedia Krakowa"
        },
        "historic_code": "Bieńczyce B-1",
        "engineering_features": ""
      }
    },
    {
      "type": "Feature",
      "id": "os_albertynskie",
      "geometry": {
        "type": "Point",
        "coordinates": [
          20.017628,
          50.081431
        ]
      },
      "properties": {
        "id": "os_albertynskie",
        "is_landmark": true,
        "landmark_group": "estates",
        "name": {
          "pl": "Osiedle Albertyńskie",
          "en": "Osiedle Albertyńskie",
          "de": "Osiedle Albertyńskie"
        },
        "prefix": {
          "pl": "osiedle",
          "en": "housing estate",
          "de": "Siedlung"
        },
        "full_name": {
          "pl": "Osiedle Albertyńskie",
          "en": "Osiedle Albertyńskie",
          "de": "Osiedle Albertyńskie"
        },
        "district": {
          "pl": "XVI Bieńczyce",
          "en": "XVI Bieńczyce",
          "de": "XVI Bieńczyce"
        },
        "category": {
          "pl": "Postacie historyczne",
          "en": "Historical Figures",
          "de": "Historische Persönlichkeiten"
        },
        "year": "1960/70",
        "summary": {
          "pl": "Osiedle Albertyńskie w Krakowie (XVI Bieńczyce).",
          "en": "Osiedle Albertyńskie in Kraków (XVI Bieńczyce).",
          "de": "Osiedle Albertyńskie in Krakau (XVI Bieńczyce)."
        },
        "patron": {
          "name": "Święty Brat Albert Chmielowski",
          "role": {
            "pl": "Patron: Święty Brat Albert Chmielowski",
            "en": "Patron: Święty Brat Albert Chmielowski",
            "de": "Patron: Święty Brat Albert Chmielowski"
          },
          "image": "https://commons.wikimedia.org/wiki/Special:FilePath/Brat%20Albert.png?width=360"
        },
        "etymology": {
          "pl": "Bieńczyce (Dzielnica XVI Bieńczyce). Powstało w latach 1967–1973. Do 1991 r. nosiło propagandową nazwę Osiedle XX-lecia PRL. Na mocy uchwały dekomunizacyjnej RMK z 1991 r. przemianowane na cześć św. Brata Alberta (Adama Chmielowskiego, 1845–1916) – powstańca styczniowego, wybitnego malarza, tercjarza franciszkańskiego, założyciela zgromadzeń albertynów i albertynek, który poświęcił życie bezdomnym i najuboższym w krakowskich przytuliskach. Kanonizowany w Krakowie w 1989 r.",
          "en": "Housing estate 'Osiedle Albertyńskie' in Kraków (XVI Bieńczyce). Modernist/socrealist urban complex. Bieńczyce (Dzielnica XVI Bieńczyce). Powstało w latach 1967–1973. Do 1991 r. nosiło propagandową nazwę Osiedle XX-lecia PRL. Na mocy uchwały...",
          "de": "Wohnsiedlung 'Osiedle Albertyńskie' in Krakau (XVI Bieńczyce). Urbanistischer Komplex. Bieńczyce (Dzielnica XVI Bieńczyce). Powstało w latach 1967–1973. Do 1991 r. nosiło propagandową nazwę Osiedle XX-lecia PRL. Na mocy uchwały..."
        },
        "timeline": [
          {
            "year": "1968",
            "event": "Osiedle XX-lecia PRL"
          },
          {
            "year": "1991",
            "event": "Osiedle Albertyńskie (dekomunizacja 1991)"
          }
        ],
        "source": {
          "name": "Encyklopedia Krakowa: Osiedle Albertyńskie",
          "url": "https://pl.wikipedia.org/wiki/Osiedle_Albertyńskie",
          "label": "Encyklopedia Krakowa"
        },
        "historic_code": "Bieńczyce B-2 (d. XX-lecia PRL)",
        "engineering_features": ""
      }
    },
    {
      "type": "Feature",
      "id": "os_jagiellonskie",
      "geometry": {
        "type": "Point",
        "coordinates": [
          20.02411,
          50.088119
        ]
      },
      "properties": {
        "id": "os_jagiellonskie",
        "is_landmark": true,
        "landmark_group": "estates",
        "name": {
          "pl": "Osiedle Jagiellońskie",
          "en": "Osiedle Jagiellońskie",
          "de": "Osiedle Jagiellońskie"
        },
        "prefix": {
          "pl": "osiedle",
          "en": "housing estate",
          "de": "Siedlung"
        },
        "full_name": {
          "pl": "Osiedle Jagiellońskie",
          "en": "Osiedle Jagiellońskie",
          "de": "Osiedle Jagiellońskie"
        },
        "district": {
          "pl": "XVI Bieńczyce",
          "en": "XVI Bieńczyce",
          "de": "XVI Bieńczyce"
        },
        "category": {
          "pl": "Miejsca i obiekty",
          "en": "Places and Landmarks",
          "de": "Orte und Wahrzeichen"
        },
        "year": "1960",
        "summary": {
          "pl": "Osiedle Jagiellońskie w Krakowie (XVI Bieńczyce).",
          "en": "Osiedle Jagiellońskie in Kraków (XVI Bieńczyce).",
          "de": "Osiedle Jagiellońskie in Krakau (XVI Bieńczyce)."
        },
        "patron": null,
        "etymology": {
          "pl": "Bieńczyce (Dzielnica XVI Bieńczyce). Pierwsze wybudowane osiedle Bieńczyc, powstałe w latach 1963–1968 według projektu Jadwigi Guzickiej. Nazwa honoruje dynastię Jagiellonów panującą w Polsce i na Litwie w latach 1386–1572 – okres największego rozkwitu politycznego, kulturalnego i terytorialnego państwa ze stolicą na Wawelu.",
          "en": "Housing estate 'Osiedle Jagiellońskie' in Kraków (XVI Bieńczyce). Modernist/socrealist urban complex. Bieńczyce (Dzielnica XVI Bieńczyce). Pierwsze wybudowane osiedle Bieńczyc, powstałe w latach 1963–1968 według projektu Jadwigi Guzickiej. Na...",
          "de": "Wohnsiedlung 'Osiedle Jagiellońskie' in Krakau (XVI Bieńczyce). Urbanistischer Komplex. Bieńczyce (Dzielnica XVI Bieńczyce). Pierwsze wybudowane osiedle Bieńczyc, powstałe w latach 1963–1968 według projektu Jadwigi Guzickiej. Na..."
        },
        "timeline": [
          {
            "year": "1963",
            "event": "rozpoczęcie budowy osiedla Bieńczyce A"
          },
          {
            "year": "1967",
            "event": "nadanie nazwy Osiedle Jagiellońskie"
          }
        ],
        "source": {
          "name": "Encyklopedia Krakowa: Osiedle Jagiellońskie",
          "url": "https://pl.wikipedia.org/wiki/Osiedle_Jagiellońskie",
          "label": "Encyklopedia Krakowa"
        },
        "historic_code": "Bieńczyce A",
        "engineering_features": ""
      }
    },
    {
      "type": "Feature",
      "id": "os_kazimierzowskie",
      "geometry": {
        "type": "Point",
        "coordinates": [
          20.023475,
          50.085274
        ]
      },
      "properties": {
        "id": "os_kazimierzowskie",
        "is_landmark": true,
        "landmark_group": "estates",
        "name": {
          "pl": "Osiedle Kazimierzowskie",
          "en": "Osiedle Kazimierzowskie",
          "de": "Osiedle Kazimierzowskie"
        },
        "prefix": {
          "pl": "osiedle",
          "en": "housing estate",
          "de": "Siedlung"
        },
        "full_name": {
          "pl": "Osiedle Kazimierzowskie",
          "en": "Osiedle Kazimierzowskie",
          "de": "Osiedle Kazimierzowskie"
        },
        "district": {
          "pl": "XVI Bieńczyce",
          "en": "XVI Bieńczyce",
          "de": "XVI Bieńczyce"
        },
        "category": {
          "pl": "Postacie historyczne",
          "en": "Historical Figures",
          "de": "Historische Persönlichkeiten"
        },
        "year": "1960/70",
        "summary": {
          "pl": "Osiedle Kazimierzowskie w Krakowie (XVI Bieńczyce).",
          "en": "Osiedle Kazimierzowskie in Kraków (XVI Bieńczyce).",
          "de": "Osiedle Kazimierzowskie in Krakau (XVI Bieńczyce)."
        },
        "patron": {
          "name": "Kazimierz III Wielki",
          "role": {
            "pl": "Patron: Kazimierz III Wielki",
            "en": "Patron: Kazimierz III Wielki",
            "de": "Patron: Kazimierz III Wielki"
          },
          "image": "https://commons.wikimedia.org/wiki/Special:FilePath/Kazimierz_III_Wielki.PNG?width=360"
        },
        "etymology": {
          "pl": "Bieńczyce (Dzielnica XVI Bieńczyce). Zrealizowane w latach 1966–1972 według projektu Małgorzaty i Jana Budziłów. Charakteryzuje się unikatowymi w skali Krakowa wielosegmentowymi, załamanymi blokami mieszkalnymi (tzw. falowcami). Patronem jest Kazimierz III Wielki (1310–1370) – ostatni król Polski z dynastii Piastów, kodyfikator praw, fundator Uniwersytetu Krakowskiego w 1364 r., monarcha, który „zastał Polskę drewnianą, a zostawił murowaną”.",
          "en": "Housing estate 'Osiedle Kazimierzowskie' in Kraków (XVI Bieńczyce). Modernist/socrealist urban complex. Bieńczyce (Dzielnica XVI Bieńczyce). Zrealizowane w latach 1966–1972 według projektu Małgorzaty i Jana Budziłów. Charakteryzuje się unikatow...",
          "de": "Wohnsiedlung 'Osiedle Kazimierzowskie' in Krakau (XVI Bieńczyce). Urbanistischer Komplex. Bieńczyce (Dzielnica XVI Bieńczyce). Zrealizowane w latach 1966–1972 według projektu Małgorzaty i Jana Budziłów. Charakteryzuje się unikatow..."
        },
        "timeline": [],
        "source": {
          "name": "Encyklopedia Krakowa: Osiedle Kazimierzowskie",
          "url": "https://pl.wikipedia.org/wiki/Osiedle_Kazimierzowskie",
          "label": "Encyklopedia Krakowa"
        },
        "historic_code": "Bieńczyce C",
        "engineering_features": ""
      }
    },
    {
      "type": "Feature",
      "id": "os_kalinowe",
      "geometry": {
        "type": "Point",
        "coordinates": [
          20.013546,
          50.09113
        ]
      },
      "properties": {
        "id": "os_kalinowe",
        "is_landmark": true,
        "landmark_group": "estates",
        "name": {
          "pl": "Osiedle Kalinowe",
          "en": "Osiedle Kalinowe",
          "de": "Osiedle Kalinowe"
        },
        "prefix": {
          "pl": "osiedle",
          "en": "housing estate",
          "de": "Siedlung"
        },
        "full_name": {
          "pl": "Osiedle Kalinowe",
          "en": "Osiedle Kalinowe",
          "de": "Osiedle Kalinowe"
        },
        "district": {
          "pl": "XVI Bieńczyce",
          "en": "XVI Bieńczyce",
          "de": "XVI Bieńczyce"
        },
        "category": {
          "pl": "Miejsca i obiekty",
          "en": "Places and Landmarks",
          "de": "Orte und Wahrzeichen"
        },
        "year": "1960/70",
        "summary": {
          "pl": "Osiedle Kalinowe w Krakowie (XVI Bieńczyce).",
          "en": "Osiedle Kalinowe in Kraków (XVI Bieńczyce).",
          "de": "Osiedle Kalinowe in Krakau (XVI Bieńczyce)."
        },
        "patron": null,
        "etymology": {
          "pl": "Bieńczyce (Dzielnica XVI Bieńczyce). Wzniesione w latach 1966–1971 w północnej części Bieńczyc. Nazwa o motywacji florystycznej pochodzi od kaliny koralowej (Viburnum opulus), wpisując się w poetycki, przyrodniczy klucz nazewniczy Bieńczyc i nawiązując do zachowanych dawnych sadów i zieleni wsi Bieńczyce.",
          "en": "Housing estate 'Osiedle Kalinowe' in Kraków (XVI Bieńczyce). Modernist/socrealist urban complex. Bieńczyce (Dzielnica XVI Bieńczyce). Wzniesione w latach 1966–1971 w północnej części Bieńczyc. Nazwa o motywacji florystycznej pochodzi od ...",
          "de": "Wohnsiedlung 'Osiedle Kalinowe' in Krakau (XVI Bieńczyce). Urbanistischer Komplex. Bieńczyce (Dzielnica XVI Bieńczyce). Wzniesione w latach 1966–1971 w północnej części Bieńczyc. Nazwa o motywacji florystycznej pochodzi od ..."
        },
        "timeline": [
          {
            "year": "1966",
            "event": "budowa osiedla Bieńczyce D"
          },
          {
            "year": "1970",
            "event": "nadanie nazwy Osiedle Kalinowe"
          }
        ],
        "source": {
          "name": "Encyklopedia Krakowa: Osiedle Kalinowe",
          "url": "https://pl.wikipedia.org/wiki/Osiedle_Kalinowe",
          "label": "Encyklopedia Krakowa"
        },
        "historic_code": "Bieńczyce D",
        "engineering_features": ""
      }
    },
    {
      "type": "Feature",
      "id": "os_niepodleglosci",
      "geometry": {
        "type": "Point",
        "coordinates": [
          20.023592,
          50.080682
        ]
      },
      "properties": {
        "id": "os_niepodleglosci",
        "is_landmark": true,
        "landmark_group": "estates",
        "name": {
          "pl": "Osiedle Niepodległości",
          "en": "Osiedle Niepodległości",
          "de": "Osiedle Niepodległości"
        },
        "prefix": {
          "pl": "osiedle",
          "en": "housing estate",
          "de": "Siedlung"
        },
        "full_name": {
          "pl": "Osiedle Niepodległości",
          "en": "Osiedle Niepodległości",
          "de": "Osiedle Niepodległości"
        },
        "district": {
          "pl": "XVI Bieńczyce",
          "en": "XVI Bieńczyce",
          "de": "XVI Bieńczyce"
        },
        "category": {
          "pl": "Miejsca i obiekty",
          "en": "Places and Landmarks",
          "de": "Orte und Wahrzeichen"
        },
        "year": "1970",
        "summary": {
          "pl": "Osiedle Niepodległości w Krakowie (XVI Bieńczyce).",
          "en": "Osiedle Niepodległości in Kraków (XVI Bieńczyce).",
          "de": "Osiedle Niepodległości in Krakau (XVI Bieńczyce)."
        },
        "patron": null,
        "etymology": {
          "pl": "Bieńczyce (Dzielnica XVI Bieńczyce). Zbudowane w latach 1969–1974 w kwartale pomiędzy ul. Broniewskiego a al. Andersa. Upamiętnia odzyskanie przez Polskę niepodległości w 1918 r. po 123 latach zaborów. Zabudowa 5- i 11-kondygnacyjna z prefabrykatów żelbetowych, zintegrowana z siecią placówek opiekuńczych i handlowych.",
          "en": "Housing estate 'Osiedle Niepodległości' in Kraków (XVI Bieńczyce). Modernist/socrealist urban complex. Bieńczyce (Dzielnica XVI Bieńczyce). Zbudowane w latach 1969–1974 w kwartale pomiędzy ul. Broniewskiego a al. Andersa. Upamiętnia odzyskanie...",
          "de": "Wohnsiedlung 'Osiedle Niepodległości' in Krakau (XVI Bieńczyce). Urbanistischer Komplex. Bieńczyce (Dzielnica XVI Bieńczyce). Zbudowane w latach 1969–1974 w kwartale pomiędzy ul. Broniewskiego a al. Andersa. Upamiętnia odzyskanie..."
        },
        "timeline": [
          {
            "year": "1969",
            "event": "budowa osiedla Bieńczyce E"
          },
          {
            "year": "1974",
            "event": "nadanie nazwy Osiedle Niepodległości"
          }
        ],
        "source": {
          "name": "Encyklopedia Krakowa: Osiedle Niepodległości",
          "url": "https://pl.wikipedia.org/wiki/Osiedle_Niepodległości",
          "label": "Encyklopedia Krakowa"
        },
        "historic_code": "Bieńczyce E",
        "engineering_features": ""
      }
    },
    {
      "type": "Feature",
      "id": "os_przy_arce",
      "geometry": {
        "type": "Point",
        "coordinates": [
          20.027963,
          50.082604
        ]
      },
      "properties": {
        "id": "os_przy_arce",
        "is_landmark": true,
        "landmark_group": "estates",
        "name": {
          "pl": "Osiedle Przy Arce",
          "en": "Osiedle Przy Arce",
          "de": "Osiedle Przy Arce"
        },
        "prefix": {
          "pl": "osiedle",
          "en": "housing estate",
          "de": "Siedlung"
        },
        "full_name": {
          "pl": "Osiedle Przy Arce",
          "en": "Osiedle Przy Arce",
          "de": "Osiedle Przy Arce"
        },
        "district": {
          "pl": "XVI Bieńczyce",
          "en": "XVI Bieńczyce",
          "de": "XVI Bieńczyce"
        },
        "category": {
          "pl": "Miejsca i obiekty",
          "en": "Places and Landmarks",
          "de": "Orte und Wahrzeichen"
        },
        "year": "1970",
        "summary": {
          "pl": "Osiedle Przy Arce w Krakowie (XVI Bieńczyce).",
          "en": "Osiedle Przy Arce in Kraków (XVI Bieńczyce).",
          "de": "Osiedle Przy Arce in Krakau (XVI Bieńczyce)."
        },
        "patron": null,
        "etymology": {
          "pl": "Bieńczyce (Dzielnica XVI Bieńczyce). Powstało w latach 1970–1976. Do 1991 r. nosiło propagandową nazwę Osiedle Dąbrowszczaków. W 1991 r. przemianowane na os. Przy Arce ze względu na bezpośrednie sąsiedztwo kościoła Matki Bożej Królowej Polski – słynnej „Arki Pana” (wzniesionej wysiłkiem robotników i konsekrowanej w 1977 r. przez kard. Karola Wojtyłę), stanowiącej symbol walki o wolność religijną po obronie krzyża nowohuckiego w 1960 r.",
          "en": "Housing estate 'Osiedle Przy Arce' in Kraków (XVI Bieńczyce). Modernist/socrealist urban complex. Bieńczyce (Dzielnica XVI Bieńczyce). Powstało w latach 1970–1976. Do 1991 r. nosiło propagandową nazwę Osiedle Dąbrowszczaków. W 1991 r. prz...",
          "de": "Wohnsiedlung 'Osiedle Przy Arce' in Krakau (XVI Bieńczyce). Urbanistischer Komplex. Bieńczyce (Dzielnica XVI Bieńczyce). Powstało w latach 1970–1976. Do 1991 r. nosiło propagandową nazwę Osiedle Dąbrowszczaków. W 1991 r. prz..."
        },
        "timeline": [
          {
            "year": "1970",
            "event": "Osiedle Dąbrowszczaków"
          },
          {
            "year": "1991",
            "event": "Osiedle Przy Arce (dekomunizacja 1991)"
          }
        ],
        "source": {
          "name": "Encyklopedia Krakowa: Osiedle Przy Arce",
          "url": "https://pl.wikipedia.org/wiki/Osiedle_Przy_Arce",
          "label": "Encyklopedia Krakowa"
        },
        "historic_code": "Bieńczyce F (d. Dąbrowszczaków)",
        "engineering_features": ""
      }
    },
    {
      "type": "Feature",
      "id": "os_strusia",
      "geometry": {
        "type": "Point",
        "coordinates": [
          20.012195,
          50.088334
        ]
      },
      "properties": {
        "id": "os_strusia",
        "is_landmark": true,
        "landmark_group": "estates",
        "name": {
          "pl": "Osiedle Strusia",
          "en": "Osiedle Strusia",
          "de": "Osiedle Strusia"
        },
        "prefix": {
          "pl": "osiedle",
          "en": "housing estate",
          "de": "Siedlung"
        },
        "full_name": {
          "pl": "Osiedle Strusia",
          "en": "Osiedle Strusia",
          "de": "Osiedle Strusia"
        },
        "district": {
          "pl": "XVI Bieńczyce",
          "en": "XVI Bieńczyce",
          "de": "XVI Bieńczyce"
        },
        "category": {
          "pl": "Postacie historyczne",
          "en": "Historical Figures",
          "de": "Historische Persönlichkeiten"
        },
        "year": "1960/70",
        "summary": {
          "pl": "Osiedle Strusia w Krakowie (XVI Bieńczyce).",
          "en": "Osiedle Strusia in Kraków (XVI Bieńczyce).",
          "de": "Osiedle Strusia in Krakau (XVI Bieńczyce)."
        },
        "patron": {
          "name": "Józef Struś",
          "role": {
            "pl": "Patron: Józef Struś",
            "en": "Patron: Józef Struś",
            "de": "Patron: Józef Struś"
          },
          "image": "https://commons.wikimedia.org/wiki/Special:FilePath/J%C3%B3zef_Stru%C5%9B.jpg?width=360"
        },
        "etymology": {
          "pl": "Bieńczyce (Dzielnica XVI Bieńczyce). Wzniesione w latach 1968–1973 według projektu zespołu Budziłów. Patronem jest dr Józef Struś (1510–1566) – renesansowy naukowiec, profesor i rektor Akademii Lubrańskiego w Poznaniu, nadworny lekarz królów Zygmunta I Starego i Zygmunta II Augusta, wybitny humanista i europejski prekursor sfigmologii, którego dzieło „Sphygmicae artis libri quinque” z 1555 r. zrewolucjonizowało wiedzę o tętnie i diagnostyce kardiologicznej.",
          "en": "Housing estate 'Osiedle Strusia' in Kraków (XVI Bieńczyce). Modernist/socrealist urban complex. Bieńczyce (Dzielnica XVI Bieńczyce). Wzniesione w latach 1968–1973 według projektu zespołu Budziłów. Patronem jest dr Józef Struś (1510–1566...",
          "de": "Wohnsiedlung 'Osiedle Strusia' in Krakau (XVI Bieńczyce). Urbanistischer Komplex. Bieńczyce (Dzielnica XVI Bieńczyce). Wzniesione w latach 1968–1973 według projektu zespołu Budziłów. Patronem jest dr Józef Struś (1510–1566..."
        },
        "timeline": [],
        "source": {
          "name": "Encyklopedia Krakowa: Osiedle Strusia",
          "url": "https://pl.wikipedia.org/wiki/Osiedle_Strusia",
          "label": "Encyklopedia Krakowa"
        },
        "historic_code": "Bieńczyce G",
        "engineering_features": ""
      }
    },
    {
      "type": "Feature",
      "id": "os_wysokie",
      "geometry": {
        "type": "Point",
        "coordinates": [
          20.019504,
          50.089354
        ]
      },
      "properties": {
        "id": "os_wysokie",
        "is_landmark": true,
        "landmark_group": "estates",
        "name": {
          "pl": "Osiedle Wysokie",
          "en": "Osiedle Wysokie",
          "de": "Osiedle Wysokie"
        },
        "prefix": {
          "pl": "osiedle",
          "en": "housing estate",
          "de": "Siedlung"
        },
        "full_name": {
          "pl": "Osiedle Wysokie",
          "en": "Osiedle Wysokie",
          "de": "Osiedle Wysokie"
        },
        "district": {
          "pl": "XVI Bieńczyce",
          "en": "XVI Bieńczyce",
          "de": "XVI Bieńczyce"
        },
        "category": {
          "pl": "Miejsca i obiekty",
          "en": "Places and Landmarks",
          "de": "Orte und Wahrzeichen"
        },
        "year": "1960/70",
        "summary": {
          "pl": "Osiedle Wysokie w Krakowie (XVI Bieńczyce).",
          "en": "Osiedle Wysokie in Kraków (XVI Bieńczyce).",
          "de": "Osiedle Wysokie in Krakau (XVI Bieńczyce)."
        },
        "patron": null,
        "etymology": {
          "pl": "Bieńczyce (Dzielnica XVI Bieńczyce). Zbudowane w latach 1968–1973. Nazwa ma dwoistą motywację toponimiczną – odnosi się do wyższego wyniesienia terenu nad doliną rzeki Dłubni oraz do dominanty urbanistycznej osiedla, którą tworzą 11-kondygnacyjne bloki mieszkalne górujące nad panoramą wschodnich Bieńczyc.",
          "en": "Housing estate 'Osiedle Wysokie' in Kraków (XVI Bieńczyce). Modernist/socrealist urban complex. Bieńczyce (Dzielnica XVI Bieńczyce). Zbudowane w latach 1968–1973. Nazwa ma dwoistą motywację toponimiczną – odnosi się do wyższego wyniesie...",
          "de": "Wohnsiedlung 'Osiedle Wysokie' in Krakau (XVI Bieńczyce). Urbanistischer Komplex. Bieńczyce (Dzielnica XVI Bieńczyce). Zbudowane w latach 1968–1973. Nazwa ma dwoistą motywację toponimiczną – odnosi się do wyższego wyniesie..."
        },
        "timeline": [
          {
            "year": "1968",
            "event": "budowa osiedla Bieńczyce H"
          },
          {
            "year": "1973",
            "event": "nadanie nazwy Osiedle Wysokie"
          }
        ],
        "source": {
          "name": "Encyklopedia Krakowa: Osiedle Wysokie",
          "url": "https://pl.wikipedia.org/wiki/Osiedle_Wysokie",
          "label": "Encyklopedia Krakowa"
        },
        "historic_code": "Bieńczyce H",
        "engineering_features": ""
      }
    },
    {
      "type": "Feature",
      "id": "os_zlotej_jesieni",
      "geometry": {
        "type": "Point",
        "coordinates": [
          20.025661,
          50.091097
        ]
      },
      "properties": {
        "id": "os_zlotej_jesieni",
        "is_landmark": true,
        "landmark_group": "estates",
        "name": {
          "pl": "Osiedle Złotej Jesieni",
          "en": "Osiedle Złotej Jesieni",
          "de": "Osiedle Złotej Jesieni"
        },
        "prefix": {
          "pl": "osiedle",
          "en": "housing estate",
          "de": "Siedlung"
        },
        "full_name": {
          "pl": "Osiedle Złotej Jesieni",
          "en": "Osiedle Złotej Jesieni",
          "de": "Osiedle Złotej Jesieni"
        },
        "district": {
          "pl": "XVI Bieńczyce",
          "en": "XVI Bieńczyce",
          "de": "XVI Bieńczyce"
        },
        "category": {
          "pl": "Miejsca i obiekty",
          "en": "Places and Landmarks",
          "de": "Orte und Wahrzeichen"
        },
        "year": "1970",
        "summary": {
          "pl": "Osiedle Złotej Jesieni w Krakowie (XVI Bieńczyce).",
          "en": "Osiedle Złotej Jesieni in Kraków (XVI Bieńczyce).",
          "de": "Osiedle Złotej Jesieni in Krakau (XVI Bieńczyce)."
        },
        "patron": null,
        "etymology": {
          "pl": "Bieńczyce (Dzielnica XVI Bieńczyce). Wzniesione w latach 1971–1976. Obejmuje m.in. rozległy kompleks Szpitala Specjalistycznego im. Ludwika Rydygiera (otwartego na początku lat 80. XX w.). Nazwa poetycko-nastrojowa nawiązuje do polskiej złotej jesieni i bogatych nasadzeń drzew liściastych, tworzących strefę buforową i parkową wokół obiektów medycznych.",
          "en": "Housing estate 'Osiedle Złotej Jesieni' in Kraków (XVI Bieńczyce). Modernist/socrealist urban complex. Bieńczyce (Dzielnica XVI Bieńczyce). Wzniesione w latach 1971–1976. Obejmuje m.in. rozległy kompleks Szpitala Specjalistycznego im. Ludwika ...",
          "de": "Wohnsiedlung 'Osiedle Złotej Jesieni' in Krakau (XVI Bieńczyce). Urbanistischer Komplex. Bieńczyce (Dzielnica XVI Bieńczyce). Wzniesione w latach 1971–1976. Obejmuje m.in. rozległy kompleks Szpitala Specjalistycznego im. Ludwika ..."
        },
        "timeline": [
          {
            "year": "1971",
            "event": "budowa osiedla Bieńczyce I"
          },
          {
            "year": "1976",
            "event": "nadanie nazwy Osiedle Złotej Jesieni"
          }
        ],
        "source": {
          "name": "Encyklopedia Krakowa: Osiedle Złotej Jesieni",
          "url": "https://pl.wikipedia.org/wiki/Osiedle_Złotej_Jesieni",
          "label": "Encyklopedia Krakowa"
        },
        "historic_code": "Bieńczyce I",
        "engineering_features": ""
      }
    },
    {
      "type": "Feature",
      "id": "os_bohaterow_wrzesnia",
      "geometry": {
        "type": "Point",
        "coordinates": [
          20.009532,
          50.099259
        ]
      },
      "properties": {
        "id": "os_bohaterow_wrzesnia",
        "is_landmark": true,
        "landmark_group": "estates",
        "name": {
          "pl": "Osiedle Bohaterów Września",
          "en": "Osiedle Bohaterów Września",
          "de": "Osiedle Bohaterów Września"
        },
        "prefix": {
          "pl": "osiedle",
          "en": "housing estate",
          "de": "Siedlung"
        },
        "full_name": {
          "pl": "Osiedle Bohaterów Września",
          "en": "Osiedle Bohaterów Września",
          "de": "Osiedle Bohaterów Września"
        },
        "district": {
          "pl": "XV Mistrzejowice",
          "en": "XV Mistrzejowice",
          "de": "XV Mistrzejowice"
        },
        "category": {
          "pl": "Miejsca i obiekty",
          "en": "Places and Landmarks",
          "de": "Orte und Wahrzeichen"
        },
        "year": "1970/80",
        "summary": {
          "pl": "Osiedle Bohaterów Września w Krakowie (XV Mistrzejowice).",
          "en": "Osiedle Bohaterów Września in Kraków (XV Mistrzejowice).",
          "de": "Osiedle Bohaterów Września in Krakau (XV Mistrzejowice)."
        },
        "patron": null,
        "etymology": {
          "pl": "Mistrzejowice (Dzielnica XV Mistrzejowice). Zbudowane w latach 1975–1983 na północnym skraju Mistrzejowic według projektu prof. Witolda Cęckiewicza. Upamiętnia polskich żołnierzy, marynarzy i lotników walczących w wojnie obronnej we wrześniu 1939 r. przeciwko agresji niemieckiej i sowieckiej. Posiada pętlę tramwajową oraz Planty Mistrzejowickie.",
          "en": "Housing estate 'Osiedle Bohaterów Września' in Kraków (XV Mistrzejowice). Modernist/socrealist urban complex. Mistrzejowice (Dzielnica XV Mistrzejowice). Zbudowane w latach 1975–1983 na północnym skraju Mistrzejowic według projektu prof. Witolda Cęck...",
          "de": "Wohnsiedlung 'Osiedle Bohaterów Września' in Krakau (XV Mistrzejowice). Urbanistischer Komplex. Mistrzejowice (Dzielnica XV Mistrzejowice). Zbudowane w latach 1975–1983 na północnym skraju Mistrzejowic według projektu prof. Witolda Cęck..."
        },
        "timeline": [
          {
            "year": "1975",
            "event": "budowa pasma Mistrzejowice Północ"
          },
          {
            "year": "1980",
            "event": "nadanie nazwy Osiedle Bohaterów Września"
          }
        ],
        "source": {
          "name": "Encyklopedia Krakowa: Osiedle Bohaterów Września",
          "url": "https://pl.wikipedia.org/wiki/Osiedle_Bohaterów_Września",
          "label": "Encyklopedia Krakowa"
        },
        "historic_code": "Mistrzejowice Północ",
        "engineering_features": ""
      }
    },
    {
      "type": "Feature",
      "id": "os_kombatantow",
      "geometry": {
        "type": "Point",
        "coordinates": [
          20.00947,
          50.092198
        ]
      },
      "properties": {
        "id": "os_kombatantow",
        "is_landmark": true,
        "landmark_group": "estates",
        "name": {
          "pl": "Osiedle Kombatantów",
          "en": "Osiedle Kombatantów",
          "de": "Osiedle Kombatantów"
        },
        "prefix": {
          "pl": "osiedle",
          "en": "housing estate",
          "de": "Siedlung"
        },
        "full_name": {
          "pl": "Osiedle Kombatantów",
          "en": "Osiedle Kombatantów",
          "de": "Osiedle Kombatantów"
        },
        "district": {
          "pl": "XV Mistrzejowice",
          "en": "XV Mistrzejowice",
          "de": "XV Mistrzejowice"
        },
        "category": {
          "pl": "Miejsca i obiekty",
          "en": "Places and Landmarks",
          "de": "Orte und Wahrzeichen"
        },
        "year": "1970",
        "summary": {
          "pl": "Osiedle Kombatantów w Krakowie (XV Mistrzejowice).",
          "en": "Osiedle Kombatantów in Kraków (XV Mistrzejowice).",
          "de": "Osiedle Kombatantów in Krakau (XV Mistrzejowice)."
        },
        "patron": null,
        "etymology": {
          "pl": "Mistrzejowice (Dzielnica XV Mistrzejowice). Wzniesione w latach 1972–1977 według projektu prof. Witolda Cęckiewicza w południowej części Mistrzejowic, w bezpośrednim sąsiedztwie Parku Tysiąclecia. Nazwa honoruje polskich weteranów walk narodowowyzwoleńczych, żołnierzy formacji regularnych i polskiego państwa podziemnego.",
          "en": "Housing estate 'Osiedle Kombatantów' in Kraków (XV Mistrzejowice). Modernist/socrealist urban complex. Mistrzejowice (Dzielnica XV Mistrzejowice). Wzniesione w latach 1972–1977 według projektu prof. Witolda Cęckiewicza w południowej części Mis...",
          "de": "Wohnsiedlung 'Osiedle Kombatantów' in Krakau (XV Mistrzejowice). Urbanistischer Komplex. Mistrzejowice (Dzielnica XV Mistrzejowice). Wzniesione w latach 1972–1977 według projektu prof. Witolda Cęckiewicza w południowej części Mis..."
        },
        "timeline": [
          {
            "year": "1972",
            "event": "budowa sektora Mistrzejowice A"
          },
          {
            "year": "1976",
            "event": "nadanie nazwy Osiedle Kombatantów"
          }
        ],
        "source": {
          "name": "Encyklopedia Krakowa: Osiedle Kombatantów",
          "url": "https://pl.wikipedia.org/wiki/Osiedle_Kombatantów",
          "label": "Encyklopedia Krakowa"
        },
        "historic_code": "Mistrzejowice A",
        "engineering_features": ""
      }
    },
    {
      "type": "Feature",
      "id": "os_oswiecenia",
      "geometry": {
        "type": "Point",
        "coordinates": [
          19.99133,
          50.093454
        ]
      },
      "properties": {
        "id": "os_oswiecenia",
        "is_landmark": true,
        "landmark_group": "estates",
        "name": {
          "pl": "Osiedle Oświecenia",
          "en": "Osiedle Oświecenia",
          "de": "Osiedle Oświecenia"
        },
        "prefix": {
          "pl": "osiedle",
          "en": "housing estate",
          "de": "Siedlung"
        },
        "full_name": {
          "pl": "Osiedle Oświecenia",
          "en": "Osiedle Oświecenia",
          "de": "Osiedle Oświecenia"
        },
        "district": {
          "pl": "XV Mistrzejowice",
          "en": "XV Mistrzejowice",
          "de": "XV Mistrzejowice"
        },
        "category": {
          "pl": "Miejsca i obiekty",
          "en": "Places and Landmarks",
          "de": "Orte und Wahrzeichen"
        },
        "year": "1970/80",
        "summary": {
          "pl": "Osiedle Oświecenia w Krakowie (XV Mistrzejowice).",
          "en": "Osiedle Oświecenia in Kraków (XV Mistrzejowice).",
          "de": "Osiedle Oświecenia in Krakau (XV Mistrzejowice)."
        },
        "patron": null,
        "etymology": {
          "pl": "Mistrzejowice (Dzielnica XV Mistrzejowice). Realizowane od połowy lat 70. do lat 80. XX w. na wyniesionym grzbiecie wzgórza mistrzejowickiego. Z osiedla roztacza się jedna z najszerszych panoram na centralny Kraków, dolinę Wisły i pasmo Beskidów. Nazwa nawiązuje do epoki Oświecenia – okresu reform edukacyjnych Stanisława Augusta Poniatowskiego, powołania Komisji Edukacji Narodowej i Konstytucji 3 Maja.",
          "en": "Housing estate 'Osiedle Oświecenia' in Kraków (XV Mistrzejowice). Modernist/socrealist urban complex. Mistrzejowice (Dzielnica XV Mistrzejowice). Realizowane od połowy lat 70. do lat 80. XX w. na wyniesionym grzbiecie wzgórza mistrzejowickieg...",
          "de": "Wohnsiedlung 'Osiedle Oświecenia' in Krakau (XV Mistrzejowice). Urbanistischer Komplex. Mistrzejowice (Dzielnica XV Mistrzejowice). Realizowane od połowy lat 70. do lat 80. XX w. na wyniesionym grzbiecie wzgórza mistrzejowickieg..."
        },
        "timeline": [
          {
            "year": "1974",
            "event": "budowa sektora Mistrzejowice B"
          },
          {
            "year": "1978",
            "event": "nadanie nazwy Osiedle Oświecenia"
          }
        ],
        "source": {
          "name": "Encyklopedia Krakowa: Osiedle Oświecenia",
          "url": "https://pl.wikipedia.org/wiki/Osiedle_Oświecenia",
          "label": "Encyklopedia Krakowa"
        },
        "historic_code": "Mistrzejowice B",
        "engineering_features": ""
      }
    },
    {
      "type": "Feature",
      "id": "os_piastow",
      "geometry": {
        "type": "Point",
        "coordinates": [
          20.016131,
          50.099664
        ]
      },
      "properties": {
        "id": "os_piastow",
        "is_landmark": true,
        "landmark_group": "estates",
        "name": {
          "pl": "Osiedle Piastów",
          "en": "Osiedle Piastów",
          "de": "Osiedle Piastów"
        },
        "prefix": {
          "pl": "osiedle",
          "en": "housing estate",
          "de": "Siedlung"
        },
        "full_name": {
          "pl": "Osiedle Piastów",
          "en": "Osiedle Piastów",
          "de": "Osiedle Piastów"
        },
        "district": {
          "pl": "XV Mistrzejowice",
          "en": "XV Mistrzejowice",
          "de": "XV Mistrzejowice"
        },
        "category": {
          "pl": "Miejsca i obiekty",
          "en": "Places and Landmarks",
          "de": "Orte und Wahrzeichen"
        },
        "year": "1970/80",
        "summary": {
          "pl": "Osiedle Piastów w Krakowie (XV Mistrzejowice).",
          "en": "Osiedle Piastów in Kraków (XV Mistrzejowice).",
          "de": "Osiedle Piastów in Krakau (XV Mistrzejowice)."
        },
        "patron": null,
        "etymology": {
          "pl": "Mistrzejowice (Dzielnica XV Mistrzejowice). Powstało w latach 1974–1981 jako północno-wschodnia brama Mistrzejowic, zaprojektowane przez zespół prof. Witolda Cęckiewicza. Nazwa honoruje pierwszą historyczną dynastię monarchów Polski – Piastów, panującą od Mieszka I i Bolesława Chrobrego po Kazimierza Wielkiego. W pobliżu zachował się zabytkowy Fort pancerny 48 Batowice Twierdzy Kraków.",
          "en": "Housing estate 'Osiedle Piastów' in Kraków (XV Mistrzejowice). Modernist/socrealist urban complex. Mistrzejowice (Dzielnica XV Mistrzejowice). Powstało w latach 1974–1981 jako północno-wschodnia brama Mistrzejowic, zaprojektowane przez zes...",
          "de": "Wohnsiedlung 'Osiedle Piastów' in Krakau (XV Mistrzejowice). Urbanistischer Komplex. Mistrzejowice (Dzielnica XV Mistrzejowice). Powstało w latach 1974–1981 jako północno-wschodnia brama Mistrzejowic, zaprojektowane przez zes..."
        },
        "timeline": [
          {
            "year": "1974",
            "event": "budowa sektora Mistrzejowice C"
          },
          {
            "year": "1978",
            "event": "nadanie nazwy Osiedle Piastów"
          }
        ],
        "source": {
          "name": "Encyklopedia Krakowa: Osiedle Piastów",
          "url": "https://pl.wikipedia.org/wiki/Osiedle_Piastów",
          "label": "Encyklopedia Krakowa"
        },
        "historic_code": "Mistrzejowice C",
        "engineering_features": ""
      }
    },
    {
      "type": "Feature",
      "id": "os_srebrnych_orlow",
      "geometry": {
        "type": "Point",
        "coordinates": [
          19.991128,
          50.097346
        ]
      },
      "properties": {
        "id": "os_srebrnych_orlow",
        "is_landmark": true,
        "landmark_group": "estates",
        "name": {
          "pl": "Osiedle Srebrnych Orłów",
          "en": "Osiedle Srebrnych Orłów",
          "de": "Osiedle Srebrnych Orłów"
        },
        "prefix": {
          "pl": "osiedle",
          "en": "housing estate",
          "de": "Siedlung"
        },
        "full_name": {
          "pl": "Osiedle Srebrnych Orłów",
          "en": "Osiedle Srebrnych Orłów",
          "de": "Osiedle Srebrnych Orłów"
        },
        "district": {
          "pl": "XV Mistrzejowice",
          "en": "XV Mistrzejowice",
          "de": "XV Mistrzejowice"
        },
        "category": {
          "pl": "Miejsca i obiekty",
          "en": "Places and Landmarks",
          "de": "Orte und Wahrzeichen"
        },
        "year": "1970/80",
        "summary": {
          "pl": "Osiedle Srebrnych Orłów w Krakowie (XV Mistrzejowice).",
          "en": "Osiedle Srebrnych Orłów in Kraków (XV Mistrzejowice).",
          "de": "Osiedle Srebrnych Orłów in Krakau (XV Mistrzejowice)."
        },
        "patron": null,
        "etymology": {
          "pl": "Mistrzejowice (Dzielnica XV Mistrzejowice). Wybudowane w latach 1975–1982 w rejonie ulic Wiślickiej, Mikołajczyka i al. gen. Bora-Komorowskiego. Nazwa o motywacji symboliczno-heraldycznej odnosi się do srebrnego orła – historycznego godła Królestwa Polskiego i Rzeczypospolitej, wkomponowując się w patriotyczny klucz mistrzejowickich osiedli.",
          "en": "Housing estate 'Osiedle Srebrnych Orłów' in Kraków (XV Mistrzejowice). Modernist/socrealist urban complex. Mistrzejowice (Dzielnica XV Mistrzejowice). Wybudowane w latach 1975–1982 w rejonie ulic Wiślickiej, Mikołajczyka i al. gen. Bora-Komorowski...",
          "de": "Wohnsiedlung 'Osiedle Srebrnych Orłów' in Krakau (XV Mistrzejowice). Urbanistischer Komplex. Mistrzejowice (Dzielnica XV Mistrzejowice). Wybudowane w latach 1975–1982 w rejonie ulic Wiślickiej, Mikołajczyka i al. gen. Bora-Komorowski..."
        },
        "timeline": [
          {
            "year": "1975",
            "event": "budowa sektora Mistrzejowice D"
          },
          {
            "year": "1980",
            "event": "nadanie nazwy Osiedle Srebrnych Orłów"
          }
        ],
        "source": {
          "name": "Encyklopedia Krakowa: Osiedle Srebrnych Orłów",
          "url": "https://pl.wikipedia.org/wiki/Osiedle_Srebrnych_Orłów",
          "label": "Encyklopedia Krakowa"
        },
        "historic_code": "Mistrzejowice D",
        "engineering_features": ""
      }
    },
    {
      "type": "Feature",
      "id": "os_tysiaclecia",
      "geometry": {
        "type": "Point",
        "coordinates": [
          20.001234,
          50.091715
        ]
      },
      "properties": {
        "id": "os_tysiaclecia",
        "is_landmark": true,
        "landmark_group": "estates",
        "name": {
          "pl": "Osiedle Tysiąclecia",
          "en": "Osiedle Tysiąclecia",
          "de": "Osiedle Tysiąclecia"
        },
        "prefix": {
          "pl": "osiedle",
          "en": "housing estate",
          "de": "Siedlung"
        },
        "full_name": {
          "pl": "Osiedle Tysiąclecia",
          "en": "Osiedle Tysiąclecia",
          "de": "Osiedle Tysiąclecia"
        },
        "district": {
          "pl": "XV Mistrzejowice",
          "en": "XV Mistrzejowice",
          "de": "XV Mistrzejowice"
        },
        "category": {
          "pl": "Miejsca i obiekty",
          "en": "Places and Landmarks",
          "de": "Orte und Wahrzeichen"
        },
        "year": "1960/70",
        "summary": {
          "pl": "Osiedle Tysiąclecia w Krakowie (XV Mistrzejowice).",
          "en": "Osiedle Tysiąclecia in Kraków (XV Mistrzejowice).",
          "de": "Osiedle Tysiąclecia in Krakau (XV Mistrzejowice)."
        },
        "patron": null,
        "etymology": {
          "pl": "Mistrzejowice (Dzielnica XV Mistrzejowice). Zrealizowane w latach 1968–1975 na styku Mistrzejowic i Bieńczyc. Nazwa upamiętnia Tysiąclecie Państwa Polskiego (obchodzone uroczyście w 1966 r.). Graniczy z Parkiem Tysiąclecia oraz fortem 49 ½ a Dłubnia. Charakteryzuje się nowoczesnym układem urbanistycznym o zróżnicowanej wysokości bloków, zaprojektowanym w harmonii z naturalnym ukształtowaniem terenu.",
          "en": "Housing estate 'Osiedle Tysiąclecia' in Kraków (XV Mistrzejowice). Modernist/socrealist urban complex. Mistrzejowice (Dzielnica XV Mistrzejowice). Zrealizowane w latach 1968–1975 na styku Mistrzejowic i Bieńczyc. Nazwa upamiętnia Tysiąclecie P...",
          "de": "Wohnsiedlung 'Osiedle Tysiąclecia' in Krakau (XV Mistrzejowice). Urbanistischer Komplex. Mistrzejowice (Dzielnica XV Mistrzejowice). Zrealizowane w latach 1968–1975 na styku Mistrzejowic i Bieńczyc. Nazwa upamiętnia Tysiąclecie P..."
        },
        "timeline": [
          {
            "year": "1968",
            "event": "budowa sektora Mistrzejowice E"
          },
          {
            "year": "1972",
            "event": "nadanie nazwy Osiedle Tysiąclecia"
          }
        ],
        "source": {
          "name": "Encyklopedia Krakowa: Osiedle Tysiąclecia",
          "url": "https://pl.wikipedia.org/wiki/Osiedle_Tysiąclecia",
          "label": "Encyklopedia Krakowa"
        },
        "historic_code": "Mistrzejowice E",
        "engineering_features": ""
      }
    },
    {
      "type": "Feature",
      "id": "os_zlotego_wieku",
      "geometry": {
        "type": "Point",
        "coordinates": [
          20.002283,
          50.096467
        ]
      },
      "properties": {
        "id": "os_zlotego_wieku",
        "is_landmark": true,
        "landmark_group": "estates",
        "name": {
          "pl": "Osiedle Złotego Wieku",
          "en": "Osiedle Złotego Wieku",
          "de": "Osiedle Złotego Wieku"
        },
        "prefix": {
          "pl": "osiedle",
          "en": "housing estate",
          "de": "Siedlung"
        },
        "full_name": {
          "pl": "Osiedle Złotego Wieku",
          "en": "Osiedle Złotego Wieku",
          "de": "Osiedle Złotego Wieku"
        },
        "district": {
          "pl": "XV Mistrzejowice",
          "en": "XV Mistrzejowice",
          "de": "XV Mistrzejowice"
        },
        "category": {
          "pl": "Miejsca i obiekty",
          "en": "Places and Landmarks",
          "de": "Orte und Wahrzeichen"
        },
        "year": "1960/70",
        "summary": {
          "pl": "Osiedle Złotego Wieku w Krakowie (XV Mistrzejowice).",
          "en": "Osiedle Złotego Wieku in Kraków (XV Mistrzejowice).",
          "de": "Osiedle Złotego Wieku in Krakau (XV Mistrzejowice)."
        },
        "patron": null,
        "etymology": {
          "pl": "Mistrzejowice (Dzielnica XV Mistrzejowice). Wzniesione w latach 1969–1976 na malowniczym stoku wzgórza mistrzejowickiego. Nazwa upamiętnia XVI wiek – „Złoty Wiek” w dziejach Polski, epokę renesansowego rozkwitu kultury, sztuki, tolerancji i potęgi państwa Jagiellonów. Na osiedlu wzniesiono kościół św. Maksymiliana Marii Kolbego (konsekrowany przez papieża Jana Pawła II w 1983 r.). W sąsiedztwie zachował się zabytkowy Fort 48a Mistrzejowice.",
          "en": "Housing estate 'Osiedle Złotego Wieku' in Kraków (XV Mistrzejowice). Modernist/socrealist urban complex. Mistrzejowice (Dzielnica XV Mistrzejowice). Wzniesione w latach 1969–1976 na malowniczym stoku wzgórza mistrzejowickiego. Nazwa upamiętnia X...",
          "de": "Wohnsiedlung 'Osiedle Złotego Wieku' in Krakau (XV Mistrzejowice). Urbanistischer Komplex. Mistrzejowice (Dzielnica XV Mistrzejowice). Wzniesione w latach 1969–1976 na malowniczym stoku wzgórza mistrzejowickiego. Nazwa upamiętnia X..."
        },
        "timeline": [
          {
            "year": "1969",
            "event": "budowa sektora Mistrzejowice F"
          },
          {
            "year": "1973",
            "event": "nadanie nazwy Osiedle Złotego Wieku"
          }
        ],
        "source": {
          "name": "Encyklopedia Krakowa: Osiedle Złotego Wieku",
          "url": "https://pl.wikipedia.org/wiki/Osiedle_Złotego_Wieku",
          "label": "Encyklopedia Krakowa"
        },
        "historic_code": "Mistrzejowice F",
        "engineering_features": ""
      }
    },
    {
      "type": "Feature",
      "id": "os_na_stoku",
      "geometry": {
        "type": "Point",
        "coordinates": [
          20.055409,
          50.094859
        ]
      },
      "properties": {
        "id": "os_na_stoku",
        "is_landmark": true,
        "landmark_group": "estates",
        "name": {
          "pl": "Osiedle Na Stoku",
          "en": "Osiedle Na Stoku",
          "de": "Osiedle Na Stoku"
        },
        "prefix": {
          "pl": "osiedle",
          "en": "housing estate",
          "de": "Siedlung"
        },
        "full_name": {
          "pl": "Osiedle Na Stoku",
          "en": "Osiedle Na Stoku",
          "de": "Osiedle Na Stoku"
        },
        "district": {
          "pl": "XVII Wzgórza Krzesławickie",
          "en": "XVII Wzgórza Krzesławickie",
          "de": "XVII Wzgórza Krzesławickie"
        },
        "category": {
          "pl": "Miejsca i obiekty",
          "en": "Places and Landmarks",
          "de": "Orte und Wahrzeichen"
        },
        "year": "1970",
        "summary": {
          "pl": "Osiedle Na Stoku w Krakowie (XVII Wzgórza Krzesławickie).",
          "en": "Osiedle Na Stoku in Kraków (XVII Wzgórza Krzesławickie).",
          "de": "Osiedle Na Stoku in Krakau (XVII Wzgórza Krzesławickie)."
        },
        "patron": null,
        "etymology": {
          "pl": "Wzgórza Krzesławickie (Dzielnica XVII Wzgórza Krzesławickie). Zbudowane w latach 1970–1978 według projektu Krzysztofa Biegalskiego. Charakteryzuje się kaskadowym układem bloków na południowym stoku wzgórza nad doliną Dłubni. W bezpośrednim sąsiedztwie znajduje się zabytkowy Fort pancerny pomocniczy 49 Krzesławice – miejsce kaźni i egzekucji 440 Polaków przez Niemców w latach 1939–1941 (obecnie Miejsce Pamięci Narodowej).",
          "en": "Housing estate 'Osiedle Na Stoku' in Kraków (XVII Wzgórza Krzesławickie). Modernist/socrealist urban complex. Wzgórza Krzesławickie (Dzielnica XVII Wzgórza Krzesławickie). Zbudowane w latach 1970–1978 według projektu Krzysztofa Biegalskiego. Charakte...",
          "de": "Wohnsiedlung 'Osiedle Na Stoku' in Krakau (XVII Wzgórza Krzesławickie). Urbanistischer Komplex. Wzgórza Krzesławickie (Dzielnica XVII Wzgórza Krzesławickie). Zbudowane w latach 1970–1978 według projektu Krzysztofa Biegalskiego. Charakte..."
        },
        "timeline": [
          {
            "year": "1970",
            "event": "budowa pasma Wzgórza Zachód"
          },
          {
            "year": "1975",
            "event": "nadanie nazwy Osiedle Na Stoku"
          }
        ],
        "source": {
          "name": "Encyklopedia Krakowa: Osiedle Na Stoku",
          "url": "https://pl.wikipedia.org/wiki/Osiedle_Na_Stoku",
          "label": "Encyklopedia Krakowa"
        },
        "historic_code": "Wzgórza Zachód",
        "engineering_features": ""
      }
    },
    {
      "type": "Feature",
      "id": "os_na_wzgorzach",
      "geometry": {
        "type": "Point",
        "coordinates": [
          20.061815,
          50.095427
        ]
      },
      "properties": {
        "id": "os_na_wzgorzach",
        "is_landmark": true,
        "landmark_group": "estates",
        "name": {
          "pl": "Osiedle Na Wzgórzach",
          "en": "Osiedle Na Wzgórzach",
          "de": "Osiedle Na Wzgórzach"
        },
        "prefix": {
          "pl": "osiedle",
          "en": "housing estate",
          "de": "Siedlung"
        },
        "full_name": {
          "pl": "Osiedle Na Wzgórzach",
          "en": "Osiedle Na Wzgórzach",
          "de": "Osiedle Na Wzgórzach"
        },
        "district": {
          "pl": "XVII Wzgórza Krzesławickie",
          "en": "XVII Wzgórza Krzesławickie",
          "de": "XVII Wzgórza Krzesławickie"
        },
        "category": {
          "pl": "Miejsca i obiekty",
          "en": "Places and Landmarks",
          "de": "Orte und Wahrzeichen"
        },
        "year": "1960/70",
        "summary": {
          "pl": "Osiedle Na Wzgórzach w Krakowie (XVII Wzgórza Krzesławickie).",
          "en": "Osiedle Na Wzgórzach in Kraków (XVII Wzgórza Krzesławickie).",
          "de": "Osiedle Na Wzgórzach in Krakau (XVII Wzgórza Krzesławickie)."
        },
        "patron": null,
        "etymology": {
          "pl": "Wzgórza Krzesławickie (Dzielnica XVII Wzgórza Krzesławickie). Powstało w latach 1962–1972 na wierzchowinie Grzbietu Krzesławickiego. Najwyżej położone osiedle mieszkaniowe Nowej Huty, z pętlą tramwajową otwartą w 1968 r. i szerokim widokiem na Kotlinę Sandomierską. Nazwa topograficzna wprost oddaje usytuowanie na wzniesieniach wzgórz krzesławickich.",
          "en": "Housing estate 'Osiedle Na Wzgórzach' in Kraków (XVII Wzgórza Krzesławickie). Modernist/socrealist urban complex. Wzgórza Krzesławickie (Dzielnica XVII Wzgórza Krzesławickie). Powstało w latach 1962–1972 na wierzchowinie Grzbietu Krzesławickiego. Najwyże...",
          "de": "Wohnsiedlung 'Osiedle Na Wzgórzach' in Krakau (XVII Wzgórza Krzesławickie). Urbanistischer Komplex. Wzgórza Krzesławickie (Dzielnica XVII Wzgórza Krzesławickie). Powstało w latach 1962–1972 na wierzchowinie Grzbietu Krzesławickiego. Najwyże..."
        },
        "timeline": [
          {
            "year": "1962",
            "event": "budowa pasma Wzgórza Wschód"
          },
          {
            "year": "1968",
            "event": "nadanie nazwy Osiedle Na Wzgórzach"
          }
        ],
        "source": {
          "name": "Encyklopedia Krakowa: Osiedle Na Wzgórzach",
          "url": "https://pl.wikipedia.org/wiki/Osiedle_Na_Wzgórzach",
          "label": "Encyklopedia Krakowa"
        },
        "historic_code": "Wzgórza Wschód",
        "engineering_features": ""
      }
    },
    {
      "type": "Feature",
      "id": "os_krzeslawice",
      "geometry": {
        "type": "Point",
        "coordinates": [
          20.0652,
          50.0851
        ]
      },
      "properties": {
        "id": "os_krzeslawice",
        "is_landmark": true,
        "landmark_group": "estates",
        "name": {
          "pl": "Osiedle Krzesławice",
          "en": "Osiedle Krzesławice",
          "de": "Osiedle Krzesławice"
        },
        "prefix": {
          "pl": "osiedle",
          "en": "housing estate",
          "de": "Siedlung"
        },
        "full_name": {
          "pl": "Osiedle Krzesławice",
          "en": "Osiedle Krzesławice",
          "de": "Osiedle Krzesławice"
        },
        "district": {
          "pl": "XVII Wzgórza Krzesławickie",
          "en": "XVII Wzgórza Krzesławickie",
          "de": "XVII Wzgórza Krzesławickie"
        },
        "category": {
          "pl": "Miejsca i obiekty",
          "en": "Places and Landmarks",
          "de": "Orte und Wahrzeichen"
        },
        "year": "Tradycyjna",
        "summary": {
          "pl": "Osiedle Krzesławice w Krakowie (XVII Wzgórza Krzesławickie).",
          "en": "Osiedle Krzesławice in Kraków (XVII Wzgórza Krzesławickie).",
          "de": "Osiedle Krzesławice in Krakau (XVII Wzgórza Krzesławickie)."
        },
        "patron": null,
        "etymology": {
          "pl": "Wzgórza Krzesławickie (Dzielnica XVII Wzgórza Krzesławickie). Dawna wieś nad rzeką Dłubnią, wzmiankowana źródłowo już w 1198 r. (Creslauicze) jako własność klasztoru bożogrobców w Miechowie. W XIX w. majątek należał do rektora UJ Hugona Kołłątaja, a w latach 1876–1893 mieszkał tu Jan Matejko, który stworzył zachowany do dziś zabytkowy Dworek Jana Matejki. Obok stoi zabytkowy drewniany kościół św. Jana Chrzciciela z 1633 r. (przeniesiony z Jawornika w 1983 r.). Włączona do Krakowa w 1951 r.",
          "en": "Housing estate 'Osiedle Krzesławice' in Kraków (XVII Wzgórza Krzesławickie). Modernist/socrealist urban complex. Wzgórza Krzesławickie (Dzielnica XVII Wzgórza Krzesławickie). Dawna wieś nad rzeką Dłubnią, wzmiankowana źródłowo już w 1198 r. (Creslauicze...",
          "de": "Wohnsiedlung 'Osiedle Krzesławice' in Krakau (XVII Wzgórza Krzesławickie). Urbanistischer Komplex. Wzgórza Krzesławickie (Dzielnica XVII Wzgórza Krzesławickie). Dawna wieś nad rzeką Dłubnią, wzmiankowana źródłowo już w 1198 r. (Creslauicze..."
        },
        "timeline": [
          {
            "year": "1198",
            "event": "wieś Creslauicze"
          },
          {
            "year": "1876",
            "event": "dworek Jana Matejki"
          },
          {
            "year": "1951",
            "event": "włączenie do Krakowa (PRL 1951–1955)"
          }
        ],
        "source": {
          "name": "Encyklopedia Krakowa: Krzesławice",
          "url": "https://pl.wikipedia.org/wiki/Krzes%C5%82awice_(Krak%C3%B3w",
          "label": "Encyklopedia Krakowa"
        },
        "historic_code": "Wieś Krzesławice",
        "engineering_features": ""
      }
    },
    {
      "type": "Feature",
      "id": "os_wadow",
      "geometry": {
        "type": "Point",
        "coordinates": [
          20.121722,
          50.105983
        ]
      },
      "properties": {
        "id": "os_wadow",
        "is_landmark": true,
        "landmark_group": "estates",
        "name": {
          "pl": "Osiedle Wadów",
          "en": "Osiedle Wadów",
          "de": "Osiedle Wadów"
        },
        "prefix": {
          "pl": "osiedle",
          "en": "housing estate",
          "de": "Siedlung"
        },
        "full_name": {
          "pl": "Osiedle Wadów",
          "en": "Osiedle Wadów",
          "de": "Osiedle Wadów"
        },
        "district": {
          "pl": "XVII Wzgórza Krzesławickie",
          "en": "XVII Wzgórza Krzesławickie",
          "de": "XVII Wzgórza Krzesławickie"
        },
        "category": {
          "pl": "Miejsca i obiekty",
          "en": "Places and Landmarks",
          "de": "Orte und Wahrzeichen"
        },
        "year": "Tradycyjna",
        "summary": {
          "pl": "Osiedle Wadów w Krakowie (XVII Wzgórza Krzesławickie).",
          "en": "Osiedle Wadów in Kraków (XVII Wzgórza Krzesławickie).",
          "de": "Osiedle Wadów in Krakau (XVII Wzgórza Krzesławickie)."
        },
        "patron": null,
        "etymology": {
          "pl": "Wzgórza Krzesławickie (Dzielnica XVII Wzgórza Krzesławickie). Dawna wieś rycerska położona nad potokiem Głębokim, wzmiankowana po raz pierwszy w 1399 r. (Wadow). Mieści zabytkowy neorenesansowy pałac Badenich z 1874 r., otoczony parkiem krajobrazowym, wzniesiony dla Józefa Badeniego. Włączona do Krakowa w 1951 r. przy tworzeniu Nowej Huty, zachowuje do dziś kameralny charakter podmiejskiej enklawy.",
          "en": "Housing estate 'Osiedle Wadów' in Kraków (XVII Wzgórza Krzesławickie). Modernist/socrealist urban complex. Wzgórza Krzesławickie (Dzielnica XVII Wzgórza Krzesławickie). Dawna wieś rycerska położona nad potokiem Głębokim, wzmiankowana po raz pierws...",
          "de": "Wohnsiedlung 'Osiedle Wadów' in Krakau (XVII Wzgórza Krzesławickie). Urbanistischer Komplex. Wzgórza Krzesławickie (Dzielnica XVII Wzgórza Krzesławickie). Dawna wieś rycerska położona nad potokiem Głębokim, wzmiankowana po raz pierws..."
        },
        "timeline": [
          {
            "year": "1399",
            "event": "wieś Wadow"
          },
          {
            "year": "1874",
            "event": "budowa pałacu Badenich"
          },
          {
            "year": "1951",
            "event": "włączenie do Krakowa (PRL 1951–1955)"
          }
        ],
        "source": {
          "name": "Encyklopedia Krakowa: Wadów",
          "url": "https://pl.wikipedia.org/wiki/Wad%C3%B3w",
          "label": "Encyklopedia Krakowa"
        },
        "historic_code": "Wadów",
        "engineering_features": ""
      }
    },
    {
      "type": "Feature",
      "id": "os_luczanowice",
      "geometry": {
        "type": "Point",
        "coordinates": [
          20.113139,
          50.10825
        ]
      },
      "properties": {
        "id": "os_luczanowice",
        "is_landmark": true,
        "landmark_group": "estates",
        "name": {
          "pl": "Osiedle Łuczanowice",
          "en": "Osiedle Łuczanowice",
          "de": "Osiedle Łuczanowice"
        },
        "prefix": {
          "pl": "osiedle",
          "en": "housing estate",
          "de": "Siedlung"
        },
        "full_name": {
          "pl": "Osiedle Łuczanowice",
          "en": "Osiedle Łuczanowice",
          "de": "Osiedle Łuczanowice"
        },
        "district": {
          "pl": "XVII Wzgórza Krzesławickie",
          "en": "XVII Wzgórza Krzesławickie",
          "de": "XVII Wzgórza Krzesławickie"
        },
        "category": {
          "pl": "Miejsca i obiekty",
          "en": "Places and Landmarks",
          "de": "Orte und Wahrzeichen"
        },
        "year": "Tradycyjna",
        "summary": {
          "pl": "Osiedle Łuczanowice w Krakowie (XVII Wzgórza Krzesławickie).",
          "en": "Osiedle Łuczanowice in Kraków (XVII Wzgórza Krzesławickie).",
          "de": "Osiedle Łuczanowice in Krakau (XVII Wzgórza Krzesławickie)."
        },
        "patron": null,
        "etymology": {
          "pl": "Wzgórza Krzesławickie (Dzielnica XVII Wzgórza Krzesławickie). Dawna wieś szlachecka, poświadczona od 1406 r. (Luczanowicze). Od XVI do XVIII w. własność kalwińskiej rodziny Żeleńskich, stanowiąca jeden z najważniejszych małopolskich ośrodków reformacji. Na terenie osiedla zachował się klasycystyczny dwór Żeleńskich z 1802 r. oraz unikatowy zabytkowy Cmentarz Ewangelicki z 1856 r. z kaplicą grobową. Włączona do Krakowa w 1973 r.",
          "en": "Housing estate 'Osiedle Łuczanowice' in Kraków (XVII Wzgórza Krzesławickie). Modernist/socrealist urban complex. Wzgórza Krzesławickie (Dzielnica XVII Wzgórza Krzesławickie). Dawna wieś szlachecka, poświadczona od 1406 r. (Luczanowicze). Od XVI do XVIII...",
          "de": "Wohnsiedlung 'Osiedle Łuczanowice' in Krakau (XVII Wzgórza Krzesławickie). Urbanistischer Komplex. Wzgórza Krzesławickie (Dzielnica XVII Wzgórza Krzesławickie). Dawna wieś szlachecka, poświadczona od 1406 r. (Luczanowicze). Od XVI do XVIII..."
        },
        "timeline": [
          {
            "year": "1406",
            "event": "wieś Luczanowicze"
          },
          {
            "year": "1802",
            "event": "dwór Żeleńskich"
          },
          {
            "year": "1973",
            "event": "włączenie do Krakowa (rozszerzenie 1973)"
          }
        ],
        "source": {
          "name": "Encyklopedia Krakowa: Łuczanowice",
          "url": "https://pl.wikipedia.org/wiki/%C5%81uczanowice",
          "label": "Encyklopedia Krakowa"
        },
        "historic_code": "Łuczanowice",
        "engineering_features": ""
      }
    },
    {
      "type": "Feature",
      "id": "os_koscielniki",
      "geometry": {
        "type": "Point",
        "coordinates": [
          20.1504,
          50.0912
        ]
      },
      "properties": {
        "id": "os_koscielniki",
        "is_landmark": true,
        "landmark_group": "estates",
        "name": {
          "pl": "Osiedle Kościelniki",
          "en": "Osiedle Kościelniki",
          "de": "Osiedle Kościelniki"
        },
        "prefix": {
          "pl": "osiedle",
          "en": "housing estate",
          "de": "Siedlung"
        },
        "full_name": {
          "pl": "Osiedle Kościelniki",
          "en": "Osiedle Kościelniki",
          "de": "Osiedle Kościelniki"
        },
        "district": {
          "pl": "XVIII Nowa Huta",
          "en": "XVIII Nowa Huta",
          "de": "XVIII Nowa Huta"
        },
        "category": {
          "pl": "Miejsca i obiekty",
          "en": "Places and Landmarks",
          "de": "Orte und Wahrzeichen"
        },
        "year": "Tradycyjna",
        "summary": {
          "pl": "Osiedle Kościelniki w Krakowie (XVIII Nowa Huta).",
          "en": "Osiedle Kościelniki in Kraków (XVIII Nowa Huta).",
          "de": "Osiedle Kościelniki in Krakau (XVIII Nowa Huta)."
        },
        "patron": null,
        "etymology": {
          "pl": "Nowa Huta (Dzielnica XVIII Nowa Huta). Historyczna wieś nad rzeką Suchym Jarem na wschodnich rubieżach Krakowa, wzmiankowana w źródłach kościelnych od 1325 r. Nazwa o charakterze służebnym (kościelnicy – mieszkańcy posługujący w kościele). Mieści zabytkowy zespół pałacowo-parkowy hrabiów Wodzickich z XVIII w. z kaplicą i rozległym parkiem krajobrazowym ze starodrzewem. Włączona do Krakowa w 1973 r.",
          "en": "Housing estate 'Osiedle Kościelniki' in Kraków (XVIII Nowa Huta). Modernist/socrealist urban complex. Nowa Huta (Dzielnica XVIII Nowa Huta). Historyczna wieś nad rzeką Suchym Jarem na wschodnich rubieżach Krakowa, wzmiankowana w źródłach kośc...",
          "de": "Wohnsiedlung 'Osiedle Kościelniki' in Krakau (XVIII Nowa Huta). Urbanistischer Komplex. Nowa Huta (Dzielnica XVIII Nowa Huta). Historyczna wieś nad rzeką Suchym Jarem na wschodnich rubieżach Krakowa, wzmiankowana w źródłach kośc..."
        },
        "timeline": [
          {
            "year": "1325",
            "event": "wieś Kosczelnik"
          },
          {
            "year": "1773",
            "event": "pałac Wodzickich"
          },
          {
            "year": "1973",
            "event": "włączenie do Krakowa (rozszerzenie 1973)"
          }
        ],
        "source": {
          "name": "Encyklopedia Krakowa: Kościelniki",
          "url": "https://pl.wikipedia.org/wiki/Ko%C5%9Bcielniki_(Krak%C3%B3w",
          "label": "Encyklopedia Krakowa"
        },
        "historic_code": "Kościelniki",
        "engineering_features": ""
      }
    },
    {
      "type": "Feature",
      "id": "os_ruszcza",
      "geometry": {
        "type": "Point",
        "coordinates": [
          20.1083,
          50.0824
        ]
      },
      "properties": {
        "id": "os_ruszcza",
        "is_landmark": true,
        "landmark_group": "estates",
        "name": {
          "pl": "Osiedle Ruszcza",
          "en": "Osiedle Ruszcza",
          "de": "Osiedle Ruszcza"
        },
        "prefix": {
          "pl": "osiedle",
          "en": "housing estate",
          "de": "Siedlung"
        },
        "full_name": {
          "pl": "Osiedle Ruszcza",
          "en": "Osiedle Ruszcza",
          "de": "Osiedle Ruszcza"
        },
        "district": {
          "pl": "XVIII Nowa Huta",
          "en": "XVIII Nowa Huta",
          "de": "XVIII Nowa Huta"
        },
        "category": {
          "pl": "Miejsca i obiekty",
          "en": "Places and Landmarks",
          "de": "Orte und Wahrzeichen"
        },
        "year": "Tradycyjna",
        "summary": {
          "pl": "Osiedle Ruszcza w Krakowie (XVIII Nowa Huta).",
          "en": "Osiedle Ruszcza in Kraków (XVIII Nowa Huta).",
          "de": "Osiedle Ruszcza in Krakau (XVIII Nowa Huta)."
        },
        "patron": null,
        "etymology": {
          "pl": "Nowa Huta (Dzielnica XVIII Nowa Huta). Jedna z najstarszych osad rycerskich Małopolski, wzmiankowana od 1222 r. jako gniazdo możnowładczego rodu Świebodziców-Gryfitów i wojewody krakowskiego komesa Goworka z Ruszczy. Zachował się tu gotycki ceglany kościół św. Grzegorza Wielkiego z 1420 r. ufundowany przez Wierzbiętę z Branic (z renesansowymi nagrobkami Branickich), a także klasycystyczny dwór Popielów i park krajobrazowy. Włączona do Krakowa w 1973 r.",
          "en": "Housing estate 'Osiedle Ruszcza' in Kraków (XVIII Nowa Huta). Modernist/socrealist urban complex. Nowa Huta (Dzielnica XVIII Nowa Huta). Jedna z najstarszych osad rycerskich Małopolski, wzmiankowana od 1222 r. jako gniazdo możnowładczego ...",
          "de": "Wohnsiedlung 'Osiedle Ruszcza' in Krakau (XVIII Nowa Huta). Urbanistischer Komplex. Nowa Huta (Dzielnica XVIII Nowa Huta). Jedna z najstarszych osad rycerskich Małopolski, wzmiankowana od 1222 r. jako gniazdo możnowładczego ..."
        },
        "timeline": [
          {
            "year": "1222",
            "event": "wieś Ruscza"
          },
          {
            "year": "1420",
            "event": "fundacja gotyckiego kościoła św. Grzegorza"
          },
          {
            "year": "1973",
            "event": "włączenie do Krakowa (rozszerzenie 1973)"
          }
        ],
        "source": {
          "name": "Encyklopedia Krakowa: Ruszcza",
          "url": "https://pl.wikipedia.org/wiki/Ruszcza_(Krak%C3%B3w",
          "label": "Encyklopedia Krakowa"
        },
        "historic_code": "Ruszcza",
        "engineering_features": ""
      }
    },
    {
      "type": "Feature",
      "id": "os_pradnik_czerwony",
      "geometry": {
        "type": "Point",
        "coordinates": [
          19.970637,
          50.094957
        ]
      },
      "properties": {
        "id": "os_pradnik_czerwony",
        "is_landmark": true,
        "landmark_group": "estates",
        "name": {
          "pl": "Osiedle Prądnik Czerwony",
          "en": "Osiedle Prądnik Czerwony",
          "de": "Osiedle Prądnik Czerwony"
        },
        "prefix": {
          "pl": "osiedle",
          "en": "housing estate",
          "de": "Siedlung"
        },
        "full_name": {
          "pl": "Osiedle Prądnik Czerwony",
          "en": "Osiedle Prądnik Czerwony",
          "de": "Osiedle Prądnik Czerwony"
        },
        "district": {
          "pl": "III Prądnik Czerwony",
          "en": "III Prądnik Czerwony",
          "de": "III Prądnik Czerwony"
        },
        "category": {
          "pl": "Miejsca i obiekty",
          "en": "Places and Landmarks",
          "de": "Orte und Wahrzeichen"
        },
        "year": "1970/80",
        "summary": {
          "pl": "Osiedle Prądnik Czerwony w Krakowie (III Prądnik Czerwony).",
          "en": "Osiedle Prądnik Czerwony in Kraków (III Prądnik Czerwony).",
          "de": "Osiedle Prądnik Czerwony in Krakau (III Prądnik Czerwony)."
        },
        "patron": null,
        "etymology": {
          "pl": "Prądnik Czerwony (Dzielnica III Prądnik Czerwony). Dawna wieś królewska i duchowna nad rzeką Prądnik (Białuchą), lokowana w 1288 r. jako Magna Prandnik (Prądnik Wielki), od XV w. zwana Prądnikiem Czerwonym (od koloru dachów folwarku lub cegieł). Wielki modernistyczny zespół mieszkaniowy powstał w latach 1975–1985 według projektu arch. Wojciecha Wojtyszki w dolinie Sudołu Dominikańskiego, z dominantami 11-piętrowych bloków wielkopłytowych W-70.",
          "en": "Housing estate 'Osiedle Prądnik Czerwony' in Kraków (III Prądnik Czerwony). Modernist/socrealist urban complex. Prądnik Czerwony (Dzielnica III Prądnik Czerwony). Dawna wieś królewska i duchowna nad rzeką Prądnik (Białuchą), lokowana w 1288 r. jako Mag...",
          "de": "Wohnsiedlung 'Osiedle Prądnik Czerwony' in Krakau (III Prądnik Czerwony). Urbanistischer Komplex. Prądnik Czerwony (Dzielnica III Prądnik Czerwony). Dawna wieś królewska i duchowna nad rzeką Prądnik (Białuchą), lokowana w 1288 r. jako Mag..."
        },
        "timeline": [
          {
            "year": "1288",
            "event": "lokacja wsi Magna Prandnik"
          },
          {
            "year": "1910",
            "event": "włączenie do Krakowa (Wielki Kraków)"
          },
          {
            "year": "1975",
            "event": "budowa pasma wielkopłytowego"
          }
        ],
        "source": {
          "name": "Encyklopedia Krakowa: Prądnik Czerwony",
          "url": "https://pl.wikipedia.org/wiki/Pr%C4%85dnik_Czerwony",
          "label": "Encyklopedia Krakowa"
        },
        "historic_code": "Prądnik Północ",
        "engineering_features": ""
      }
    },
    {
      "type": "Feature",
      "id": "os_ugorek",
      "geometry": {
        "type": "Point",
        "coordinates": [
          19.983806,
          50.079034
        ]
      },
      "properties": {
        "id": "os_ugorek",
        "is_landmark": true,
        "landmark_group": "estates",
        "name": {
          "pl": "Osiedle Ugorek",
          "en": "Osiedle Ugorek",
          "de": "Osiedle Ugorek"
        },
        "prefix": {
          "pl": "osiedle",
          "en": "housing estate",
          "de": "Siedlung"
        },
        "full_name": {
          "pl": "Osiedle Ugorek",
          "en": "Osiedle Ugorek",
          "de": "Osiedle Ugorek"
        },
        "district": {
          "pl": "III Prądnik Czerwony",
          "en": "III Prądnik Czerwony",
          "de": "III Prądnik Czerwony"
        },
        "category": {
          "pl": "Miejsca i obiekty",
          "en": "Places and Landmarks",
          "de": "Orte und Wahrzeichen"
        },
        "year": "1960",
        "summary": {
          "pl": "Osiedle Ugorek w Krakowie (III Prądnik Czerwony).",
          "en": "Osiedle Ugorek in Kraków (III Prądnik Czerwony).",
          "de": "Osiedle Ugorek in Krakau (III Prądnik Czerwony)."
        },
        "patron": null,
        "etymology": {
          "pl": "Prądnik Czerwony (Dzielnica III Prądnik Czerwony). Wybudowane w latach 1961–1967 według projektu Antoniego Mazura. Stanowi wybitny przykład powojennego krakowskiego modernizmu lat 60. – kameralna, niska zabudowa 4-kondygnacyjna uzupełniona kilkoma punktowcami, wkomponowana w gęstą zieleń parkową. Nazwa wywodzi się od dawnego toponimu pól uprawnych i ugorów (Ugorek) folwarku Olsza.",
          "en": "Housing estate 'Osiedle Ugorek' in Kraków (III Prądnik Czerwony). Modernist/socrealist urban complex. Prądnik Czerwony (Dzielnica III Prądnik Czerwony). Wybudowane w latach 1961–1967 według projektu Antoniego Mazura. Stanowi wybitny przykład ...",
          "de": "Wohnsiedlung 'Osiedle Ugorek' in Krakau (III Prądnik Czerwony). Urbanistischer Komplex. Prądnik Czerwony (Dzielnica III Prądnik Czerwony). Wybudowane w latach 1961–1967 według projektu Antoniego Mazura. Stanowi wybitny przykład ..."
        },
        "timeline": [
          {
            "year": "1961",
            "event": "rozpoczęcie budowy osiedla modernistycznego Ugorek"
          }
        ],
        "source": {
          "name": "Encyklopedia Krakowa: Osiedle Ugorek",
          "url": "https://pl.wikipedia.org/wiki/Osiedle_Ugorek",
          "label": "Encyklopedia Krakowa"
        },
        "historic_code": "Ugorek",
        "engineering_features": ""
      }
    },
    {
      "type": "Feature",
      "id": "os_wieczysta",
      "geometry": {
        "type": "Point",
        "coordinates": [
          19.981944,
          50.073611
        ]
      },
      "properties": {
        "id": "os_wieczysta",
        "is_landmark": true,
        "landmark_group": "estates",
        "name": {
          "pl": "Osiedle Wieczysta",
          "en": "Osiedle Wieczysta",
          "de": "Osiedle Wieczysta"
        },
        "prefix": {
          "pl": "osiedle",
          "en": "housing estate",
          "de": "Siedlung"
        },
        "full_name": {
          "pl": "Osiedle Wieczysta",
          "en": "Osiedle Wieczysta",
          "de": "Osiedle Wieczysta"
        },
        "district": {
          "pl": "III Prądnik Czerwony",
          "en": "III Prądnik Czerwony",
          "de": "III Prądnik Czerwony"
        },
        "category": {
          "pl": "Miejsca i obiekty",
          "en": "Places and Landmarks",
          "de": "Orte und Wahrzeichen"
        },
        "year": "1950/60",
        "summary": {
          "pl": "Osiedle Wieczysta w Krakowie (III Prądnik Czerwony).",
          "en": "Osiedle Wieczysta in Kraków (III Prądnik Czerwony).",
          "de": "Osiedle Wieczysta in Krakau (III Prądnik Czerwony)."
        },
        "patron": null,
        "etymology": {
          "pl": "Prądnik Czerwony (Dzielnica III Prądnik Czerwony). Wzniesione w latach 1958–1965 w trójkącie ulic Mogilskiej, Meissnera i al. Jana Pawła II. Zespół zabudowy wielorodzinnej zrealizowany na terenach dawnych gruntów folwarcznych, w sąsiedztwie klasztoru i kościoła Matki Bożej Ostrobramskiej oo. pijarów (erygowanego w 1948 r.). Nazwa pochodzi od dawnej kolonii robotniczej i nazwy parcelacyjnej Wieczysta.",
          "en": "Housing estate 'Osiedle Wieczysta' in Kraków (III Prądnik Czerwony). Modernist/socrealist urban complex. Prądnik Czerwony (Dzielnica III Prądnik Czerwony). Wzniesione w latach 1958–1965 w trójkącie ulic Mogilskiej, Meissnera i al. Jana Pawła II....",
          "de": "Wohnsiedlung 'Osiedle Wieczysta' in Krakau (III Prądnik Czerwony). Urbanistischer Komplex. Prądnik Czerwony (Dzielnica III Prądnik Czerwony). Wzniesione w latach 1958–1965 w trójkącie ulic Mogilskiej, Meissnera i al. Jana Pawła II...."
        },
        "timeline": [
          {
            "year": "1958",
            "event": "budowa osiedla Wieczysta przy ul. Mogilskiej"
          }
        ],
        "source": {
          "name": "Encyklopedia Krakowa: Osiedle Wieczysta",
          "url": "https://pl.wikipedia.org/wiki/Osiedle_Wieczysta",
          "label": "Encyklopedia Krakowa"
        },
        "historic_code": "Wieczysta",
        "engineering_features": ""
      }
    },
    {
      "type": "Feature",
      "id": "os_olsza_2",
      "geometry": {
        "type": "Point",
        "coordinates": [
          19.961472,
          50.081416
        ]
      },
      "properties": {
        "id": "os_olsza_2",
        "is_landmark": true,
        "landmark_group": "estates",
        "name": {
          "pl": "Osiedle Olsza II",
          "en": "Osiedle Olsza II",
          "de": "Osiedle Olsza II"
        },
        "prefix": {
          "pl": "osiedle",
          "en": "housing estate",
          "de": "Siedlung"
        },
        "full_name": {
          "pl": "Osiedle Olsza II",
          "en": "Osiedle Olsza II",
          "de": "Osiedle Olsza II"
        },
        "district": {
          "pl": "III Prądnik Czerwony",
          "en": "III Prądnik Czerwony",
          "de": "III Prądnik Czerwony"
        },
        "category": {
          "pl": "Miejsca i obiekty",
          "en": "Places and Landmarks",
          "de": "Orte und Wahrzeichen"
        },
        "year": "1960/70",
        "summary": {
          "pl": "Osiedle Olsza II w Krakowie (III Prądnik Czerwony).",
          "en": "Osiedle Olsza II in Kraków (III Prądnik Czerwony).",
          "de": "Osiedle Olsza II in Krakau (III Prądnik Czerwony)."
        },
        "patron": null,
        "etymology": {
          "pl": "Prądnik Czerwony (Dzielnica III Prądnik Czerwony). Zrealizowane w latach 1965–1972 według projektu Mirosława Rymana i Danuty Ptaszyckiej po obu stronach ul. Pilotów i rzeki Białuchy. Obejmuje modernistyczne punktowce i bloki podłużne o układzie grzebieniowym, z zachowaniem otwarcia napowietrzającego miasto od strony wschodniej. Nazwa nawiązuje do historycznej wsi i folwarku Olsza (rodziny Potockich).",
          "en": "Housing estate 'Osiedle Olsza II' in Kraków (III Prądnik Czerwony). Modernist/socrealist urban complex. Prądnik Czerwony (Dzielnica III Prądnik Czerwony). Zrealizowane w latach 1965–1972 według projektu Mirosława Rymana i Danuty Ptaszyckiej po ...",
          "de": "Wohnsiedlung 'Osiedle Olsza II' in Krakau (III Prądnik Czerwony). Urbanistischer Komplex. Prądnik Czerwony (Dzielnica III Prądnik Czerwony). Zrealizowane w latach 1965–1972 według projektu Mirosława Rymana i Danuty Ptaszyckiej po ..."
        },
        "timeline": [
          {
            "year": "1965",
            "event": "rozpoczęcie budowy osiedla Olsza II"
          }
        ],
        "source": {
          "name": "Encyklopedia Krakowa: Osiedle Olsza II",
          "url": "https://pl.wikipedia.org/wiki/Osiedle_Olsza_II",
          "label": "Encyklopedia Krakowa"
        },
        "historic_code": "Olsza",
        "engineering_features": ""
      }
    },
    {
      "type": "Feature",
      "id": "os_oficerskie",
      "geometry": {
        "type": "Point",
        "coordinates": [
          19.964808,
          50.070273
        ]
      },
      "properties": {
        "id": "os_oficerskie",
        "is_landmark": true,
        "landmark_group": "estates",
        "name": {
          "pl": "Osiedle Oficerskie",
          "en": "Osiedle Oficerskie",
          "de": "Osiedle Oficerskie"
        },
        "prefix": {
          "pl": "osiedle",
          "en": "housing estate",
          "de": "Siedlung"
        },
        "full_name": {
          "pl": "Osiedle Oficerskie",
          "en": "Osiedle Oficerskie",
          "de": "Osiedle Oficerskie"
        },
        "district": {
          "pl": "II Grzegórzki",
          "en": "II Grzegórzki",
          "de": "II Grzegórzki"
        },
        "category": {
          "pl": "Miejsca i obiekty",
          "en": "Places and Landmarks",
          "de": "Orte und Wahrzeichen"
        },
        "year": "1920/30",
        "summary": {
          "pl": "Osiedle Oficerskie w Krakowie (II Grzegórzki).",
          "en": "Osiedle Oficerskie in Kraków (II Grzegórzki).",
          "de": "Osiedle Oficerskie in Krakau (II Grzegórzki)."
        },
        "patron": null,
        "etymology": {
          "pl": "Grzegórzki (Dzielnica II Grzegórzki). Unikatowy, luksusowy zespół willowo-mieszkaniowy powstały w latach 1928–1939 na gruntach dawnego fortu Luneta Grzegórzecka. Zaprojektowany przez czołowych krakowskich architektów dwudziestolecia międzywojennego (m.in. Adolfa Szyszko-Bohusza, Fryderyka Tadaniera, Wacława Krzyżanowskiego) dla wyższej kadry oficerskiej Wojska Polskiego i urzędników państwowych II RP. Dominują modernistyczne wille, domy w stylu dworkowym i funkcjonalistyczne wille bliźniacze w zieleni ogrodowej.",
          "en": "Housing estate 'Osiedle Oficerskie' in Kraków (II Grzegórzki). Modernist/socrealist urban complex. Grzegórzki (Dzielnica II Grzegórzki). Unikatowy, luksusowy zespół willowo-mieszkaniowy powstały w latach 1928–1939 na gruntach dawnego fortu...",
          "de": "Wohnsiedlung 'Osiedle Oficerskie' in Krakau (II Grzegórzki). Urbanistischer Komplex. Grzegórzki (Dzielnica II Grzegórzki). Unikatowy, luksusowy zespół willowo-mieszkaniowy powstały w latach 1928–1939 na gruntach dawnego fortu..."
        },
        "timeline": [
          {
            "year": "1928",
            "event": "wytyczenie Kolonii Oficerskiej (DRK 1926–1933)"
          },
          {
            "year": "1955",
            "event": "ujednolicenie jako Osiedle Oficerskie"
          }
        ],
        "source": {
          "name": "Encyklopedia Krakowa: Osiedle Oficerskie",
          "url": "https://pl.wikipedia.org/wiki/Osiedle_Oficerskie",
          "label": "Encyklopedia Krakowa"
        },
        "historic_code": "Kolonia Oficerska",
        "engineering_features": ""
      }
    },
    {
      "type": "Feature",
      "id": "os_krowodrza_gorka",
      "geometry": {
        "type": "Point",
        "coordinates": [
          19.926964,
          50.087476
        ]
      },
      "properties": {
        "id": "os_krowodrza_gorka",
        "is_landmark": true,
        "landmark_group": "estates",
        "name": {
          "pl": "Osiedle Krowodrza Górka",
          "en": "Osiedle Krowodrza Górka",
          "de": "Osiedle Krowodrza Górka"
        },
        "prefix": {
          "pl": "osiedle",
          "en": "housing estate",
          "de": "Siedlung"
        },
        "full_name": {
          "pl": "Osiedle Krowodrza Górka",
          "en": "Osiedle Krowodrza Górka",
          "de": "Osiedle Krowodrza Górka"
        },
        "district": {
          "pl": "IV Prądnik Biały",
          "en": "IV Prądnik Biały",
          "de": "IV Prądnik Biały"
        },
        "category": {
          "pl": "Miejsca i obiekty",
          "en": "Places and Landmarks",
          "de": "Orte und Wahrzeichen"
        },
        "year": "1970",
        "summary": {
          "pl": "Osiedle Krowodrza Górka w Krakowie (IV Prądnik Biały).",
          "en": "Osiedle Krowodrza Górka in Kraków (IV Prądnik Biały).",
          "de": "Osiedle Krowodrza Górka in Krakau (IV Prądnik Biały)."
        },
        "patron": null,
        "etymology": {
          "pl": "Prądnik Biały (Dzielnica IV Prądnik Biały). Wzniesione w latach 1974–1979 na północnych rubieżach dawnej wsi Krowodrza. Do 1991 r. nosiło propagandową nazwę Osiedle XXX-lecia PRL. Uchwałą RMK z 1991 r. przywrócono toponimiczną nazwę Krowodrza Górka (od naturalnego wzniesienia nad doliną Prądnika). Kluczowy północny węzeł przesiadkowy z pętlą tramwajową, Parkiem Krowoderskim oraz rozległymi terenami rekreacyjnymi.",
          "en": "Housing estate 'Osiedle Krowodrza Górka' in Kraków (IV Prądnik Biały). Modernist/socrealist urban complex. Prądnik Biały (Dzielnica IV Prądnik Biały). Wzniesione w latach 1974–1979 na północnych rubieżach dawnej wsi Krowodrza. Do 1991 r. nosiło pr...",
          "de": "Wohnsiedlung 'Osiedle Krowodrza Górka' in Krakau (IV Prądnik Biały). Urbanistischer Komplex. Prądnik Biały (Dzielnica IV Prądnik Biały). Wzniesione w latach 1974–1979 na północnych rubieżach dawnej wsi Krowodrza. Do 1991 r. nosiło pr..."
        },
        "timeline": [
          {
            "year": "1975",
            "event": "Osiedle XXX-lecia PRL"
          },
          {
            "year": "1991",
            "event": "Osiedle Krowodrza Górka (dekomunizacja 1991)"
          }
        ],
        "source": {
          "name": "Encyklopedia Krakowa: Osiedle Krowodrza Górka",
          "url": "https://pl.wikipedia.org/wiki/Osiedle_Krowodrza_G%C3%B3rka",
          "label": "Encyklopedia Krakowa"
        },
        "historic_code": "d. XXX-lecia PRL",
        "engineering_features": ""
      }
    },
    {
      "type": "Feature",
      "id": "os_azory",
      "geometry": {
        "type": "Point",
        "coordinates": [
          19.91212,
          50.086048
        ]
      },
      "properties": {
        "id": "os_azory",
        "is_landmark": true,
        "landmark_group": "estates",
        "name": {
          "pl": "Osiedle Azory",
          "en": "Osiedle Azory",
          "de": "Osiedle Azory"
        },
        "prefix": {
          "pl": "osiedle",
          "en": "housing estate",
          "de": "Siedlung"
        },
        "full_name": {
          "pl": "Osiedle Azory",
          "en": "Osiedle Azory",
          "de": "Osiedle Azory"
        },
        "district": {
          "pl": "IV Prądnik Biały",
          "en": "IV Prądnik Biały",
          "de": "IV Prądnik Biały"
        },
        "category": {
          "pl": "Miejsca i obiekty",
          "en": "Places and Landmarks",
          "de": "Orte und Wahrzeichen"
        },
        "year": "1960/70",
        "summary": {
          "pl": "Osiedle Azory w Krakowie (IV Prądnik Biały).",
          "en": "Osiedle Azory in Kraków (IV Prądnik Biały).",
          "de": "Osiedle Azory in Krakau (IV Prądnik Biały)."
        },
        "patron": null,
        "etymology": {
          "pl": "Prądnik Biały (Dzielnica IV Prądnik Biały). Budowane od 1962 r. do lat 70. XX w. na dawnych piaszczystych pastwiskach Bronowic Wielkich. Egzotyczna nazwa toponimiczna Azory powstała w latach 30. XX w. – pierwotnie jako żartobliwe miano odległych, odizolowanych od centrum domków i szałasów, nawiązujące do portugalskiego archipelagu wysp Azorów na Oceanie Atlantyckim. W latach 60. wzniesiono tu zespół bloków z charakterystyczną infrastrukturą handlową i pętlą autobusową.",
          "en": "Housing estate 'Osiedle Azory' in Kraków (IV Prądnik Biały). Modernist/socrealist urban complex. Prądnik Biały (Dzielnica IV Prądnik Biały). Budowane od 1962 r. do lat 70. XX w. na dawnych piaszczystych pastwiskach Bronowic Wielkich. Egz...",
          "de": "Wohnsiedlung 'Osiedle Azory' in Krakau (IV Prądnik Biały). Urbanistischer Komplex. Prądnik Biały (Dzielnica IV Prądnik Biały). Budowane od 1962 r. do lat 70. XX w. na dawnych piaszczystych pastwiskach Bronowic Wielkich. Egz..."
        },
        "timeline": [
          {
            "year": "1930",
            "event": "powstanie podmiejskiej osady Azory"
          },
          {
            "year": "1962",
            "event": "budowa wielorodzinnego osiedla Azory"
          }
        ],
        "source": {
          "name": "Encyklopedia Krakowa: Osiedle Azory",
          "url": "https://pl.wikipedia.org/wiki/Azory_(Krak%C3%B3w",
          "label": "Encyklopedia Krakowa"
        },
        "historic_code": "Azory",
        "engineering_features": ""
      }
    },
    {
      "type": "Feature",
      "id": "os_witkowice_nowe",
      "geometry": {
        "type": "Point",
        "coordinates": [
          19.942093,
          50.105567
        ]
      },
      "properties": {
        "id": "os_witkowice_nowe",
        "is_landmark": true,
        "landmark_group": "estates",
        "name": {
          "pl": "Osiedle Witkowice Nowe",
          "en": "Osiedle Witkowice Nowe",
          "de": "Osiedle Witkowice Nowe"
        },
        "prefix": {
          "pl": "osiedle",
          "en": "housing estate",
          "de": "Siedlung"
        },
        "full_name": {
          "pl": "Osiedle Witkowice Nowe",
          "en": "Osiedle Witkowice Nowe",
          "de": "Osiedle Witkowice Nowe"
        },
        "district": {
          "pl": "IV Prądnik Biały",
          "en": "IV Prądnik Biały",
          "de": "IV Prądnik Biały"
        },
        "category": {
          "pl": "Miejsca i obiekty",
          "en": "Places and Landmarks",
          "de": "Orte und Wahrzeichen"
        },
        "year": "1980/90",
        "summary": {
          "pl": "Osiedle Witkowice Nowe w Krakowie (IV Prądnik Biały).",
          "en": "Osiedle Witkowice Nowe in Kraków (IV Prądnik Biały).",
          "de": "Osiedle Witkowice Nowe in Krakau (IV Prądnik Biały)."
        },
        "patron": null,
        "etymology": {
          "pl": "Prądnik Biały (Dzielnica IV Prądnik Biały). Kameralny zespół domów jednorodzinnych i niskiej zabudowy wielorodzinnej, wznoszony od lat 80. XX w. w sąsiedztwie Parku Leśnego Witkowice nad rzeką Bibiczanką. Teren dawnej wsi Witkowice (wzmiankowanej od 1360 r. jako własność kapituły katedralnej na Wawelu).",
          "en": "Housing estate 'Osiedle Witkowice Nowe' in Kraków (IV Prądnik Biały). Modernist/socrealist urban complex. Prądnik Biały (Dzielnica IV Prądnik Biały). Kameralny zespół domów jednorodzinnych i niskiej zabudowy wielorodzinnej, wznoszony od lat 80. X...",
          "de": "Wohnsiedlung 'Osiedle Witkowice Nowe' in Krakau (IV Prądnik Biały). Urbanistischer Komplex. Prądnik Biały (Dzielnica IV Prądnik Biały). Kameralny zespół domów jednorodzinnych i niskiej zabudowy wielorodzinnej, wznoszony od lat 80. X..."
        },
        "timeline": [
          {
            "year": "1360",
            "event": "wieś Witkowice"
          },
          {
            "year": "1941",
            "event": "włączenie do Krakowa"
          },
          {
            "year": "1985",
            "event": "budowa osiedla Witkowice Nowe"
          }
        ],
        "source": {
          "name": "Encyklopedia Krakowa: Osiedle Witkowice Nowe",
          "url": "https://pl.wikipedia.org/wiki/Witkowice_(Krak%C3%B3w",
          "label": "Encyklopedia Krakowa"
        },
        "historic_code": "Witkowice",
        "engineering_features": ""
      }
    },
    {
      "type": "Feature",
      "id": "os_gotyk",
      "geometry": {
        "type": "Point",
        "coordinates": [
          19.965861,
          50.100237
        ]
      },
      "properties": {
        "id": "os_gotyk",
        "is_landmark": true,
        "landmark_group": "estates",
        "name": {
          "pl": "Osiedle Gotyk",
          "en": "Osiedle Gotyk",
          "de": "Osiedle Gotyk"
        },
        "prefix": {
          "pl": "osiedle",
          "en": "housing estate",
          "de": "Siedlung"
        },
        "full_name": {
          "pl": "Osiedle Gotyk",
          "en": "Osiedle Gotyk",
          "de": "Osiedle Gotyk"
        },
        "district": {
          "pl": "IV Prądnik Biały",
          "en": "IV Prądnik Biały",
          "de": "IV Prądnik Biały"
        },
        "category": {
          "pl": "Miejsca i obiekty",
          "en": "Places and Landmarks",
          "de": "Orte und Wahrzeichen"
        },
        "year": "2000+",
        "summary": {
          "pl": "Osiedle Gotyk w Krakowie (IV Prądnik Biały).",
          "en": "Osiedle Gotyk in Kraków (IV Prądnik Biały).",
          "de": "Osiedle Gotyk in Krakau (IV Prądnik Biały)."
        },
        "patron": null,
        "etymology": {
          "pl": "Prądnik Biały (Dzielnica IV Prądnik Biały). Nowoczesne osiedle mieszkaniowe wznoszone od końca lat 90. XX w. i na początku XXI w. na wzgórzu Górka Narodowa. Nazwa nawiązuje do stylu architektonicznego gotyku – nazwy ulic na osiedlu czerpią z tej stylistyki (ul. ks. Meiera, Banacha, Architektów, Gotycka).",
          "en": "Housing estate 'Osiedle Gotyk' in Kraków (IV Prądnik Biały). Modernist/socrealist urban complex. Prądnik Biały (Dzielnica IV Prądnik Biały). Nowoczesne osiedle mieszkaniowe wznoszone od końca lat 90. XX w. i na początku XXI w. na wzgórzu...",
          "de": "Wohnsiedlung 'Osiedle Gotyk' in Krakau (IV Prądnik Biały). Urbanistischer Komplex. Prądnik Biały (Dzielnica IV Prądnik Biały). Nowoczesne osiedle mieszkaniowe wznoszone od końca lat 90. XX w. i na początku XXI w. na wzgórzu..."
        },
        "timeline": [],
        "source": {
          "name": "Encyklopedia Krakowa: Osiedle Gotyk",
          "url": "https://pl.wikipedia.org/wiki/G%C3%B3rka_Narodowa",
          "label": "Encyklopedia Krakowa"
        },
        "historic_code": "Górka Narodowa Wschód",
        "engineering_features": ""
      }
    },
    {
      "type": "Feature",
      "id": "os_zabiniec",
      "geometry": {
        "type": "Point",
        "coordinates": [
          19.944581,
          50.085382
        ]
      },
      "properties": {
        "id": "os_zabiniec",
        "is_landmark": true,
        "landmark_group": "estates",
        "name": {
          "pl": "Osiedle Żabiniec",
          "en": "Osiedle Żabiniec",
          "de": "Osiedle Żabiniec"
        },
        "prefix": {
          "pl": "osiedle",
          "en": "housing estate",
          "de": "Siedlung"
        },
        "full_name": {
          "pl": "Osiedle Żabiniec",
          "en": "Osiedle Żabiniec",
          "de": "Osiedle Żabiniec"
        },
        "district": {
          "pl": "IV Prądnik Biały",
          "en": "IV Prądnik Biały",
          "de": "IV Prądnik Biały"
        },
        "category": {
          "pl": "Miejsca i obiekty",
          "en": "Places and Landmarks",
          "de": "Orte und Wahrzeichen"
        },
        "year": "1990/2000",
        "summary": {
          "pl": "Osiedle Żabiniec w Krakowie (IV Prądnik Biały).",
          "en": "Osiedle Żabiniec in Kraków (IV Prądnik Biały).",
          "de": "Osiedle Żabiniec in Krakau (IV Prądnik Biały)."
        },
        "patron": null,
        "etymology": {
          "pl": "Prądnik Biały (Dzielnica IV Prądnik Biały). Pionierski zespół kwartałów deweloperskich i spółdzielczych, wznoszony dynamicznie od lat 90. XX w. w rejonie dawnego Dworca Towarowego i ul. Zdrowej. Nazwa pochodzi od dawnego mikrotoponimu Żabiniec – podmokłych łąk łęgowych w dolinie potoku Białucha (Prądnik), gdzie dawniej występowały liczne siedliska płazów.",
          "en": "Housing estate 'Osiedle Żabiniec' in Kraków (IV Prądnik Biały). Modernist/socrealist urban complex. Prądnik Biały (Dzielnica IV Prądnik Biały). Pionierski zespół kwartałów deweloperskich i spółdzielczych, wznoszony dynamicznie od lat 90. XX...",
          "de": "Wohnsiedlung 'Osiedle Żabiniec' in Krakau (IV Prądnik Biały). Urbanistischer Komplex. Prądnik Biały (Dzielnica IV Prądnik Biały). Pionierski zespół kwartałów deweloperskich i spółdzielczych, wznoszony dynamicznie od lat 90. XX..."
        },
        "timeline": [
          {
            "year": "1918",
            "event": "mikrotoponim Żabiniec"
          },
          {
            "year": "1993",
            "event": "początek intensywnej zabudowy osiedla Żabiniec"
          }
        ],
        "source": {
          "name": "Encyklopedia Krakowa: Osiedle Żabiniec",
          "url": "https://pl.wikipedia.org/wiki/%C5%BBabiniec_(Krak%C3%B3w",
          "label": "Encyklopedia Krakowa"
        },
        "historic_code": "Żabiniec",
        "engineering_features": ""
      }
    },
    {
      "type": "Feature",
      "id": "os_widok",
      "geometry": {
        "type": "Point",
        "coordinates": [
          19.884959,
          50.074445
        ]
      },
      "properties": {
        "id": "os_widok",
        "is_landmark": true,
        "landmark_group": "estates",
        "name": {
          "pl": "Osiedle Widok (Zarzecze)",
          "en": "Osiedle Widok (Zarzecze)",
          "de": "Osiedle Widok (Zarzecze)"
        },
        "prefix": {
          "pl": "osiedle",
          "en": "housing estate",
          "de": "Siedlung"
        },
        "full_name": {
          "pl": "Osiedle Widok (Zarzecze)",
          "en": "Osiedle Widok (Zarzecze)",
          "de": "Osiedle Widok (Zarzecze)"
        },
        "district": {
          "pl": "VI Bronowice",
          "en": "VI Bronowice",
          "de": "VI Bronowice"
        },
        "category": {
          "pl": "Miejsca i obiekty",
          "en": "Places and Landmarks",
          "de": "Orte und Wahrzeichen"
        },
        "year": "1970",
        "summary": {
          "pl": "Osiedle Widok (Zarzecze) w Krakowie (VI Bronowice).",
          "en": "Osiedle Widok (Zarzecze) in Kraków (VI Bronowice).",
          "de": "Osiedle Widok (Zarzecze) in Krakau (VI Bronowice)."
        },
        "patron": null,
        "etymology": {
          "pl": "Bronowice (Dzielnica VI Bronowice). Wybitny zespół mieszkaniowy zrealizowany w latach 1971–1979 według projektu prof. Krzysztofa Bienia. Układ urbanistyczny został kaskadowo i tarasowo wpisany w krajobraz doliny Młynówki Królewskiej i wzgórz bronowickich, z centralnym deptakiem pieszym wolnym od ruchu kołowego. Nazwa wywodzi się z rozległego widoku na Las Wolski, Kopiec Kościuszki i Pasmo Sowińca.",
          "en": "Housing estate 'Osiedle Widok (Zarzecze)' in Kraków (VI Bronowice). Modernist/socrealist urban complex. Bronowice (Dzielnica VI Bronowice). Wybitny zespół mieszkaniowy zrealizowany w latach 1971–1979 według projektu prof. Krzysztofa Bienia. Ukł...",
          "de": "Wohnsiedlung 'Osiedle Widok (Zarzecze)' in Krakau (VI Bronowice). Urbanistischer Komplex. Bronowice (Dzielnica VI Bronowice). Wybitny zespół mieszkaniowy zrealizowany w latach 1971–1979 według projektu prof. Krzysztofa Bienia. Ukł..."
        },
        "timeline": [
          {
            "year": "1971",
            "event": "rozpoczęcie realizacji pasmowego zespołu Zarzecze-Widok (arch. Krzysztof Bień)"
          }
        ],
        "source": {
          "name": "Encyklopedia Krakowa: Osiedle Widok (Zarzecze)",
          "url": "https://pl.wikipedia.org/wiki/Osiedle_Widok_(Zarzecze",
          "label": "Encyklopedia Krakowa"
        },
        "historic_code": "Widok",
        "engineering_features": ""
      }
    },
    {
      "type": "Feature",
      "id": "os_bronowice_nowe",
      "geometry": {
        "type": "Point",
        "coordinates": [
          19.885122,
          50.07934
        ]
      },
      "properties": {
        "id": "os_bronowice_nowe",
        "is_landmark": true,
        "landmark_group": "estates",
        "name": {
          "pl": "Osiedle Bronowice Nowe",
          "en": "Osiedle Bronowice Nowe",
          "de": "Osiedle Bronowice Nowe"
        },
        "prefix": {
          "pl": "osiedle",
          "en": "housing estate",
          "de": "Siedlung"
        },
        "full_name": {
          "pl": "Osiedle Bronowice Nowe",
          "en": "Osiedle Bronowice Nowe",
          "de": "Osiedle Bronowice Nowe"
        },
        "district": {
          "pl": "VI Bronowice",
          "en": "VI Bronowice",
          "de": "VI Bronowice"
        },
        "category": {
          "pl": "Miejsca i obiekty",
          "en": "Places and Landmarks",
          "de": "Orte und Wahrzeichen"
        },
        "year": "1970/80",
        "summary": {
          "pl": "Osiedle Bronowice Nowe w Krakowie (VI Bronowice).",
          "en": "Osiedle Bronowice Nowe in Kraków (VI Bronowice).",
          "de": "Osiedle Bronowice Nowe in Krakau (VI Bronowice)."
        },
        "patron": null,
        "etymology": {
          "pl": "Bronowice (Dzielnica VI Bronowice). Wzniesione w latach 1974–1980 w sąsiedztwie pętli tramwajowej w Bronowicach (dawna pętla Bronowice Nowe, obecnie Bronowice Małe). Zabudowa wielkopłytowa usytuowana na skraju dawnej wsi Bronowice Małe, uwiecznionej w dramacie „Wesele” Stanisława Wyspiańskiego.",
          "en": "Housing estate 'Osiedle Bronowice Nowe' in Kraków (VI Bronowice). Modernist/socrealist urban complex. Bronowice (Dzielnica VI Bronowice). Wzniesione w latach 1974–1980 w sąsiedztwie pętli tramwajowej w Bronowicach (dawna pętla Bronowice Nowe,...",
          "de": "Wohnsiedlung 'Osiedle Bronowice Nowe' in Krakau (VI Bronowice). Urbanistischer Komplex. Bronowice (Dzielnica VI Bronowice). Wzniesione w latach 1974–1980 w sąsiedztwie pętli tramwajowej w Bronowicach (dawna pętla Bronowice Nowe,..."
        },
        "timeline": [
          {
            "year": "1974",
            "event": "rozpoczęcie budowy osiedla Bronowice Nowe"
          }
        ],
        "source": {
          "name": "Encyklopedia Krakowa: Osiedle Bronowice Nowe",
          "url": "https://pl.wikipedia.org/wiki/Osiedle_Bronowice_Nowe",
          "label": "Encyklopedia Krakowa"
        },
        "historic_code": "Bronowice Nowe",
        "engineering_features": ""
      }
    },
    {
      "type": "Feature",
      "id": "os_cichy_kacik",
      "geometry": {
        "type": "Point",
        "coordinates": [
          19.904571,
          50.064952
        ]
      },
      "properties": {
        "id": "os_cichy_kacik",
        "is_landmark": true,
        "landmark_group": "estates",
        "name": {
          "pl": "Osiedle Cichy Kącik",
          "en": "Osiedle Cichy Kącik",
          "de": "Osiedle Cichy Kącik"
        },
        "prefix": {
          "pl": "osiedle",
          "en": "housing estate",
          "de": "Siedlung"
        },
        "full_name": {
          "pl": "Osiedle Cichy Kącik",
          "en": "Osiedle Cichy Kącik",
          "de": "Osiedle Cichy Kącik"
        },
        "district": {
          "pl": "V Krowodrza",
          "en": "V Krowodrza",
          "de": "V Krowodrza"
        },
        "category": {
          "pl": "Miejsca i obiekty",
          "en": "Places and Landmarks",
          "de": "Orte und Wahrzeichen"
        },
        "year": "1930",
        "summary": {
          "pl": "Osiedle Cichy Kącik w Krakowie (V Krowodrza).",
          "en": "Osiedle Cichy Kącik in Kraków (V Krowodrza).",
          "de": "Osiedle Cichy Kącik in Krakau (V Krowodrza)."
        },
        "patron": null,
        "etymology": {
          "pl": "Krowodrza / Czarna Wieś (Dzielnica V Krowodrza). Unikatowa, modernistyczna kolonia mieszkaniowo-willowa wybudowana w latach 1936–1937 u zbiegu al. 3 Maja i Błoń Krakowskich według projektu Wacława Krzyżanowskiego dla pracowników PKO i magistratu. Stanowi perłę przedwojennego modernizmu – funkcjonalistyczne wille dwurodzinne o płaskich dachach, pasmowych oknach i geometrycznych ogrodach, wkomponowane w rekreacyjny krajobraz Błoń i rzeki Rudawy.",
          "en": "Housing estate 'Osiedle Cichy Kącik' in Kraków (V Krowodrza). Modernist/socrealist urban complex. Krowodrza / Czarna Wieś (Dzielnica V Krowodrza). Unikatowa, modernistyczna kolonia mieszkaniowo-willowa wybudowana w latach 1936–1937 u zbie...",
          "de": "Wohnsiedlung 'Osiedle Cichy Kącik' in Krakau (V Krowodrza). Urbanistischer Komplex. Krowodrza / Czarna Wieś (Dzielnica V Krowodrza). Unikatowa, modernistyczna kolonia mieszkaniowo-willowa wybudowana w latach 1936–1937 u zbie..."
        },
        "timeline": [
          {
            "year": "1936",
            "event": "budowa kolonii willowej Cichy Kącik (Wacław Krzyżanowski)"
          }
        ],
        "source": {
          "name": "Encyklopedia Krakowa: Cichy Kącik",
          "url": "https://pl.wikipedia.org/wiki/Cichy_K%C4%85cik_(Krak%C3%B3w",
          "label": "Encyklopedia Krakowa"
        },
        "historic_code": "Cichy Kącik",
        "engineering_features": ""
      }
    },
    {
      "type": "Feature",
      "id": "os_podwawelskie",
      "geometry": {
        "type": "Point",
        "coordinates": [
          19.930429,
          50.043795
        ]
      },
      "properties": {
        "id": "os_podwawelskie",
        "is_landmark": true,
        "landmark_group": "estates",
        "name": {
          "pl": "Osiedle Podwawelskie",
          "en": "Osiedle Podwawelskie",
          "de": "Osiedle Podwawelskie"
        },
        "prefix": {
          "pl": "osiedle",
          "en": "housing estate",
          "de": "Siedlung"
        },
        "full_name": {
          "pl": "Osiedle Podwawelskie",
          "en": "Osiedle Podwawelskie",
          "de": "Osiedle Podwawelskie"
        },
        "district": {
          "pl": "VIII Dębniki",
          "en": "VIII Dębniki",
          "de": "VIII Dębniki"
        },
        "category": {
          "pl": "Miejsca i obiekty",
          "en": "Places and Landmarks",
          "de": "Orte und Wahrzeichen"
        },
        "year": "1970",
        "summary": {
          "pl": "Osiedle Podwawelskie w Krakowie (VIII Dębniki).",
          "en": "Osiedle Podwawelskie in Kraków (VIII Dębniki).",
          "de": "Osiedle Podwawelskie in Krakau (VIII Dębniki)."
        },
        "patron": null,
        "etymology": {
          "pl": "Dębniki (Dzielnica VIII Dębniki). Budowane w latach 1968–1975 według projektu prof. Witolda Cęckiewicza na terenie dawnego Dębnickiego Placu Targowego i Zakola Wisły. Nazwa toponimiczna odzwierciedla unikatowe położenie naprzeciwko Wawelu – z okien budynków roztacza się bezpośrednia panorama Zamku Królewskiego na Wawelu, kościoła na Skałce i Wisły. W pobliżu powstało rondo Grunwaldzkie oraz Centrum Kongresowe ICE Kraków.",
          "en": "Housing estate 'Osiedle Podwawelskie' in Kraków (VIII Dębniki). Modernist/socrealist urban complex. Dębniki (Dzielnica VIII Dębniki). Budowane w latach 1968–1975 według projektu prof. Witolda Cęckiewicza na terenie dawnego Dębnickiego Placu...",
          "de": "Wohnsiedlung 'Osiedle Podwawelskie' in Krakau (VIII Dębniki). Urbanistischer Komplex. Dębniki (Dzielnica VIII Dębniki). Budowane w latach 1968–1975 według projektu prof. Witolda Cęckiewicza na terenie dawnego Dębnickiego Placu..."
        },
        "timeline": [
          {
            "year": "1968",
            "event": "rozpoczęcie budowy osiedla Podwawelskiego"
          }
        ],
        "source": {
          "name": "Encyklopedia Krakowa: Osiedle Podwawelskie",
          "url": "https://pl.wikipedia.org/wiki/Osiedle_Podwawelskie",
          "label": "Encyklopedia Krakowa"
        },
        "historic_code": "Dębniki Południe",
        "engineering_features": ""
      }
    },
    {
      "type": "Feature",
      "id": "os_ruczaj_zaborze",
      "geometry": {
        "type": "Point",
        "coordinates": [
          19.919368,
          50.031003
        ]
      },
      "properties": {
        "id": "os_ruczaj_zaborze",
        "is_landmark": true,
        "landmark_group": "estates",
        "name": {
          "pl": "Osiedle Ruczaj-Zaborze",
          "en": "Osiedle Ruczaj-Zaborze",
          "de": "Osiedle Ruczaj-Zaborze"
        },
        "prefix": {
          "pl": "osiedle",
          "en": "housing estate",
          "de": "Siedlung"
        },
        "full_name": {
          "pl": "Osiedle Ruczaj-Zaborze",
          "en": "Osiedle Ruczaj-Zaborze",
          "de": "Osiedle Ruczaj-Zaborze"
        },
        "district": {
          "pl": "VIII Dębniki",
          "en": "VIII Dębniki",
          "de": "VIII Dębniki"
        },
        "category": {
          "pl": "Miejsca i obiekty",
          "en": "Places and Landmarks",
          "de": "Orte und Wahrzeichen"
        },
        "year": "1980/90",
        "summary": {
          "pl": "Osiedle Ruczaj-Zaborze w Krakowie (VIII Dębniki).",
          "en": "Osiedle Ruczaj-Zaborze in Kraków (VIII Dębniki).",
          "de": "Osiedle Ruczaj-Zaborze in Krakau (VIII Dębniki)."
        },
        "patron": null,
        "etymology": {
          "pl": "Dębniki (Dzielnica VIII Dębniki). Powstało od 1986 r. do lat 90. XX w. jako początek wielkiego południowo-zachodniego pasma mieszkaniowego Krakowa. Nazwa toponimiczna nawiązuje do potoku Ruczaj (niewielkiego cieku wodnego) oraz dawnego przysiółka Zaborze (położonego za lasem dębnickim). W latach 90. i XXI w. stało się zarzewiem budowy III Kampusu Uniwersytetu Jagiellońskiego oraz Krakowskiego Parku Technologicznego.",
          "en": "Housing estate 'Osiedle Ruczaj-Zaborze' in Kraków (VIII Dębniki). Modernist/socrealist urban complex. Dębniki (Dzielnica VIII Dębniki). Powstało od 1986 r. do lat 90. XX w. jako początek wielkiego południowo-zachodniego pasma mieszkaniowego K...",
          "de": "Wohnsiedlung 'Osiedle Ruczaj-Zaborze' in Krakau (VIII Dębniki). Urbanistischer Komplex. Dębniki (Dzielnica VIII Dębniki). Powstało od 1986 r. do lat 90. XX w. jako początek wielkiego południowo-zachodniego pasma mieszkaniowego K..."
        },
        "timeline": [
          {
            "year": "1986",
            "event": "budowa pierwszego etapu Ruczaj-Zaborze"
          }
        ],
        "source": {
          "name": "Encyklopedia Krakowa: Osiedle Ruczaj-Zaborze",
          "url": "https://pl.wikipedia.org/wiki/Osiedle_Ruczaj-Zaborze",
          "label": "Encyklopedia Krakowa"
        },
        "historic_code": "Ruczaj",
        "engineering_features": ""
      }
    },
    {
      "type": "Feature",
      "id": "os_europejskie",
      "geometry": {
        "type": "Point",
        "coordinates": [
          19.889211,
          50.015636
        ]
      },
      "properties": {
        "id": "os_europejskie",
        "is_landmark": true,
        "landmark_group": "estates",
        "name": {
          "pl": "Osiedle Europejskie",
          "en": "Osiedle Europejskie",
          "de": "Osiedle Europejskie"
        },
        "prefix": {
          "pl": "osiedle",
          "en": "housing estate",
          "de": "Siedlung"
        },
        "full_name": {
          "pl": "Osiedle Europejskie",
          "en": "Osiedle Europejskie",
          "de": "Osiedle Europejskie"
        },
        "district": {
          "pl": "VIII Dębniki (Ruczaj)",
          "en": "VIII Dębniki (Ruczaj)",
          "de": "VIII Dębniki (Ruczaj)"
        },
        "category": {
          "pl": "Miejsca i obiekty",
          "en": "Places and Landmarks",
          "de": "Orte und Wahrzeichen"
        },
        "year": "2000+",
        "summary": {
          "pl": "Osiedle Europejskie w Krakowie (VIII Dębniki (Ruczaj)).",
          "en": "Osiedle Europejskie in Kraków (VIII Dębniki (Ruczaj)).",
          "de": "Osiedle Europejskie in Krakau (VIII Dębniki (Ruczaj))."
        },
        "patron": null,
        "etymology": {
          "pl": "Ruczaj (Dzielnica VIII Dębniki). Flagowy kompleks mieszkaniowy XXI wieku, wznoszony etapami od 2003 r. przy ul. Bobrzyńskiego. Stanowił jeden z pierwszych w Polsce wielkich zespołów kwartałowych epoki deweloperskiej, w którym poszczególne budynki i dziedzińce noszą nazwy stolic państw Unii Europejskiej (m.in. Lizbona, Rzym, Paryż, Wiedeń, Londyn, Praga, Bruksela).",
          "en": "Housing estate 'Osiedle Europejskie' in Kraków (VIII Dębniki (Ruczaj)). Modernist/socrealist urban complex. Ruczaj (Dzielnica VIII Dębniki). Flagowy kompleks mieszkaniowy XXI wieku, wznoszony etapami od 2003 r. przy ul. Bobrzyńskiego. Stanowił jede...",
          "de": "Wohnsiedlung 'Osiedle Europejskie' in Krakau (VIII Dębniki (Ruczaj)). Urbanistischer Komplex. Ruczaj (Dzielnica VIII Dębniki). Flagowy kompleks mieszkaniowy XXI wieku, wznoszony etapami od 2003 r. przy ul. Bobrzyńskiego. Stanowił jede..."
        },
        "timeline": [
          {
            "year": "2003",
            "event": "rozpoczęcie realizacji Osiedla Europejskiego"
          }
        ],
        "source": {
          "name": "Encyklopedia Krakowa: Osiedle Europejskie",
          "url": "https://pl.wikipedia.org/wiki/Osiedle_Europejskie_(Krak%C3%B3w",
          "label": "Encyklopedia Krakowa"
        },
        "historic_code": "Ruczaj Nowy",
        "engineering_features": ""
      }
    },
    {
      "type": "Feature",
      "id": "os_kliny_zacisze",
      "geometry": {
        "type": "Point",
        "coordinates": [
          19.89728,
          49.999828
        ]
      },
      "properties": {
        "id": "os_kliny_zacisze",
        "is_landmark": true,
        "landmark_group": "estates",
        "name": {
          "pl": "Osiedle Kliny Zacisze",
          "en": "Osiedle Kliny Zacisze",
          "de": "Osiedle Kliny Zacisze"
        },
        "prefix": {
          "pl": "osiedle",
          "en": "housing estate",
          "de": "Siedlung"
        },
        "full_name": {
          "pl": "Osiedle Kliny Zacisze",
          "en": "Osiedle Kliny Zacisze",
          "de": "Osiedle Kliny Zacisze"
        },
        "district": {
          "pl": "X Swoszowice",
          "en": "X Swoszowice",
          "de": "X Swoszowice"
        },
        "category": {
          "pl": "Miejsca i obiekty",
          "en": "Places and Landmarks",
          "de": "Orte und Wahrzeichen"
        },
        "year": "1990/2000",
        "summary": {
          "pl": "Osiedle Kliny Zacisze w Krakowie (X Swoszowice).",
          "en": "Osiedle Kliny Zacisze in Kraków (X Swoszowice).",
          "de": "Osiedle Kliny Zacisze in Krakau (X Swoszowice)."
        },
        "patron": null,
        "etymology": {
          "pl": "Kliny Borkowskie (Dzielnica X Swoszowice). Kameralny zespół willowo-mieszkaniowy powstały w latach 90. XX w. i na początku XXI w. na południe od Borku Fałęckiego. Położony w bezpośrednim otoczeniu Lasu Borkowskiego oraz Parku Maćka i Doroty. Nazwa wywodzi się od historycznego toponimu Kliny (trójkątnych parcel gruntowych wcinających się klinem w las).",
          "en": "Housing estate 'Osiedle Kliny Zacisze' in Kraków (X Swoszowice). Modernist/socrealist urban complex. Kliny Borkowskie (Dzielnica X Swoszowice). Kameralny zespół willowo-mieszkaniowy powstały w latach 90. XX w. i na początku XXI w. na południ...",
          "de": "Wohnsiedlung 'Osiedle Kliny Zacisze' in Krakau (X Swoszowice). Urbanistischer Komplex. Kliny Borkowskie (Dzielnica X Swoszowice). Kameralny zespół willowo-mieszkaniowy powstały w latach 90. XX w. i na początku XXI w. na południ..."
        },
        "timeline": [],
        "source": {
          "name": "Encyklopedia Krakowa: Osiedle Kliny Zacisze",
          "url": "https://pl.wikipedia.org/wiki/Kliny_Borkowskie",
          "label": "Encyklopedia Krakowa"
        },
        "historic_code": "Kliny",
        "engineering_features": ""
      }
    },
    {
      "type": "Feature",
      "id": "os_cegielniana",
      "geometry": {
        "type": "Point",
        "coordinates": [
          19.9284,
          50.0241
        ]
      },
      "properties": {
        "id": "os_cegielniana",
        "is_landmark": true,
        "landmark_group": "estates",
        "name": {
          "pl": "Osiedle Cegielniana",
          "en": "Osiedle Cegielniana",
          "de": "Osiedle Cegielniana"
        },
        "prefix": {
          "pl": "osiedle",
          "en": "housing estate",
          "de": "Siedlung"
        },
        "full_name": {
          "pl": "Osiedle Cegielniana",
          "en": "Osiedle Cegielniana",
          "de": "Osiedle Cegielniana"
        },
        "district": {
          "pl": "IX Łagiewniki-Borek Fałęcki",
          "en": "IX Łagiewniki-Borek Fałęcki",
          "de": "IX Łagiewniki-Borek Fałęcki"
        },
        "category": {
          "pl": "Miejsca i obiekty",
          "en": "Places and Landmarks",
          "de": "Orte und Wahrzeichen"
        },
        "year": "1970/80",
        "summary": {
          "pl": "Osiedle Cegielniana w Krakowie (IX Łagiewniki-Borek Fałęcki).",
          "en": "Osiedle Cegielniana in Kraków (IX Łagiewniki-Borek Fałęcki).",
          "de": "Osiedle Cegielniana in Krakau (IX Łagiewniki-Borek Fałęcki)."
        },
        "patron": null,
        "etymology": {
          "pl": "Łagiewniki (Dzielnica IX Łagiewniki-Borek Fałęcki). Wzniesione w latach 1974–1980 w Łagiewnikach nad rzeką Wilgą. Nazwa upamiętnia historyczne tereny łagiewnickich cegielni i glinianek (działających tu od XIX w. ze względu na obfite pokłady iłów i gliny ceramiki budowlanej). Zespół wielorodzinny uzupełniony terenem rekreacyjnym doliny Wilgi.",
          "en": "Housing estate 'Osiedle Cegielniana' in Kraków (IX Łagiewniki-Borek Fałęcki). Modernist/socrealist urban complex. Łagiewniki (Dzielnica IX Łagiewniki-Borek Fałęcki). Wzniesione w latach 1974–1980 w Łagiewnikach nad rzeką Wilgą. Nazwa upamiętnia historycz...",
          "de": "Wohnsiedlung 'Osiedle Cegielniana' in Krakau (IX Łagiewniki-Borek Fałęcki). Urbanistischer Komplex. Łagiewniki (Dzielnica IX Łagiewniki-Borek Fałęcki). Wzniesione w latach 1974–1980 w Łagiewnikach nad rzeką Wilgą. Nazwa upamiętnia historycz..."
        },
        "timeline": [
          {
            "year": "1974",
            "event": "rozpoczęcie budowy osiedla Cegielniana"
          }
        ],
        "source": {
          "name": "Encyklopedia Krakowa: Osiedle Cegielniana",
          "url": "https://pl.wikipedia.org/wiki/Osiedle_Cegielniana_(Krak%C3%B3w",
          "label": "Encyklopedia Krakowa"
        },
        "historic_code": "Łagiewniki Zachód",
        "engineering_features": ""
      }
    },
    {
      "type": "Feature",
      "id": "os_zaulek_jugowicki",
      "geometry": {
        "type": "Point",
        "coordinates": [
          19.927896,
          50.008379
        ]
      },
      "properties": {
        "id": "os_zaulek_jugowicki",
        "is_landmark": true,
        "landmark_group": "estates",
        "name": {
          "pl": "Osiedle Zaułek Jugowicki",
          "en": "Osiedle Zaułek Jugowicki",
          "de": "Osiedle Zaułek Jugowicki"
        },
        "prefix": {
          "pl": "osiedle",
          "en": "housing estate",
          "de": "Siedlung"
        },
        "full_name": {
          "pl": "Osiedle Zaułek Jugowicki",
          "en": "Osiedle Zaułek Jugowicki",
          "de": "Osiedle Zaułek Jugowicki"
        },
        "district": {
          "pl": "X Swoszowice",
          "en": "X Swoszowice",
          "de": "X Swoszowice"
        },
        "category": {
          "pl": "Miejsca i obiekty",
          "en": "Places and Landmarks",
          "de": "Orte und Wahrzeichen"
        },
        "year": "2000+",
        "summary": {
          "pl": "Osiedle Zaułek Jugowicki w Krakowie (X Swoszowice).",
          "en": "Osiedle Zaułek Jugowicki in Kraków (X Swoszowice).",
          "de": "Osiedle Zaułek Jugowicki in Krakau (X Swoszowice)."
        },
        "patron": null,
        "etymology": {
          "pl": "Jugowice (Dzielnica X Swoszowice). Kameralne osiedle domów szeregowych i wielorodzinnych wzniesione na początku XXI w. w dolinie rzeki Wilgi w Jugowicach, w rejonie Góry Borkowskiej. Nazwa nawiązuje do historycznej podkrakowskiej wsi Jugowice (wzmiankowanej od XIV w., włączonej do Krakowa w 1941 r.).",
          "en": "Housing estate 'Osiedle Zaułek Jugowicki' in Kraków (X Swoszowice). Modernist/socrealist urban complex. Jugowice (Dzielnica X Swoszowice). Kameralne osiedle domów szeregowych i wielorodzinnych wzniesione na początku XXI w. w dolinie rzeki Wilgi...",
          "de": "Wohnsiedlung 'Osiedle Zaułek Jugowicki' in Krakau (X Swoszowice). Urbanistischer Komplex. Jugowice (Dzielnica X Swoszowice). Kameralne osiedle domów szeregowych i wielorodzinnych wzniesione na początku XXI w. w dolinie rzeki Wilgi..."
        },
        "timeline": [],
        "source": {
          "name": "Encyklopedia Krakowa: Osiedle Zaułek Jugowicki",
          "url": "https://pl.wikipedia.org/wiki/Jugowice_(Krak%C3%B3w",
          "label": "Encyklopedia Krakowa"
        },
        "historic_code": "Jugowice",
        "engineering_features": ""
      }
    },
    {
      "type": "Feature",
      "id": "os_kurdwanow_nowy",
      "geometry": {
        "type": "Point",
        "coordinates": [
          19.953993,
          50.008773
        ]
      },
      "properties": {
        "id": "os_kurdwanow_nowy",
        "is_landmark": true,
        "landmark_group": "estates",
        "name": {
          "pl": "Osiedle Kurdwanów Nowy",
          "en": "Osiedle Kurdwanów Nowy",
          "de": "Osiedle Kurdwanów Nowy"
        },
        "prefix": {
          "pl": "osiedle",
          "en": "housing estate",
          "de": "Siedlung"
        },
        "full_name": {
          "pl": "Osiedle Kurdwanów Nowy",
          "en": "Osiedle Kurdwanów Nowy",
          "de": "Osiedle Kurdwanów Nowy"
        },
        "district": {
          "pl": "XI Podgórze Duchackie",
          "en": "XI Podgórze Duchackie",
          "de": "XI Podgórze Duchackie"
        },
        "category": {
          "pl": "Miejsca i obiekty",
          "en": "Places and Landmarks",
          "de": "Orte und Wahrzeichen"
        },
        "year": "1980",
        "summary": {
          "pl": "Osiedle Kurdwanów Nowy w Krakowie (XI Podgórze Duchackie).",
          "en": "Osiedle Kurdwanów Nowy in Kraków (XI Podgórze Duchackie).",
          "de": "Osiedle Kurdwanów Nowy in Krakau (XI Podgórze Duchackie)."
        },
        "patron": null,
        "etymology": {
          "pl": "Kurdwanów (Dzielnica XI Podgórze Duchackie). Wielki zespół wielkopłytowy wznoszony od 1980 do połowy lat 90. XX w. według projektu arch. Andrzeja Basisty na terenach dawnej wsi Kurdwanów (wzmiankowanej od 1252 r.). Obejmuje Park Kurdwanów, rozbudowaną infrastrukturę edukacyjną oraz oddaną w 2000 r. trasę Krakowskiego Szybkiego Tramwaju (KST).",
          "en": "Housing estate 'Osiedle Kurdwanów Nowy' in Kraków (XI Podgórze Duchackie). Modernist/socrealist urban complex. Kurdwanów (Dzielnica XI Podgórze Duchackie). Wielki zespół wielkopłytowy wznoszony od 1980 do połowy lat 90. XX w. według projektu arch. And...",
          "de": "Wohnsiedlung 'Osiedle Kurdwanów Nowy' in Krakau (XI Podgórze Duchackie). Urbanistischer Komplex. Kurdwanów (Dzielnica XI Podgórze Duchackie). Wielki zespół wielkopłytowy wznoszony od 1980 do połowy lat 90. XX w. według projektu arch. And..."
        },
        "timeline": [
          {
            "year": "1252",
            "event": "wieś Curdwanow"
          },
          {
            "year": "1941",
            "event": "włączenie do Krakowa"
          },
          {
            "year": "1980",
            "event": "rozpoczęcie budowy wielkiego zespołu mieszkaniowego Kurdwanów Nowy"
          }
        ],
        "source": {
          "name": "Encyklopedia Krakowa: Osiedle Kurdwanów Nowy",
          "url": "https://pl.wikipedia.org/wiki/Kurdwan%C3%B3w_Nowy",
          "label": "Encyklopedia Krakowa"
        },
        "historic_code": "Kurdwanów",
        "engineering_features": ""
      }
    },
    {
      "type": "Feature",
      "id": "os_piaski_nowe",
      "geometry": {
        "type": "Point",
        "coordinates": [
          19.973145,
          50.012897
        ]
      },
      "properties": {
        "id": "os_piaski_nowe",
        "is_landmark": true,
        "landmark_group": "estates",
        "name": {
          "pl": "Osiedle Piaski Nowe",
          "en": "Osiedle Piaski Nowe",
          "de": "Osiedle Piaski Nowe"
        },
        "prefix": {
          "pl": "osiedle",
          "en": "housing estate",
          "de": "Siedlung"
        },
        "full_name": {
          "pl": "Osiedle Piaski Nowe",
          "en": "Osiedle Piaski Nowe",
          "de": "Osiedle Piaski Nowe"
        },
        "district": {
          "pl": "XI Podgórze Duchackie",
          "en": "XI Podgórze Duchackie",
          "de": "XI Podgórze Duchackie"
        },
        "category": {
          "pl": "Miejsca i obiekty",
          "en": "Places and Landmarks",
          "de": "Orte und Wahrzeichen"
        },
        "year": "1970/80",
        "summary": {
          "pl": "Osiedle Piaski Nowe w Krakowie (XI Podgórze Duchackie).",
          "en": "Osiedle Piaski Nowe in Kraków (XI Podgórze Duchackie).",
          "de": "Osiedle Piaski Nowe in Krakau (XI Podgórze Duchackie)."
        },
        "patron": null,
        "etymology": {
          "pl": "Piaski Wielkie (Dzielnica XI Podgórze Duchackie). Zbudowane w latach 1976–1983 na wzniesieniu nad potokiem Drwina Długa. Charakteryzuje się dynamicznie łamanymi bryłami bloków z wielkiej płyty W-70, dopasowanymi do konfiguracji wzgórza. Nazwa toponimiczna nawiązuje do piaszczystego podłoża dawnej wsi Piaski Wielkie (słynącej z tradycji rzeźnicko-masarskich tzw. piaszczan).",
          "en": "Housing estate 'Osiedle Piaski Nowe' in Kraków (XI Podgórze Duchackie). Modernist/socrealist urban complex. Piaski Wielkie (Dzielnica XI Podgórze Duchackie). Zbudowane w latach 1976–1983 na wzniesieniu nad potokiem Drwina Długa. Charakteryzuje się ...",
          "de": "Wohnsiedlung 'Osiedle Piaski Nowe' in Krakau (XI Podgórze Duchackie). Urbanistischer Komplex. Piaski Wielkie (Dzielnica XI Podgórze Duchackie). Zbudowane w latach 1976–1983 na wzniesieniu nad potokiem Drwina Długa. Charakteryzuje się ..."
        },
        "timeline": [
          {
            "year": "1976",
            "event": "rozpoczęcie budowy osiedla Piaski Nowe"
          }
        ],
        "source": {
          "name": "Encyklopedia Krakowa: Osiedle Piaski Nowe",
          "url": "https://pl.wikipedia.org/wiki/Osiedle_Piaski_Nowe",
          "label": "Encyklopedia Krakowa"
        },
        "historic_code": "Piaski",
        "engineering_features": ""
      }
    },
    {
      "type": "Feature",
      "id": "os_wola_duchacka_wschod",
      "geometry": {
        "type": "Point",
        "coordinates": [
          20.085578,
          50.058723
        ]
      },
      "properties": {
        "id": "os_wola_duchacka_wschod",
        "is_landmark": true,
        "landmark_group": "estates",
        "name": {
          "pl": "Osiedle Wola Duchacka Wschód",
          "en": "Osiedle Wola Duchacka Wschód",
          "de": "Osiedle Wola Duchacka Wschód"
        },
        "prefix": {
          "pl": "osiedle",
          "en": "housing estate",
          "de": "Siedlung"
        },
        "full_name": {
          "pl": "Osiedle Wola Duchacka Wschód",
          "en": "Osiedle Wola Duchacka Wschód",
          "de": "Osiedle Wola Duchacka Wschód"
        },
        "district": {
          "pl": "XI Podgórze Duchackie",
          "en": "XI Podgórze Duchackie",
          "de": "XI Podgórze Duchackie"
        },
        "category": {
          "pl": "Miejsca i obiekty",
          "en": "Places and Landmarks",
          "de": "Orte und Wahrzeichen"
        },
        "year": "1970/80",
        "summary": {
          "pl": "Osiedle Wola Duchacka Wschód w Krakowie (XI Podgórze Duchackie).",
          "en": "Osiedle Wola Duchacka Wschód in Kraków (XI Podgórze Duchackie).",
          "de": "Osiedle Wola Duchacka Wschód in Krakau (XI Podgórze Duchackie)."
        },
        "patron": null,
        "etymology": {
          "pl": "Wola Duchacka (Dzielnica XI Podgórze Duchackie). Wzniesione w latach 1976–1982 na wschodnich gruntach dawnej wsi Wola Duchacka. Nazwa wsi pochodzi z XIV w., gdy ziemie te nadano zakonowi szpitalników św. Ducha (duchaków). W sąsiedztwie osiedla znajduje się zabytkowy Park im. Anny i Erazma Jerzmanowskich oraz tereny dawnego dworu Bemów.",
          "en": "Housing estate 'Osiedle Wola Duchacka Wschód' in Kraków (XI Podgórze Duchackie). Modernist/socrealist urban complex. Wola Duchacka (Dzielnica XI Podgórze Duchackie). Wzniesione w latach 1976–1982 na wschodnich gruntach dawnej wsi Wola Duchacka. Nazwa wsi po...",
          "de": "Wohnsiedlung 'Osiedle Wola Duchacka Wschód' in Krakau (XI Podgórze Duchackie). Urbanistischer Komplex. Wola Duchacka (Dzielnica XI Podgórze Duchackie). Wzniesione w latach 1976–1982 na wschodnich gruntach dawnej wsi Wola Duchacka. Nazwa wsi po..."
        },
        "timeline": [
          {
            "year": "1364",
            "event": "wieś Wola Duchacka (własność duchaków)"
          },
          {
            "year": "1941",
            "event": "włączenie do Krakowa"
          },
          {
            "year": "1976",
            "event": "budowa osiedla Wola Duchacka Wschód"
          }
        ],
        "source": {
          "name": "Encyklopedia Krakowa: Osiedle Wola Duchacka Wschód",
          "url": "https://pl.wikipedia.org/wiki/Wola_Duchacka",
          "label": "Encyklopedia Krakowa"
        },
        "historic_code": "Wola Duchacka",
        "engineering_features": ""
      }
    },
    {
      "type": "Feature",
      "id": "os_wola_duchacka_zachod",
      "geometry": {
        "type": "Point",
        "coordinates": [
          19.905888,
          50.041233
        ]
      },
      "properties": {
        "id": "os_wola_duchacka_zachod",
        "is_landmark": true,
        "landmark_group": "estates",
        "name": {
          "pl": "Osiedle Wola Duchacka Zachód",
          "en": "Osiedle Wola Duchacka Zachód",
          "de": "Osiedle Wola Duchacka Zachód"
        },
        "prefix": {
          "pl": "osiedle",
          "en": "housing estate",
          "de": "Siedlung"
        },
        "full_name": {
          "pl": "Osiedle Wola Duchacka Zachód",
          "en": "Osiedle Wola Duchacka Zachód",
          "de": "Osiedle Wola Duchacka Zachód"
        },
        "district": {
          "pl": "XI Podgórze Duchackie",
          "en": "XI Podgórze Duchackie",
          "de": "XI Podgórze Duchackie"
        },
        "category": {
          "pl": "Miejsca i obiekty",
          "en": "Places and Landmarks",
          "de": "Orte und Wahrzeichen"
        },
        "year": "1980",
        "summary": {
          "pl": "Osiedle Wola Duchacka Zachód w Krakowie (XI Podgórze Duchackie).",
          "en": "Osiedle Wola Duchacka Zachód in Kraków (XI Podgórze Duchackie).",
          "de": "Osiedle Wola Duchacka Zachód in Krakau (XI Podgórze Duchackie)."
        },
        "patron": null,
        "etymology": {
          "pl": "Wola Duchacka (Dzielnica XI Podgórze Duchackie). Zbudowane w latach 1980–1988 wzdłuż ulic Beskidzkiej i Kordiana. Zespół modernistycznych bloków wielkopłytowych wzniesiony na pofałdowanym terenie wzgórz podgórskich, z bogatym układem wewnętrznych dziedzińców i placów zabaw.",
          "en": "Housing estate 'Osiedle Wola Duchacka Zachód' in Kraków (XI Podgórze Duchackie). Modernist/socrealist urban complex. Wola Duchacka (Dzielnica XI Podgórze Duchackie). Zbudowane w latach 1980–1988 wzdłuż ulic Beskidzkiej i Kordiana. Zespół modernistycznych bl...",
          "de": "Wohnsiedlung 'Osiedle Wola Duchacka Zachód' in Krakau (XI Podgórze Duchackie). Urbanistischer Komplex. Wola Duchacka (Dzielnica XI Podgórze Duchackie). Zbudowane w latach 1980–1988 wzdłuż ulic Beskidzkiej i Kordiana. Zespół modernistycznych bl..."
        },
        "timeline": [
          {
            "year": "1980",
            "event": "budowa osiedla Wola Duchacka Zachód"
          }
        ],
        "source": {
          "name": "Encyklopedia Krakowa: Osiedle Wola Duchacka Zachód",
          "url": "https://pl.wikipedia.org/wiki/Wola_Duchacka",
          "label": "Encyklopedia Krakowa"
        },
        "historic_code": "Wola Duchacka",
        "engineering_features": ""
      }
    },
    {
      "type": "Feature",
      "id": "os_na_kozlowce",
      "geometry": {
        "type": "Point",
        "coordinates": [
          19.9862,
          50.0183
        ]
      },
      "properties": {
        "id": "os_na_kozlowce",
        "is_landmark": true,
        "landmark_group": "estates",
        "name": {
          "pl": "Osiedle Na Kozłówce",
          "en": "Osiedle Na Kozłówce",
          "de": "Osiedle Na Kozłówce"
        },
        "prefix": {
          "pl": "osiedle",
          "en": "housing estate",
          "de": "Siedlung"
        },
        "full_name": {
          "pl": "Osiedle Na Kozłówce",
          "en": "Osiedle Na Kozłówce",
          "de": "Osiedle Na Kozłówce"
        },
        "district": {
          "pl": "XII Bieżanów-Prokocim",
          "en": "XII Bieżanów-Prokocim",
          "de": "XII Bieżanów-Prokocim"
        },
        "category": {
          "pl": "Miejsca i obiekty",
          "en": "Places and Landmarks",
          "de": "Orte und Wahrzeichen"
        },
        "year": "1960/70",
        "summary": {
          "pl": "Osiedle Na Kozłówce w Krakowie (XII Bieżanów-Prokocim).",
          "en": "Osiedle Na Kozłówce in Kraków (XII Bieżanów-Prokocim).",
          "de": "Osiedle Na Kozłówce in Krakau (XII Bieżanów-Prokocim)."
        },
        "patron": null,
        "etymology": {
          "pl": "Kozłówka / Prokocim (Dzielnica XII Bieżanów-Prokocim). Powstało w latach 1968–1974 według projektu zespołu arch. Leszka Filara. Jedno z najbardziej zielonych i kameralnych osiedli Krakowa – dominuje niska zabudowa 4-piętrowa wkomponowana w gęsty starodrzew dawnego przysiółka Kozłówka. Nazwa wywodzi się od hodowli kóz i pastwisk na obrzeżach dawnego majątku Prokocim.",
          "en": "Housing estate 'Osiedle Na Kozłówce' in Kraków (XII Bieżanów-Prokocim). Modernist/socrealist urban complex. Kozłówka / Prokocim (Dzielnica XII Bieżanów-Prokocim). Powstało w latach 1968–1974 według projektu zespołu arch. Leszka Filara. Jedno z najb...",
          "de": "Wohnsiedlung 'Osiedle Na Kozłówce' in Krakau (XII Bieżanów-Prokocim). Urbanistischer Komplex. Kozłówka / Prokocim (Dzielnica XII Bieżanów-Prokocim). Powstało w latach 1968–1974 według projektu zespołu arch. Leszka Filara. Jedno z najb..."
        },
        "timeline": [
          {
            "year": "1968",
            "event": "rozpoczęcie budowy kameralnego osiedla Na Kozłówce"
          }
        ],
        "source": {
          "name": "Encyklopedia Krakowa: Osiedle Na Kozłówce",
          "url": "https://pl.wikipedia.org/wiki/Osiedle_Na_Koz%C5%82%C3%B3wce",
          "label": "Encyklopedia Krakowa"
        },
        "historic_code": "Kozłówka",
        "engineering_features": ""
      }
    },
    {
      "type": "Feature",
      "id": "os_prokocim_nowy",
      "geometry": {
        "type": "Point",
        "coordinates": [
          20.005717,
          50.015505
        ]
      },
      "properties": {
        "id": "os_prokocim_nowy",
        "is_landmark": true,
        "landmark_group": "estates",
        "name": {
          "pl": "Osiedle Prokocim Nowy",
          "en": "Osiedle Prokocim Nowy",
          "de": "Osiedle Prokocim Nowy"
        },
        "prefix": {
          "pl": "osiedle",
          "en": "housing estate",
          "de": "Siedlung"
        },
        "full_name": {
          "pl": "Osiedle Prokocim Nowy",
          "en": "Osiedle Prokocim Nowy",
          "de": "Osiedle Prokocim Nowy"
        },
        "district": {
          "pl": "XII Bieżanów-Prokocim",
          "en": "XII Bieżanów-Prokocim",
          "de": "XII Bieżanów-Prokocim"
        },
        "category": {
          "pl": "Miejsca i obiekty",
          "en": "Places and Landmarks",
          "de": "Orte und Wahrzeichen"
        },
        "year": "1970/80",
        "summary": {
          "pl": "Osiedle Prokocim Nowy w Krakowie (XII Bieżanów-Prokocim).",
          "en": "Osiedle Prokocim Nowy in Kraków (XII Bieżanów-Prokocim).",
          "de": "Osiedle Prokocim Nowy in Krakau (XII Bieżanów-Prokocim)."
        },
        "patron": null,
        "etymology": {
          "pl": "Prokocim (Dzielnica XII Bieżanów-Prokocim). Wzniesione w latach 1976–1984 na południe od historycznej wsi Prokocim (wzmiankowanej od 1229 r., z zabytkowym pałacem Jerzmanowskich). W sąsiedztwie osiedla wzniesiono Uniwersytecki Szpital Dziecięcy w Prokocimiu oraz Nową Siedzibę Szpitala Uniwersyteckiego. Składa się z bloków wielkopłytowych w technologii W-70.",
          "en": "Housing estate 'Osiedle Prokocim Nowy' in Kraków (XII Bieżanów-Prokocim). Modernist/socrealist urban complex. Prokocim (Dzielnica XII Bieżanów-Prokocim). Wzniesione w latach 1976–1984 na południe od historycznej wsi Prokocim (wzmiankowanej od 1229 r....",
          "de": "Wohnsiedlung 'Osiedle Prokocim Nowy' in Krakau (XII Bieżanów-Prokocim). Urbanistischer Komplex. Prokocim (Dzielnica XII Bieżanów-Prokocim). Wzniesione w latach 1976–1984 na południe od historycznej wsi Prokocim (wzmiankowanej od 1229 r...."
        },
        "timeline": [
          {
            "year": "1229",
            "event": "wieś Prokocim"
          },
          {
            "year": "1941",
            "event": "włączenie do Krakowa"
          },
          {
            "year": "1976",
            "event": "budowa osiedla Prokocim Nowy"
          }
        ],
        "source": {
          "name": "Encyklopedia Krakowa: Osiedle Prokocim Nowy",
          "url": "https://pl.wikipedia.org/wiki/Prokocim_Nowy",
          "label": "Encyklopedia Krakowa"
        },
        "historic_code": "Prokocim",
        "engineering_features": ""
      }
    },
    {
      "type": "Feature",
      "id": "os_nowy_biezanow",
      "geometry": {
        "type": "Point",
        "coordinates": [
          20.019126,
          50.017428
        ]
      },
      "properties": {
        "id": "os_nowy_biezanow",
        "is_landmark": true,
        "landmark_group": "estates",
        "name": {
          "pl": "Osiedle Nowy Bieżanów",
          "en": "Osiedle Nowy Bieżanów",
          "de": "Osiedle Nowy Bieżanów"
        },
        "prefix": {
          "pl": "osiedle",
          "en": "housing estate",
          "de": "Siedlung"
        },
        "full_name": {
          "pl": "Osiedle Nowy Bieżanów",
          "en": "Osiedle Nowy Bieżanów",
          "de": "Osiedle Nowy Bieżanów"
        },
        "district": {
          "pl": "XII Bieżanów-Prokocim",
          "en": "XII Bieżanów-Prokocim",
          "de": "XII Bieżanów-Prokocim"
        },
        "category": {
          "pl": "Miejsca i obiekty",
          "en": "Places and Landmarks",
          "de": "Orte und Wahrzeichen"
        },
        "year": "1970/80",
        "summary": {
          "pl": "Osiedle Nowy Bieżanów w Krakowie (XII Bieżanów-Prokocim).",
          "en": "Osiedle Nowy Bieżanów in Kraków (XII Bieżanów-Prokocim).",
          "de": "Osiedle Nowy Bieżanów in Krakau (XII Bieżanów-Prokocim)."
        },
        "patron": null,
        "etymology": {
          "pl": "Bieżanów (Dzielnica XII Bieżanów-Prokocim). Wielki kompleks wielorodzinny wybudowany w latach 1978–1986 na gruntach dawnej podkrakowskiej wsi Bieżanów (wzmiankowanej od 1212 r. jako własność kapituły katedralnej). Charakteryzuje się wyrazistą osią urbanistyczną skupioną wokół pętli tramwajowej Nowy Bieżanów oraz Parku Aleksandry w dolinie potoku Serafa.",
          "en": "Housing estate 'Osiedle Nowy Bieżanów' in Kraków (XII Bieżanów-Prokocim). Modernist/socrealist urban complex. Bieżanów (Dzielnica XII Bieżanów-Prokocim). Wielki kompleks wielorodzinny wybudowany w latach 1978–1986 na gruntach dawnej podkrakowskiej ws...",
          "de": "Wohnsiedlung 'Osiedle Nowy Bieżanów' in Krakau (XII Bieżanów-Prokocim). Urbanistischer Komplex. Bieżanów (Dzielnica XII Bieżanów-Prokocim). Wielki kompleks wielorodzinny wybudowany w latach 1978–1986 na gruntach dawnej podkrakowskiej ws..."
        },
        "timeline": [
          {
            "year": "1212",
            "event": "wieś Bezanow"
          },
          {
            "year": "1941/1973",
            "event": "włączenie Bieżanowa do Krakowa"
          },
          {
            "year": "1978",
            "event": "rozpoczęcie budowy osiedla Nowy Bieżanów"
          }
        ],
        "source": {
          "name": "Encyklopedia Krakowa: Osiedle Nowy Bieżanów",
          "url": "https://pl.wikipedia.org/wiki/Nowy_Bie%C5%BCan%C3%B3w",
          "label": "Encyklopedia Krakowa"
        },
        "historic_code": "Bieżanów Północ",
        "engineering_features": ""
      }
    },
    {
      "type": "Feature",
      "id": "os_zlocien",
      "geometry": {
        "type": "Point",
        "coordinates": [
          20.048944,
          50.024056
        ]
      },
      "properties": {
        "id": "os_zlocien",
        "is_landmark": true,
        "landmark_group": "estates",
        "name": {
          "pl": "Osiedle Złocień",
          "en": "Osiedle Złocień",
          "de": "Osiedle Złocień"
        },
        "prefix": {
          "pl": "osiedle",
          "en": "housing estate",
          "de": "Siedlung"
        },
        "full_name": {
          "pl": "Osiedle Złocień",
          "en": "Osiedle Złocień",
          "de": "Osiedle Złocień"
        },
        "district": {
          "pl": "XII Bieżanów-Prokocim",
          "en": "XII Bieżanów-Prokocim",
          "de": "XII Bieżanów-Prokocim"
        },
        "category": {
          "pl": "Miejsca i obiekty",
          "en": "Places and Landmarks",
          "de": "Orte und Wahrzeichen"
        },
        "year": "2000+",
        "summary": {
          "pl": "Osiedle Złocień w Krakowie (XII Bieżanów-Prokocim).",
          "en": "Osiedle Złocień in Kraków (XII Bieżanów-Prokocim).",
          "de": "Osiedle Złocień in Krakau (XII Bieżanów-Prokocim)."
        },
        "patron": null,
        "etymology": {
          "pl": "Bieżanów (Dzielnica XII Bieżanów-Prokocim). Nowoczesne, dynamicznie rozwijające się osiedle XXI wieku, budowane od końca lat 90. XX w. i intensywnie rozbudowywane po 2005 r. w rejonie ulic Teligi, Agatowej i Złocieniowej. W 2021 r. uzyskało szybkie połączenie kolejowe z centrum miasta dzięki nowej stacji Szybkiej Kolei Aglomeracyjnej (Kraków Złocień). Nazwa ma motywację florystyczną od kwiatu złocienia (chryzantemy).",
          "en": "Housing estate 'Osiedle Złocień' in Kraków (XII Bieżanów-Prokocim). Modernist/socrealist urban complex. Bieżanów (Dzielnica XII Bieżanów-Prokocim). Nowoczesne, dynamicznie rozwijające się osiedle XXI wieku, budowane od końca lat 90. XX w. i int...",
          "de": "Wohnsiedlung 'Osiedle Złocień' in Krakau (XII Bieżanów-Prokocim). Urbanistischer Komplex. Bieżanów (Dzielnica XII Bieżanów-Prokocim). Nowoczesne, dynamicznie rozwijające się osiedle XXI wieku, budowane od końca lat 90. XX w. i int..."
        },
        "timeline": [
          {
            "year": "1998",
            "event": "początek budowy osiedla Złocień"
          },
          {
            "year": "2021",
            "event": "otwarcie przystanku Szybkiej Kolei Aglomeracyjnej Kraków Złocień"
          }
        ],
        "source": {
          "name": "Encyklopedia Krakowa: Osiedle Złocień",
          "url": "https://pl.wikipedia.org/wiki/Osiedle_Z%C5%82ocie%C5%84",
          "label": "Encyklopedia Krakowa"
        },
        "historic_code": "Złocień",
        "engineering_features": ""
      }
    },
    {
      "type": "Feature",
      "id": "os_plaszow",
      "geometry": {
        "type": "Point",
        "coordinates": [
          19.992967,
          50.047981
        ]
      },
      "properties": {
        "id": "os_plaszow",
        "is_landmark": true,
        "landmark_group": "estates",
        "name": {
          "pl": "Osiedle Płaszów",
          "en": "Osiedle Płaszów",
          "de": "Osiedle Płaszów"
        },
        "prefix": {
          "pl": "osiedle",
          "en": "housing estate",
          "de": "Siedlung"
        },
        "full_name": {
          "pl": "Osiedle Płaszów",
          "en": "Osiedle Płaszów",
          "de": "Osiedle Płaszów"
        },
        "district": {
          "pl": "XIII Podgórze",
          "en": "XIII Podgórze",
          "de": "XIII Podgórze"
        },
        "category": {
          "pl": "Miejsca i obiekty",
          "en": "Places and Landmarks",
          "de": "Orte und Wahrzeichen"
        },
        "year": "1980/2000",
        "summary": {
          "pl": "Osiedle Płaszów w Krakowie (XIII Podgórze).",
          "en": "Osiedle Płaszów in Kraków (XIII Podgórze).",
          "de": "Osiedle Płaszów in Krakau (XIII Podgórze)."
        },
        "patron": null,
        "etymology": {
          "pl": "Płaszów (Dzielnica XIII Podgórze). Zespół osiedli mieszkaniowych wznoszonych od lat 80. XX w. i na początku XXI w. w rejonie dawnej wsi Płaszów (wzmiankowanej od 1254 r. w przywileju Bolesława Wstydliwego). Położone w zakolu Wisły w sąsiedztwie Zalewu Bagry (największego akwenu rekreacyjnego Krakowa) oraz estakady tramwajowej Lipska–Wielicka.",
          "en": "Housing estate 'Osiedle Płaszów' in Kraków (XIII Podgórze). Modernist/socrealist urban complex. Płaszów (Dzielnica XIII Podgórze). Zespół osiedli mieszkaniowych wznoszonych od lat 80. XX w. i na początku XXI w. w rejonie dawnej wsi Płas...",
          "de": "Wohnsiedlung 'Osiedle Płaszów' in Krakau (XIII Podgórze). Urbanistischer Komplex. Płaszów (Dzielnica XIII Podgórze). Zespół osiedli mieszkaniowych wznoszonych od lat 80. XX w. i na początku XXI w. w rejonie dawnej wsi Płas..."
        },
        "timeline": [
          {
            "year": "1254",
            "event": "wieś Plassow"
          },
          {
            "year": "1912",
            "event": "włączenie do Krakowa (DRK 1912)"
          },
          {
            "year": "1985",
            "event": "realizacja współczesnych zespołów mieszkaniowych"
          }
        ],
        "source": {
          "name": "Encyklopedia Krakowa: Osiedle Płaszów",
          "url": "https://pl.wikipedia.org/wiki/P%C5%82asz%C3%B3w",
          "label": "Encyklopedia Krakowa"
        },
        "historic_code": "Płaszów",
        "engineering_features": ""
      }
    },
    {
      "type": "Feature",
      "id": "bulwar_czerwienski",
      "geometry": {
        "type": "Point",
        "coordinates": [
          19.929317,
          50.054893
        ]
      },
      "properties": {
        "id": "bulwar_czerwienski",
        "is_landmark": true,
        "landmark_group": "parks",
        "name": {
          "pl": "Bulwar Czerwieński",
          "en": "Bulwar Czerwieński",
          "de": "Bulwar Czerwieński"
        },
        "prefix": {
          "pl": "park / bulwar",
          "en": "park / boulevard",
          "de": "Park / Boulevard"
        },
        "full_name": {
          "pl": "Bulwar Czerwieński",
          "en": "Bulwar Czerwieński",
          "de": "Bulwar Czerwieński"
        },
        "district": {
          "pl": "I Stare Miasto",
          "en": "I Old Town",
          "de": "I Altstadt"
        },
        "category": {
          "pl": "Parki i zieleń",
          "en": "Parks and Greenery",
          "de": "Parks und Grünflächen"
        },
        "year": 1905,
        "summary": {
          "pl": "Bulwar Czerwieński w Krakowie (I Stare Miasto).",
          "en": "Bulwar Czerwieński in Kraków (I Old Town).",
          "de": "Bulwar Czerwieński in Krakau (I Altstadt)."
        },
        "patron": null,
        "etymology": {
          "pl": "Reprezentacyjny lewobrzeżny bulwar wiślany w Dzielnicy I Stare Miasto, rozciągający się u stóp Wawelu między Mostem Dębnickim a Mostem Grunwaldzkim w zakolu Wisły. Wybudowany w latach 1905–1912 w ramach wielkiej regulacji koryta Wisły i budowy kanału żeglugowego Dunaj–Wisła. Nazwa upamiętnia Grody Czerwieńskie – historyczny zespół grodów obronnych na pograniczu polsko-ruskim w X–XIII w. Bulwar mieści słynny pomnik Smoka Wawelskiego pod Smoczą Jamą, Pomnik Psa Dżoka (symbolu psiej wierności) oraz Aleję Gwiazd.",
          "en": "Public park / boulevard 'Bulwar Czerwieński' in Kraków (I Old Town). Green recreation area. Reprezentacyjny lewobrzeżny bulwar wiślany w Dzielnicy I Stare Miasto, rozciągający się u stóp Wawelu między Mostem Dębnickim a Mostem Grunw...",
          "de": "Öffentlicher Park / Boulevard 'Bulwar Czerwieński' in Krakau (I Altstadt). Erholungsgebiet. Reprezentacyjny lewobrzeżny bulwar wiślany w Dzielnicy I Stare Miasto, rozciągający się u stóp Wawelu między Mostem Dębnickim a Mostem Grunw..."
        },
        "timeline": [
          {
            "year": "1905",
            "event": "regulacja Wisły i wzniesienie murów powodziowych"
          },
          {
            "year": "1991",
            "event": "oficjalne nadanie nazwy Bulwar Czerwieński"
          }
        ],
        "source": {
          "name": "Encyklopedia Krakowa: Bulwar Czerwieński",
          "url": "https://pl.wikipedia.org/wiki/Bulwar_Czerwie%C5%84ski",
          "label": "Encyklopedia Krakowa"
        },
        "historic_code": "",
        "engineering_features": ""
      }
    },
    {
      "type": "Feature",
      "id": "bulwar_poleski",
      "geometry": {
        "type": "Point",
        "coordinates": [
          19.93096,
          50.051745
        ]
      },
      "properties": {
        "id": "bulwar_poleski",
        "is_landmark": true,
        "landmark_group": "parks",
        "name": {
          "pl": "Bulwar Poleski",
          "en": "Bulwar Poleski",
          "de": "Bulwar Poleski"
        },
        "prefix": {
          "pl": "park / bulwar",
          "en": "park / boulevard",
          "de": "Park / Boulevard"
        },
        "full_name": {
          "pl": "Bulwar Poleski",
          "en": "Bulwar Poleski",
          "de": "Bulwar Poleski"
        },
        "district": {
          "pl": "VIII Dębniki",
          "en": "VIII Dębniki",
          "de": "VIII Dębniki"
        },
        "category": {
          "pl": "Parki i zieleń",
          "en": "Parks and Greenery",
          "de": "Parks und Grünflächen"
        },
        "year": 1905,
        "summary": {
          "pl": "Bulwar Poleski w Krakowie (VIII Dębniki).",
          "en": "Bulwar Poleski in Kraków (VIII Dębniki).",
          "de": "Bulwar Poleski in Krakau (VIII Dębniki)."
        },
        "patron": null,
        "etymology": {
          "pl": "Prawobrzeżny bulwar wiślany w Dzielnicy VIII Dębniki, ciągnący się od Mostu Dębnickiego do Mostu Grunwaldzkiego naprzeciw Wawelu i kościoła Paulinów na Skałce. Powstał w latach 1905–1912 w ramach budowy nadrzecznych wałów przeciwpowodziowych i portu rzecznego. Nazwa nawiązuje do krainy historyczno-geograficznej Polesie w dorzeczu Prypeci. Na nadrzecznej terasie bulwaru wznosi się ekspresyjny gmach Muzeum Sztuki i Techniki Japońskiej Manggha (otwarty w 1994 r. z inicjatywy Andrzeja Wajdy) oraz plaża z widokiem na panoramę zamku królewskiego.",
          "en": "Public park / boulevard 'Bulwar Poleski' in Kraków (VIII Dębniki). Green recreation area. Prawobrzeżny bulwar wiślany w Dzielnicy VIII Dębniki, ciągnący się od Mostu Dębnickiego do Mostu Grunwaldzkiego naprzeciw Wawelu i kościoła ...",
          "de": "Öffentlicher Park / Boulevard 'Bulwar Poleski' in Krakau (VIII Dębniki). Erholungsgebiet. Prawobrzeżny bulwar wiślany w Dzielnicy VIII Dębniki, ciągnący się od Mostu Dębnickiego do Mostu Grunwaldzkiego naprzeciw Wawelu i kościoła ..."
        },
        "timeline": [
          {
            "year": "1905",
            "event": "budowa bulwarów dębnickich"
          },
          {
            "year": "1991",
            "event": "oficjalne nadanie nazwy Bulwar Poleski"
          }
        ],
        "source": {
          "name": "Encyklopedia Krakowa: Bulwar Poleski",
          "url": "https://pl.wikipedia.org/wiki/Bulwar_Poleski",
          "label": "Encyklopedia Krakowa"
        },
        "historic_code": "",
        "engineering_features": ""
      }
    },
    {
      "type": "Feature",
      "id": "bulwar_rodla",
      "geometry": {
        "type": "Point",
        "coordinates": [
          19.923542,
          50.053319
        ]
      },
      "properties": {
        "id": "bulwar_rodla",
        "is_landmark": true,
        "landmark_group": "parks",
        "name": {
          "pl": "Bulwar Rodła",
          "en": "Bulwar Rodła",
          "de": "Bulwar Rodła"
        },
        "prefix": {
          "pl": "park / bulwar",
          "en": "park / boulevard",
          "de": "Park / Boulevard"
        },
        "full_name": {
          "pl": "Bulwar Rodła",
          "en": "Bulwar Rodła",
          "de": "Bulwar Rodła"
        },
        "district": {
          "pl": "VII Zwierzyniec",
          "en": "VII Zwierzyniec",
          "de": "VII Zwierzyniec"
        },
        "category": {
          "pl": "Parki i zieleń",
          "en": "Parks and Greenery",
          "de": "Parks und Grünflächen"
        },
        "year": 1905,
        "summary": {
          "pl": "Bulwar Rodła w Krakowie (VII Zwierzyniec).",
          "en": "Bulwar Rodła in Kraków (VII Zwierzyniec).",
          "de": "Bulwar Rodła in Krakau (VII Zwierzyniec)."
        },
        "patron": null,
        "etymology": {
          "pl": "Lewobrzeżny bulwar wiślany w Dzielnicy VII Zwierzyniec na Salwatorze, rozciągający się od Mostu Dębnickiego do ujścia rzeki Rudawy naprzeciw zabytkowego klasztoru ss. Norbertanek. Nazwa upamiętnia Znak Rodła – znak graficzny Związku Polaków w Niemczech z 1932 r., przedstawiający bieg Wisły z zaznaczonym Krakowem. Bulwar stanowi tradycyjne miejsce cumowania tratw flisackich, przystań klubów kajakowych i wioślarskich oraz miejsce lądowania orszaku Lajkonika podczas tradycyjnego harcu na Zwierzyńcu.",
          "en": "Public park / boulevard 'Bulwar Rodła' in Kraków (VII Zwierzyniec). Green recreation area. Lewobrzeżny bulwar wiślany w Dzielnicy VII Zwierzyniec na Salwatorze, rozciągający się od Mostu Dębnickiego do ujścia rzeki Rudawy naprzeciw...",
          "de": "Öffentlicher Park / Boulevard 'Bulwar Rodła' in Krakau (VII Zwierzyniec). Erholungsgebiet. Lewobrzeżny bulwar wiślany w Dzielnicy VII Zwierzyniec na Salwatorze, rozciągający się od Mostu Dębnickiego do ujścia rzeki Rudawy naprzeciw..."
        },
        "timeline": [
          {
            "year": "1905",
            "event": "regulacja ujścia Rudawy i brzegu Wisły"
          },
          {
            "year": "1991",
            "event": "oficjalne nadanie nazwy Bulwar Rodła"
          }
        ],
        "source": {
          "name": "Encyklopedia Krakowa: Bulwar Rodła",
          "url": "https://pl.wikipedia.org/wiki/Bulwar_Rod%C5%82a",
          "label": "Encyklopedia Krakowa"
        },
        "historic_code": "",
        "engineering_features": ""
      }
    },
    {
      "type": "Feature",
      "id": "bulwar_inflancki",
      "geometry": {
        "type": "Point",
        "coordinates": [
          19.935131,
          50.049824
        ]
      },
      "properties": {
        "id": "bulwar_inflancki",
        "is_landmark": true,
        "landmark_group": "parks",
        "name": {
          "pl": "Bulwar Inflancki",
          "en": "Bulwar Inflancki",
          "de": "Bulwar Inflancki"
        },
        "prefix": {
          "pl": "park / bulwar",
          "en": "park / boulevard",
          "de": "Park / Boulevard"
        },
        "full_name": {
          "pl": "Bulwar Inflancki",
          "en": "Bulwar Inflancki",
          "de": "Bulwar Inflancki"
        },
        "district": {
          "pl": "I Kazimierz",
          "en": "I Kazimierz",
          "de": "I Kazimierz"
        },
        "category": {
          "pl": "Parki i zieleń",
          "en": "Parks and Greenery",
          "de": "Parks und Grünflächen"
        },
        "year": 1905,
        "summary": {
          "pl": "Bulwar Inflancki w Krakowie (I Kazimierz).",
          "en": "Bulwar Inflancki in Kraków (I Kazimierz).",
          "de": "Bulwar Inflancki in Krakau (I Kazimierz)."
        },
        "patron": null,
        "etymology": {
          "pl": "Lewobrzeżny bulwar wiślany w Dzielnicy I Stare Miasto na Kazimierzu, biegnący poniżej historycznego wzgórza Skałki od Mostu Grunwaldzkiego do Kładki Ojca Bernatka. Wybudowany w latach 1905–1912 w ramach likwidacji bocznych ramion Wisły i fortyfikacji nadrzecznych. Nazwa upamiętnia Inflanty (łac. *Livonia*) – krainę nadbałtycką związaną z Rzecząpospolitą od czasów unii lubelskiej. Bulwar roztacza widok na Podgórze i kościół św. Józefa, stanowiąc popularną nadrzeczną promenadę spacerową u stóp kazimierskich zabytków.",
          "en": "Public park / boulevard 'Bulwar Inflancki' in Kraków (I Kazimierz). Green recreation area. Lewobrzeżny bulwar wiślany w Dzielnicy I Stare Miasto na Kazimierzu, biegnący poniżej historycznego wzgórza Skałki od Mostu Grunwaldzkiego d...",
          "de": "Öffentlicher Park / Boulevard 'Bulwar Inflancki' in Krakau (I Kazimierz). Erholungsgebiet. Lewobrzeżny bulwar wiślany w Dzielnicy I Stare Miasto na Kazimierzu, biegnący poniżej historycznego wzgórza Skałki od Mostu Grunwaldzkiego d..."
        },
        "timeline": [
          {
            "year": "1905",
            "event": "budowa murów bulwarowych Kazimierza"
          },
          {
            "year": "1991",
            "event": "oficjalne nadanie nazwy Bulwar Inflancki"
          }
        ],
        "source": {
          "name": "Encyklopedia Krakowa: Bulwar Inflancki",
          "url": "https://pl.wikipedia.org/wiki/Bulwar_Inflancki",
          "label": "Encyklopedia Krakowa"
        },
        "historic_code": "",
        "engineering_features": ""
      }
    },
    {
      "type": "Feature",
      "id": "bulwar_kurlandzki",
      "geometry": {
        "type": "Point",
        "coordinates": [
          19.949142,
          50.048107
        ]
      },
      "properties": {
        "id": "bulwar_kurlandzki",
        "is_landmark": true,
        "landmark_group": "parks",
        "name": {
          "pl": "Bulwar Kurlandzki",
          "en": "Bulwar Kurlandzki",
          "de": "Bulwar Kurlandzki"
        },
        "prefix": {
          "pl": "park / bulwar",
          "en": "park / boulevard",
          "de": "Park / Boulevard"
        },
        "full_name": {
          "pl": "Bulwar Kurlandzki",
          "en": "Bulwar Kurlandzki",
          "de": "Bulwar Kurlandzki"
        },
        "district": {
          "pl": "I Kazimierz",
          "en": "I Kazimierz",
          "de": "I Kazimierz"
        },
        "category": {
          "pl": "Parki i zieleń",
          "en": "Parks and Greenery",
          "de": "Parks und Grünflächen"
        },
        "year": 1905,
        "summary": {
          "pl": "Bulwar Kurlandzki w Krakowie (I Kazimierz).",
          "en": "Bulwar Kurlandzki in Kraków (I Kazimierz).",
          "de": "Bulwar Kurlandzki in Krakau (I Kazimierz)."
        },
        "patron": null,
        "etymology": {
          "pl": "Lewobrzeżny bulwar wiślany na pograniczu Dzielnicy I Stare Miasto i Dzielnicy II Grzegórzki, biegnący od Kładki Bernatka i ul. Gazowej pod mostami kolejowymi średnicowymi aż do Mostu Kotlarskiego. Nazwa nawiązuje do historycznego Księstwa Kurlandii i Semigalii, dawnego lenna Rzeczypospolitej Obojga Narodów. Bulwar jest tradycyjnym ośrodkiem krakowskich sportów wodnych – mieszczą się tu przystanie klubów wioślarskich AZS-AWF i Nadwiślanin oraz zrewitalizowane nadrzeczne ścieżki rekreacyjne.",
          "en": "Public park / boulevard 'Bulwar Kurlandzki' in Kraków (I Kazimierz). Green recreation area. Lewobrzeżny bulwar wiślany na pograniczu Dzielnicy I Stare Miasto i Dzielnicy II Grzegórzki, biegnący od Kładki Bernatka i ul. Gazowej pod m...",
          "de": "Öffentlicher Park / Boulevard 'Bulwar Kurlandzki' in Krakau (I Kazimierz). Erholungsgebiet. Lewobrzeżny bulwar wiślany na pograniczu Dzielnicy I Stare Miasto i Dzielnicy II Grzegórzki, biegnący od Kładki Bernatka i ul. Gazowej pod m..."
        },
        "timeline": [
          {
            "year": "1905",
            "event": "umocnienie brzegów Grzegórzek i Kazimierza"
          },
          {
            "year": "1991",
            "event": "oficjalne nadanie nazwy Bulwar Kurlandzki"
          }
        ],
        "source": {
          "name": "Encyklopedia Krakowa: Bulwar Kurlandzki",
          "url": "https://pl.wikipedia.org/wiki/Bulwar_Kurlandzki",
          "label": "Encyklopedia Krakowa"
        },
        "historic_code": "",
        "engineering_features": ""
      }
    },
    {
      "type": "Feature",
      "id": "bulwar_podolski",
      "geometry": {
        "type": "Point",
        "coordinates": [
          19.954862,
          50.049491
        ]
      },
      "properties": {
        "id": "bulwar_podolski",
        "is_landmark": true,
        "landmark_group": "parks",
        "name": {
          "pl": "Bulwar Podolski",
          "en": "Bulwar Podolski",
          "de": "Bulwar Podolski"
        },
        "prefix": {
          "pl": "park / bulwar",
          "en": "park / boulevard",
          "de": "Park / Boulevard"
        },
        "full_name": {
          "pl": "Bulwar Podolski",
          "en": "Bulwar Podolski",
          "de": "Bulwar Podolski"
        },
        "district": {
          "pl": "XIII Podgórze",
          "en": "XIII Podgórze",
          "de": "XIII Podgórze"
        },
        "category": {
          "pl": "Parki i zieleń",
          "en": "Parks and Greenery",
          "de": "Parks und Grünflächen"
        },
        "year": 1905,
        "summary": {
          "pl": "Bulwar Podolski w Krakowie (XIII Podgórze).",
          "en": "Bulwar Podolski in Kraków (XIII Podgórze).",
          "de": "Bulwar Podolski in Krakau (XIII Podgórze)."
        },
        "patron": null,
        "etymology": {
          "pl": "Prawobrzeżny bulwar wiślany w Dzielnicy XIII Podgórze, rozciągający się od Kładki Ojca Bernatka wzdłuż nadrzecznej pierzei Podgórza do Mostu Powstańców Śląskich i mostów kolejowych Zabłocia. Nazwa upamiętnia Podole – historyczną krainę dawnej Rzeczypospolitej w dorzeczu Dniestru i Bohu. Przy bulwarze znajduje się zabytkowa neogotycka Elektrownia Podgórska z 1900 r. połączona z nowoczesną architekturą Cricoteki (Ośrodka Dokumentacji Sztuki Tadeusza Kantora), a także przystanie tramwaju wodnego.",
          "en": "Public park / boulevard 'Bulwar Podolski' in Kraków (XIII Podgórze). Green recreation area. Prawobrzeżny bulwar wiślany w Dzielnicy XIII Podgórze, rozciągający się od Kładki Ojca Bernatka wzdłuż nadrzecznej pierzei Podgórza do Mostu...",
          "de": "Öffentlicher Park / Boulevard 'Bulwar Podolski' in Krakau (XIII Podgórze). Erholungsgebiet. Prawobrzeżny bulwar wiślany w Dzielnicy XIII Podgórze, rozciągający się od Kładki Ojca Bernatka wzdłuż nadrzecznej pierzei Podgórza do Mostu..."
        },
        "timeline": [
          {
            "year": "1905",
            "event": "budowa bulwarów podgórskich"
          },
          {
            "year": "1991",
            "event": "oficjalne nadanie nazwy Bulwar Podolski"
          }
        ],
        "source": {
          "name": "Encyklopedia Krakowa: Bulwar Podolski",
          "url": "https://pl.wikipedia.org/wiki/Bulwar_Podolski",
          "label": "Encyklopedia Krakowa"
        },
        "historic_code": "",
        "engineering_features": ""
      }
    },
    {
      "type": "Feature",
      "id": "bulwar_wolynski",
      "geometry": {
        "type": "Point",
        "coordinates": [
          19.933576,
          50.049171
        ]
      },
      "properties": {
        "id": "bulwar_wolynski",
        "is_landmark": true,
        "landmark_group": "parks",
        "name": {
          "pl": "Bulwar Wołyński",
          "en": "Bulwar Wołyński",
          "de": "Bulwar Wołyński"
        },
        "prefix": {
          "pl": "park / bulwar",
          "en": "park / boulevard",
          "de": "Park / Boulevard"
        },
        "full_name": {
          "pl": "Bulwar Wołyński",
          "en": "Bulwar Wołyński",
          "de": "Bulwar Wołyński"
        },
        "district": {
          "pl": "VIII Ludwinów",
          "en": "VIII Ludwinów",
          "de": "VIII Ludwinów"
        },
        "category": {
          "pl": "Parki i zieleń",
          "en": "Parks and Greenery",
          "de": "Parks und Grünflächen"
        },
        "year": 1905,
        "summary": {
          "pl": "Bulwar Wołyński w Krakowie (VIII Ludwinów).",
          "en": "Bulwar Wołyński in Kraków (VIII Ludwinów).",
          "de": "Bulwar Wołyński in Krakau (VIII Ludwinów)."
        },
        "patron": null,
        "etymology": {
          "pl": "Prawobrzeżny bulwar wiślany w Dzielnicy VIII Dębniki (Ludwinów), rozpościerający się pomiędzy ujściem rzeki Wilgi a Mostem Grunwaldzkim. Powstał w latach 1905–1912 po włączeniu Ludwinowa do Krakowa. Nazwa upamiętnia Wołyń – krainę historyczną w dorzeczu Prypeci i Bugu. Na bulwarze wznosi się modernistyczny gmach dawnego Hotelu Forum (proj. Janusza Ingardena, 1988), charakterystyczna stacjonarna platforma widokowa z balonem helowym oraz nadrzeczna plaża klubowa.",
          "en": "Public park / boulevard 'Bulwar Wołyński' in Kraków (VIII Ludwinów). Green recreation area. Prawobrzeżny bulwar wiślany w Dzielnicy VIII Dębniki (Ludwinów), rozpościerający się pomiędzy ujściem rzeki Wilgi a Mostem Grunwaldzkim. Pow...",
          "de": "Öffentlicher Park / Boulevard 'Bulwar Wołyński' in Krakau (VIII Ludwinów). Erholungsgebiet. Prawobrzeżny bulwar wiślany w Dzielnicy VIII Dębniki (Ludwinów), rozpościerający się pomiędzy ujściem rzeki Wilgi a Mostem Grunwaldzkim. Pow..."
        },
        "timeline": [
          {
            "year": "1905",
            "event": "regulacja ujścia Wilgi do Wisły"
          },
          {
            "year": "1991",
            "event": "oficjalne nadanie nazwy Bulwar Wołyński"
          }
        ],
        "source": {
          "name": "Encyklopedia Krakowa: Bulwar Wołyński",
          "url": "https://pl.wikipedia.org/wiki/Bulwar_Wo%C5%82y%C5%84ski",
          "label": "Encyklopedia Krakowa"
        },
        "historic_code": "",
        "engineering_features": ""
      }
    },
    {
      "type": "Feature",
      "id": "bulwar_lotnikow_wislanych",
      "geometry": {
        "type": "Point",
        "coordinates": [
          19.99529,
          50.072774
        ]
      },
      "properties": {
        "id": "bulwar_lotnikow_wislanych",
        "is_landmark": true,
        "landmark_group": "parks",
        "name": {
          "pl": "Bulwar Lotników Wiślanych",
          "en": "Bulwar Lotników Wiślanych",
          "de": "Bulwar Lotników Wiślanych"
        },
        "prefix": {
          "pl": "park / bulwar",
          "en": "park / boulevard",
          "de": "Park / Boulevard"
        },
        "full_name": {
          "pl": "Bulwar Lotników Wiślanych",
          "en": "Bulwar Lotników Wiślanych",
          "de": "Bulwar Lotników Wiślanych"
        },
        "district": {
          "pl": "II Grzegórzki (Dąbie)",
          "en": "II Grzegórzki (Dąbie)",
          "de": "II Grzegórzki (Dąbie)"
        },
        "category": {
          "pl": "Parki i zieleń",
          "en": "Parks and Greenery",
          "de": "Parks und Grünflächen"
        },
        "year": 1991,
        "summary": {
          "pl": "Bulwar Lotników Wiślanych w Krakowie (II Grzegórzki (Dąbie)).",
          "en": "Bulwar Lotników Wiślanych in Kraków (II Grzegórzki (Dąbie)).",
          "de": "Bulwar Lotników Wiślanych in Krakau (II Grzegórzki (Dąbie))."
        },
        "patron": null,
        "etymology": {
          "pl": "Lewobrzeżny bulwar spacerowo-rowerowy w Dzielnicy II Grzegórzki (Dąbie), biegnący na wschód od Mostu Kotlarskiego ku Stopniowi Wodnemu Dąbie. Nazwa nadana uchwałą RMK w 1991 r. upamiętnia polskich i alianckich lotników 1586. Eskadry Specjalnego Przeznaczenia PAF, brytyjskiego RAF oraz południowoafrykańskiego SAAF, którzy niosąc pomoc zrzutową dla walczącej Warszawy w sierpniu 1944 r., ponieśli śmierć nad Krakowem (w tym zestrzeloną załogę bombowca Liberator KG 827).",
          "en": "Public park / boulevard 'Bulwar Lotników Wiślanych' in Kraków (II Grzegórzki (Dąbie)). Green recreation area. Lewobrzeżny bulwar spacerowo-rowerowy w Dzielnicy II Grzegórzki (Dąbie), biegnący na wschód od Mostu Kotlarskiego ku Stopniowi Wodnemu Dąbie...",
          "de": "Öffentlicher Park / Boulevard 'Bulwar Lotników Wiślanych' in Krakau (II Grzegórzki (Dąbie)). Erholungsgebiet. Lewobrzeżny bulwar spacerowo-rowerowy w Dzielnicy II Grzegórzki (Dąbie), biegnący na wschód od Mostu Kotlarskiego ku Stopniowi Wodnemu Dąbie..."
        },
        "timeline": [],
        "source": {
          "name": "Encyklopedia Krakowa: Bulwar Lotników Wiślanych",
          "url": "https://pl.wikipedia.org/wiki/Bulwar_Lotnik%C3%B3w_Wi%C5%9Blanych",
          "label": "Encyklopedia Krakowa"
        },
        "historic_code": "",
        "engineering_features": ""
      }
    },
    {
      "type": "Feature",
      "id": "bulwar_szymborskiej",
      "geometry": {
        "type": "Point",
        "coordinates": [
          19.928972,
          50.065417
        ]
      },
      "properties": {
        "id": "bulwar_szymborskiej",
        "is_landmark": true,
        "landmark_group": "parks",
        "name": {
          "pl": "Bulwar Wisławy Szymborskiej",
          "en": "Bulwar Wisławy Szymborskiej",
          "de": "Bulwar Wisławy Szymborskiej"
        },
        "prefix": {
          "pl": "park / bulwar",
          "en": "park / boulevard",
          "de": "Park / Boulevard"
        },
        "full_name": {
          "pl": "Bulwar Wisławy Szymborskiej",
          "en": "Bulwar Wisławy Szymborskiej",
          "de": "Bulwar Wisławy Szymborskiej"
        },
        "district": {
          "pl": "VIII Dębniki",
          "en": "VIII Dębniki",
          "de": "VIII Dębniki"
        },
        "category": {
          "pl": "Parki i zieleń",
          "en": "Parks and Greenery",
          "de": "Parks und Grünflächen"
        },
        "year": 2013,
        "summary": {
          "pl": "Bulwar Wisławy Szymborskiej w Krakowie (VIII Dębniki).",
          "en": "Bulwar Wisławy Szymborskiej in Kraków (VIII Dębniki).",
          "de": "Bulwar Wisławy Szymborskiej in Krakau (VIII Dębniki)."
        },
        "patron": {
          "name": "Wisława Szymborska",
          "role": {
            "pl": "Patron: Wisława Szymborska",
            "en": "Patron: Wisława Szymborska",
            "de": "Patron: Wisława Szymborska"
          },
          "image": "https://commons.wikimedia.org/wiki/Special:FilePath/Wis%C5%82awa%20Szymborska%202009.10.23%20%281%29.jpg?width=360"
        },
        "etymology": {
          "pl": "Wisława Szymborska (1923–2012), najwybitniejsza polska poetka współczesna, eseistka, tłumaczka literatury, laureatka Nagrody Nobla w dziedzinie literatury (1996), Dama Orderu Orła Białego, związana z Krakowem przez całe dorosłe życie. Prawobrzeżny odcinek bulwarów wiślanych w Dzielnicy VIII Dębniki pomiędzy Mostem Grunwaldzkim a Mostem Piłsudskiego, nazwany uchwałą Rady Miasta Krakowa w 2013 r. w hołdzie dla poetki.",
          "en": "Public park / boulevard 'Bulwar Wisławy Szymborskiej' in Kraków (VIII Dębniki). Green recreation area. Wisława Szymborska (1923–2012), najwybitniejsza polska poetka współczesna, eseistka, tłumaczka literatury, laureatka Nagrody Nobla w dziedzi...",
          "de": "Öffentlicher Park / Boulevard 'Bulwar Wisławy Szymborskiej' in Krakau (VIII Dębniki). Erholungsgebiet. Wisława Szymborska (1923–2012), najwybitniejsza polska poetka współczesna, eseistka, tłumaczka literatury, laureatka Nagrody Nobla w dziedzi..."
        },
        "timeline": [],
        "source": {
          "name": "BIP Kraków: Uchwała RMK Bulwar Wisławy Szymborskiej",
          "url": "https://www.bip.krakow.pl",
          "label": "BIP Kraków"
        },
        "historic_code": "",
        "engineering_features": ""
      }
    },
    {
      "type": "Feature",
      "id": "bulwar_dabie",
      "geometry": {
        "type": "Point",
        "coordinates": [
          19.979142,
          50.059437
        ]
      },
      "properties": {
        "id": "bulwar_dabie",
        "is_landmark": true,
        "landmark_group": "parks",
        "name": {
          "pl": "Bulwar Dąbie",
          "en": "Bulwar Dąbie",
          "de": "Bulwar Dąbie"
        },
        "prefix": {
          "pl": "park / bulwar",
          "en": "park / boulevard",
          "de": "Park / Boulevard"
        },
        "full_name": {
          "pl": "Bulwar Dąbie",
          "en": "Bulwar Dąbie",
          "de": "Bulwar Dąbie"
        },
        "district": {
          "pl": "II Grzegórzki",
          "en": "II Grzegórzki",
          "de": "II Grzegórzki"
        },
        "category": {
          "pl": "Parki i zieleń",
          "en": "Parks and Greenery",
          "de": "Parks und Grünflächen"
        },
        "year": 1961,
        "summary": {
          "pl": "Bulwar Dąbie w Krakowie (II Grzegórzki).",
          "en": "Bulwar Dąbie in Kraków (II Grzegórzki).",
          "de": "Bulwar Dąbie in Krakau (II Grzegórzki)."
        },
        "patron": null,
        "etymology": {
          "pl": "Lewobrzeżny nadrzeczny bulwar w Dzielnicy II Grzegórzki w obrębie dawnej podkrakowskiej wsi Dąbie (wzmiankowanej od 1254 r., włączonej do Krakowa w 1911 r.). Wytyczony wzdłuż terasy Wisły w rejonie Stopnia Wodnego Dąbie, wybudowanego w latach 1957–1961 w celu podpiętrzenia wód rzeki i zapewnienia głębokości tranzytowej drogi wodnej Górnej Wisły. Stanowi malowniczy trakt spacerowo-rowerowy z parkową zielenią łęgową.",
          "en": "Public park / boulevard 'Bulwar Dąbie' in Kraków (II Grzegórzki). Green recreation area. Lewobrzeżny nadrzeczny bulwar w Dzielnicy II Grzegórzki w obrębie dawnej podkrakowskiej wsi Dąbie (wzmiankowanej od 1254 r., włączonej do Kr...",
          "de": "Öffentlicher Park / Boulevard 'Bulwar Dąbie' in Krakau (II Grzegórzki). Erholungsgebiet. Lewobrzeżny nadrzeczny bulwar w Dzielnicy II Grzegórzki w obrębie dawnej podkrakowskiej wsi Dąbie (wzmiankowanej od 1254 r., włączonej do Kr..."
        },
        "timeline": [],
        "source": {
          "name": "Encyklopedia Krakowa: Bulwar Dąbie",
          "url": "https://pl.wikipedia.org/wiki/Bulwar_D%C4%85bie",
          "label": "Encyklopedia Krakowa"
        },
        "historic_code": "",
        "engineering_features": ""
      }
    },
    {
      "type": "Feature",
      "id": "planty_krakowskie",
      "geometry": {
        "type": "Point",
        "coordinates": [
          19.938425,
          50.060249
        ]
      },
      "properties": {
        "id": "planty_krakowskie",
        "is_landmark": true,
        "landmark_group": "parks",
        "name": {
          "pl": "Planty Krakowskie",
          "en": "Planty Krakowskie",
          "de": "Planty Krakowskie"
        },
        "prefix": {
          "pl": "park / bulwar",
          "en": "park / boulevard",
          "de": "Park / Boulevard"
        },
        "full_name": {
          "pl": "Planty Krakowskie",
          "en": "Planty Krakowskie",
          "de": "Planty Krakowskie"
        },
        "district": {
          "pl": "I Stare Miasto",
          "en": "I Old Town",
          "de": "I Altstadt"
        },
        "category": {
          "pl": "Parki i zieleń",
          "en": "Parks and Greenery",
          "de": "Parks und Grünflächen"
        },
        "year": 1820,
        "summary": {
          "pl": "Planty Krakowskie w Krakowie (I Stare Miasto).",
          "en": "Planty Krakowskie in Kraków (I Old Town).",
          "de": "Planty Krakowskie in Krakau (I Altstadt)."
        },
        "patron": null,
        "etymology": {
          "pl": "Unikatowy w skali światowej zabytkowy park miejski w Dzielnicy I Stare Miasto o powierzchni 21 ha i obwodzie ok. 4 km, otaczający zwartym pierścieniem całe średniowieczne miasto lokacyjne. Utworzony w latach 1820–1830 według koncepcji architekta Feliksa Radwańskiego i senatora Floriana Straszewskiego w miejscu wyburzonych na początku XIX w. gotyckich murów miejskich, baszt i zasypanej fosy (proces zwany „plantowaniem”). Dzieli się na 8 ogrodów z pomnikami narodowymi i zabytkowym starodrzewem.",
          "en": "Public park / boulevard 'Planty Krakowskie' in Kraków (I Old Town). Green recreation area. Unikatowy w skali światowej zabytkowy park miejski w Dzielnicy I Stare Miasto o powierzchni 21 ha i obwodzie ok. 4 km, otaczający zwartym pi...",
          "de": "Öffentlicher Park / Boulevard 'Planty Krakowskie' in Krakau (I Altstadt). Erholungsgebiet. Unikatowy w skali światowej zabytkowy park miejski w Dzielnicy I Stare Miasto o powierzchni 21 ha i obwodzie ok. 4 km, otaczający zwartym pi..."
        },
        "timeline": [
          {
            "year": "1820",
            "event": "uchwała Senatu Wolnego Miasta Krakowa o założeniu Plant"
          },
          {
            "year": "1830",
            "event": "ukończenie pierścienia parkowego Plant"
          }
        ],
        "source": {
          "name": "Encyklopedia Krakowa: Planty Krakowskie",
          "url": "https://pl.wikipedia.org/wiki/Planty_Krakowskie",
          "label": "Encyklopedia Krakowa"
        },
        "historic_code": "",
        "engineering_features": ""
      }
    },
    {
      "type": "Feature",
      "id": "planty_nowackiego",
      "geometry": {
        "type": "Point",
        "coordinates": [
          19.942874,
          50.043547
        ]
      },
      "properties": {
        "id": "planty_nowackiego",
        "is_landmark": true,
        "landmark_group": "parks",
        "name": {
          "pl": "Planty Floriana Nowackiego",
          "en": "Planty Floriana Nowackiego",
          "de": "Planty Floriana Nowackiego"
        },
        "prefix": {
          "pl": "park / bulwar",
          "en": "park / boulevard",
          "de": "Park / Boulevard"
        },
        "full_name": {
          "pl": "Planty Floriana Nowackiego",
          "en": "Planty Floriana Nowackiego",
          "de": "Planty Floriana Nowackiego"
        },
        "district": {
          "pl": "XIII Podgórze",
          "en": "XIII Podgórze",
          "de": "XIII Podgórze"
        },
        "category": {
          "pl": "Parki i zieleń",
          "en": "Parks and Greenery",
          "de": "Parks und Grünflächen"
        },
        "year": 1868,
        "summary": {
          "pl": "Planty Floriana Nowackiego w Krakowie (XIII Podgórze).",
          "en": "Planty Floriana Nowackiego in Kraków (XIII Podgórze).",
          "de": "Planty Floriana Nowackiego in Krakau (XIII Podgórze)."
        },
        "patron": {
          "name": "Florian Nowacki",
          "role": {
            "pl": "Patron: Florian Nowacki",
            "en": "Patron: Florian Nowacki",
            "de": "Patron: Florian Nowacki"
          },
          "image": ""
        },
        "etymology": {
          "pl": "Florian Nowacki (1832–1904), podgórski lekarz, radny, wieloletni wiceburmistrz Podgórza, prezes Towarzystwa Gimnastycznego „Sokół”, niestrudzony inicjator zakładania terenów zielonych. Najstarszy park miejski w Dzielnicy XIII Podgórze (pow. 2,7 ha) w widłach Wisły i Wilgi przy ul. Krasickiego. Założony w 1868 r. na dawnych błoniach podgórskich. W 1898 r. wzniesiono tu kamienny obelisk ku czci Edwarda Dembowskiego i powstańców krakowskich z 1846 r.",
          "en": "Public park / boulevard 'Planty Floriana Nowackiego' in Kraków (XIII Podgórze). Green recreation area. Florian Nowacki (1832–1904), podgórski lekarz, radny, wieloletni wiceburmistrz Podgórza, prezes Towarzystwa Gimnastycznego „Sokół”, niestrud...",
          "de": "Öffentlicher Park / Boulevard 'Planty Floriana Nowackiego' in Krakau (XIII Podgórze). Erholungsgebiet. Florian Nowacki (1832–1904), podgórski lekarz, radny, wieloletni wiceburmistrz Podgórza, prezes Towarzystwa Gimnastycznego „Sokół”, niestrud..."
        },
        "timeline": [
          {
            "year": "1868",
            "event": "założenie ogrodu miejskiego w Podgórzu"
          },
          {
            "year": "1904",
            "event": "nadanie nazwy Planty Floriana Nowackiego"
          }
        ],
        "source": {
          "name": "Encyklopedia Krakowa: Planty Floriana Nowackiego",
          "url": "https://pl.wikipedia.org/wiki/Planty_Floriana_Nowackiego",
          "label": "Encyklopedia Krakowa"
        },
        "historic_code": "",
        "engineering_features": ""
      }
    },
    {
      "type": "Feature",
      "id": "planty_bienczyckie",
      "geometry": {
        "type": "Point",
        "coordinates": [
          20.020554,
          50.085694
        ]
      },
      "properties": {
        "id": "planty_bienczyckie",
        "is_landmark": true,
        "landmark_group": "parks",
        "name": {
          "pl": "Planty Bieńczyckie",
          "en": "Planty Bieńczyckie",
          "de": "Planty Bieńczyckie"
        },
        "prefix": {
          "pl": "park / bulwar",
          "en": "park / boulevard",
          "de": "Park / Boulevard"
        },
        "full_name": {
          "pl": "Planty Bieńczyckie",
          "en": "Planty Bieńczyckie",
          "de": "Planty Bieńczyckie"
        },
        "district": {
          "pl": "XVI Bieńczyce",
          "en": "XVI Bieńczyce",
          "de": "XVI Bieńczyce"
        },
        "category": {
          "pl": "Parki i zieleń",
          "en": "Parks and Greenery",
          "de": "Parks und Grünflächen"
        },
        "year": 1970,
        "summary": {
          "pl": "Planty Bieńczyckie w Krakowie (XVI Bieńczyce).",
          "en": "Planty Bieńczyckie in Kraków (XVI Bieńczyce).",
          "de": "Planty Bieńczyckie in Krakau (XVI Bieńczyce)."
        },
        "patron": null,
        "etymology": {
          "pl": "Rozległy park krajobrazowy w Dzielnicy XVI Bieńczyce o powierzchni ok. 17 ha, wytyczony na początku lat 70. XX w. jako zielona oś kompozycyjna i korytarz ekologiczny integrujący wielkie modernistyczne zespoły mieszkaniowe (osiedla Albertyńskie, Kazimierzowskie, Jagiellońskie, Przy Arce i Niepodległości). Zaprojektowany przez urbanistów Nowej Huty ze szpalerami drzew liściastych, alejami spacerowymi, pergolami, placami zabaw oraz fontannami osiedlowymi.",
          "en": "Public park / boulevard 'Planty Bieńczyckie' in Kraków (XVI Bieńczyce). Green recreation area. Rozległy park krajobrazowy w Dzielnicy XVI Bieńczyce o powierzchni ok. 17 ha, wytyczony na początku lat 70. XX w. jako zielona oś kompozycyj...",
          "de": "Öffentlicher Park / Boulevard 'Planty Bieńczyckie' in Krakau (XVI Bieńczyce). Erholungsgebiet. Rozległy park krajobrazowy w Dzielnicy XVI Bieńczyce o powierzchni ok. 17 ha, wytyczony na początku lat 70. XX w. jako zielona oś kompozycyj..."
        },
        "timeline": [],
        "source": {
          "name": "Encyklopedia Krakowa: Planty Bieńczyckie",
          "url": "https://pl.wikipedia.org/wiki/Planty_Bie%C5%84czyckie",
          "label": "Encyklopedia Krakowa"
        },
        "historic_code": "",
        "engineering_features": ""
      }
    },
    {
      "type": "Feature",
      "id": "planty_mistrzejowickie",
      "geometry": {
        "type": "Point",
        "coordinates": [
          20.004926,
          50.097343
        ]
      },
      "properties": {
        "id": "planty_mistrzejowickie",
        "is_landmark": true,
        "landmark_group": "parks",
        "name": {
          "pl": "Planty Mistrzejowickie",
          "en": "Planty Mistrzejowickie",
          "de": "Planty Mistrzejowickie"
        },
        "prefix": {
          "pl": "park / bulwar",
          "en": "park / boulevard",
          "de": "Park / Boulevard"
        },
        "full_name": {
          "pl": "Planty Mistrzejowickie",
          "en": "Planty Mistrzejowickie",
          "de": "Planty Mistrzejowickie"
        },
        "district": {
          "pl": "XV Mistrzejowice",
          "en": "XV Mistrzejowice",
          "de": "XV Mistrzejowice"
        },
        "category": {
          "pl": "Parki i zieleń",
          "en": "Parks and Greenery",
          "de": "Parks und Grünflächen"
        },
        "year": 1980,
        "summary": {
          "pl": "Planty Mistrzejowickie w Krakowie (XV Mistrzejowice).",
          "en": "Planty Mistrzejowickie in Kraków (XV Mistrzejowice).",
          "de": "Planty Mistrzejowickie in Krakau (XV Mistrzejowice)."
        },
        "patron": null,
        "etymology": {
          "pl": "Linearny park krajobrazowy w Dzielnicy XV Mistrzejowice o powierzchni ponad 10 ha, rozpościerający się naturalnymi wzgórzami i jarami pomiędzy osiedlami Bohaterów Września, Złotego Wieku, Tysiąclecia i Piastów. Wytyczony na przełomie lat 70. i 80. XX w. według koncepcji prof. Witolda Cęckiewicza. Park wyróżnia się amfiteatralnym ukształtowaniem terenu, punktami widokowymi na pasmo Beskidów, bogatym drzewostanem jesionowo-lipowym i siecią oświetlonych alejek spacerowych.",
          "en": "Public park / boulevard 'Planty Mistrzejowickie' in Kraków (XV Mistrzejowice). Green recreation area. Linearny park krajobrazowy w Dzielnicy XV Mistrzejowice o powierzchni ponad 10 ha, rozpościerający się naturalnymi wzgórzami i jarami pomięd...",
          "de": "Öffentlicher Park / Boulevard 'Planty Mistrzejowickie' in Krakau (XV Mistrzejowice). Erholungsgebiet. Linearny park krajobrazowy w Dzielnicy XV Mistrzejowice o powierzchni ponad 10 ha, rozpościerający się naturalnymi wzgórzami i jarami pomięd..."
        },
        "timeline": [],
        "source": {
          "name": "Encyklopedia Krakowa: Planty Mistrzejowickie",
          "url": "https://pl.wikipedia.org/wiki/Planty_Mistrzejowickie",
          "label": "Encyklopedia Krakowa"
        },
        "historic_code": "",
        "engineering_features": ""
      }
    },
    {
      "type": "Feature",
      "id": "park_jordana",
      "geometry": {
        "type": "Point",
        "coordinates": [
          19.917654,
          50.060925
        ]
      },
      "properties": {
        "id": "park_jordana",
        "is_landmark": true,
        "landmark_group": "parks",
        "name": {
          "pl": "Park Henryka Jordana",
          "en": "Park Henryka Jordana",
          "de": "Park Henryka Jordana"
        },
        "prefix": {
          "pl": "park / bulwar",
          "en": "park / boulevard",
          "de": "Park / Boulevard"
        },
        "full_name": {
          "pl": "Park Henryka Jordana",
          "en": "Park Henryka Jordana",
          "de": "Park Henryka Jordana"
        },
        "district": {
          "pl": "V Krowodrza",
          "en": "V Krowodrza",
          "de": "V Krowodrza"
        },
        "category": {
          "pl": "Parki i zieleń",
          "en": "Parks and Greenery",
          "de": "Parks und Grünflächen"
        },
        "year": 1889,
        "summary": {
          "pl": "Park Henryka Jordana w Krakowie (V Krowodrza).",
          "en": "Park Henryka Jordana in Kraków (V Krowodrza).",
          "de": "Park Henryka Jordana in Krakau (V Krowodrza)."
        },
        "patron": {
          "name": "Henryk Jordan",
          "role": {
            "pl": "Patron: Henryk Jordan",
            "en": "Patron: Henryk Jordan",
            "de": "Patron: Henryk Jordan"
          },
          "image": "https://commons.wikimedia.org/wiki/Special:FilePath/Henryk_Jordan_(portrait"
        },
        "etymology": {
          "pl": "Henryk Jordan (1842–1907), profesor ginekologii Uniwersytetu Jagiellońskiego, lekarz, społecznik, pionier nowoczesnego wychowania fizycznego i higieny młodzieży w Polsce. Zabytkowy park w Dzielnicy V Krowodrza o powierzchni ok. 21,5 ha, otwarty w 1889 r. na krakowskich Błoniach po Wystawie Rolniczo-Przemysłowej. Był pierwszym w Europie publicznym ogrodem gier i zabaw ruchowych dla dzieci. Słynie z monumentalnej alei popiersi wybitnych Polaków dłuta m.in. Szczepkowskiego, Dauna i Lewandowskiego.",
          "en": "Public park / boulevard 'Park Henryka Jordana' in Kraków (V Krowodrza). Green recreation area. Henryk Jordan (1842–1907), profesor ginekologii Uniwersytetu Jagiellońskiego, lekarz, społecznik, pionier nowoczesnego wychowania fizycznego...",
          "de": "Öffentlicher Park / Boulevard 'Park Henryka Jordana' in Krakau (V Krowodrza). Erholungsgebiet. Henryk Jordan (1842–1907), profesor ginekologii Uniwersytetu Jagiellońskiego, lekarz, społecznik, pionier nowoczesnego wychowania fizycznego..."
        },
        "timeline": [
          {
            "year": "1889",
            "event": "uroczysta inauguracja Miejskiego Parku Dra Henryka Jordana"
          }
        ],
        "source": {
          "name": "Encyklopedia Krakowa: Park Henryka Jordana",
          "url": "https://pl.wikipedia.org/wiki/Park_Henryka_Jordana",
          "label": "Encyklopedia Krakowa"
        },
        "historic_code": "",
        "engineering_features": ""
      }
    },
    {
      "type": "Feature",
      "id": "park_krakowski",
      "geometry": {
        "type": "Point",
        "coordinates": [
          19.924412,
          50.067115
        ]
      },
      "properties": {
        "id": "park_krakowski",
        "is_landmark": true,
        "landmark_group": "parks",
        "name": {
          "pl": "Park Krakowski im. Marka Grechuty",
          "en": "Park Krakowski im. Marka Grechuty",
          "de": "Park Krakowski im. Marka Grechuty"
        },
        "prefix": {
          "pl": "park / bulwar",
          "en": "park / boulevard",
          "de": "Park / Boulevard"
        },
        "full_name": {
          "pl": "Park Krakowski im. Marka Grechuty",
          "en": "Park Krakowski im. Marka Grechuty",
          "de": "Park Krakowski im. Marka Grechuty"
        },
        "district": {
          "pl": "V Krowodrza",
          "en": "V Krowodrza",
          "de": "V Krowodrza"
        },
        "category": {
          "pl": "Parki i zieleń",
          "en": "Parks and Greenery",
          "de": "Parks und Grünflächen"
        },
        "year": 1885,
        "summary": {
          "pl": "Park Krakowski im. Marka Grechuty w Krakowie (V Krowodrza).",
          "en": "Park Krakowski im. Marka Grechuty in Kraków (V Krowodrza).",
          "de": "Park Krakowski im. Marka Grechuty in Krakau (V Krowodrza)."
        },
        "patron": {
          "name": "Marek Grechuta",
          "role": {
            "pl": "Patron: Marek Grechuta",
            "en": "Patron: Marek Grechuta",
            "de": "Patron: Marek Grechuta"
          },
          "image": "https://commons.wikimedia.org/wiki/Special:FilePath/Marek_Grechuta.jpg?width=360"
        },
        "etymology": {
          "pl": "Marek Grechuta (1945–2006), wybitny krakowski piosenkarz, poeta, kompozytor, architekt, twórca zespołu Anawa i artysta kabaretu Piwnica pod Baranami. Zabytkowy park miejski w Dzielnicy V Krowodrza o powierzchni 5,1 ha przy alei Mickiewicza, założony w 1885 r. przez Stanisława Rehmana na wzór wiedeńskich ogrodów rozrywki. Posiada duży staw z fontanną, unikatową plenerową galerię abstrakcyjnych rzeźb z lat 70. XX w. oraz plac zabaw. W 2006 r. uchwałą RMK nadano mu imię artysty.",
          "en": "Public park / boulevard 'Park Krakowski im. Marka Grechuty' in Kraków (V Krowodrza). Green recreation area. Marek Grechuta (1945–2006), wybitny krakowski piosenkarz, poeta, kompozytor, architekt, twórca zespołu Anawa i artysta kabaretu Piwnica pod ...",
          "de": "Öffentlicher Park / Boulevard 'Park Krakowski im. Marka Grechuty' in Krakau (V Krowodrza). Erholungsgebiet. Marek Grechuta (1945–2006), wybitny krakowski piosenkarz, poeta, kompozytor, architekt, twórca zespołu Anawa i artysta kabaretu Piwnica pod ..."
        },
        "timeline": [
          {
            "year": "1885",
            "event": "założenie prywatnego Parku Krakowskiego"
          },
          {
            "year": "1938",
            "event": "komunalizacja"
          },
          {
            "year": "2006",
            "event": "nadanie imienia Marka Grechuty"
          }
        ],
        "source": {
          "name": "Encyklopedia Krakowa: Park Krakowski im. Marka Grechuty",
          "url": "https://pl.wikipedia.org/wiki/Park_Krakowski_im._Marka_Grechuty",
          "label": "Encyklopedia Krakowa"
        },
        "historic_code": "",
        "engineering_features": ""
      }
    },
    {
      "type": "Feature",
      "id": "park_bednarskiego",
      "geometry": {
        "type": "Point",
        "coordinates": [
          19.950278,
          50.041639
        ]
      },
      "properties": {
        "id": "park_bednarskiego",
        "is_landmark": true,
        "landmark_group": "parks",
        "name": {
          "pl": "Park im. Wojciecha Bednarskiego",
          "en": "Park im. Wojciecha Bednarskiego",
          "de": "Park im. Wojciecha Bednarskiego"
        },
        "prefix": {
          "pl": "park / bulwar",
          "en": "park / boulevard",
          "de": "Park / Boulevard"
        },
        "full_name": {
          "pl": "Park im. Wojciecha Bednarskiego",
          "en": "Park im. Wojciecha Bednarskiego",
          "de": "Park im. Wojciecha Bednarskiego"
        },
        "district": {
          "pl": "XIII Podgórze",
          "en": "XIII Podgórze",
          "de": "XIII Podgórze"
        },
        "category": {
          "pl": "Parki i zieleń",
          "en": "Parks and Greenery",
          "de": "Parks und Grünflächen"
        },
        "year": 1896,
        "summary": {
          "pl": "Park im. Wojciecha Bednarskiego w Krakowie (XIII Podgórze).",
          "en": "Park im. Wojciecha Bednarskiego in Kraków (XIII Podgórze).",
          "de": "Park im. Wojciecha Bednarskiego in Krakau (XIII Podgórze)."
        },
        "patron": {
          "name": "Wojciech Bednarski",
          "role": {
            "pl": "Patron: Wojciech Bednarski",
            "en": "Patron: Wojciech Bednarski",
            "de": "Patron: Wojciech Bednarski"
          },
          "image": ""
        },
        "etymology": {
          "pl": "Wojciech Bednarski (1841–1914), krakowski pedagog, dyrektor szkoły ludowej, wieloletni radny Wolnego Królewskiego Miasta Podgórza i społecznik. Zabytkowy park krajobrazowy w Dzielnicy XIII Podgórze (pow. 9,6 ha), utworzony w latach 1894–1896 z inicjatywy Bednarskiego w niecce dawnego średniowiecznego kamieniołomu wapienia w Krzemionkach Podgórskich („Szkoła Twardowskiego”). Pionierskie w Europie dzieło rekultywacji wyrobiska górniczego na ogród miejski z glorietą i pomnikiem założyciela.",
          "en": "Public park / boulevard 'Park im. Wojciecha Bednarskiego' in Kraków (XIII Podgórze). Green recreation area. Wojciech Bednarski (1841–1914), krakowski pedagog, dyrektor szkoły ludowej, wieloletni radny Wolnego Królewskiego Miasta Podgórza i społeczn...",
          "de": "Öffentlicher Park / Boulevard 'Park im. Wojciecha Bednarskiego' in Krakau (XIII Podgórze). Erholungsgebiet. Wojciech Bednarski (1841–1914), krakowski pedagog, dyrektor szkoły ludowej, wieloletni radny Wolnego Królewskiego Miasta Podgórza i społeczn..."
        },
        "timeline": [
          {
            "year": "1896",
            "event": "otwarcie Parku Miejskiego w Podgórzu"
          },
          {
            "year": "1907",
            "event": "nadanie imienia Wojciecha Bednarskiego"
          }
        ],
        "source": {
          "name": "Encyklopedia Krakowa: Park im. Wojciecha Bednarskiego",
          "url": "https://pl.wikipedia.org/wiki/Park_im._Wojciecha_Bednarskiego",
          "label": "Encyklopedia Krakowa"
        },
        "historic_code": "",
        "engineering_features": ""
      }
    },
    {
      "type": "Feature",
      "id": "park_lotnikow_polskich",
      "geometry": {
        "type": "Point",
        "coordinates": [
          19.99529,
          50.072774
        ]
      },
      "properties": {
        "id": "park_lotnikow_polskich",
        "is_landmark": true,
        "landmark_group": "parks",
        "name": {
          "pl": "Park Lotników Polskich",
          "en": "Park Lotników Polskich",
          "de": "Park Lotników Polskich"
        },
        "prefix": {
          "pl": "park / bulwar",
          "en": "park / boulevard",
          "de": "Park / Boulevard"
        },
        "full_name": {
          "pl": "Park Lotników Polskich",
          "en": "Park Lotników Polskich",
          "de": "Park Lotników Polskich"
        },
        "district": {
          "pl": "XIV Czyżyny",
          "en": "XIV Czyżyny",
          "de": "XIV Czyżyny"
        },
        "category": {
          "pl": "Parki i zieleń",
          "en": "Parks and Greenery",
          "de": "Parks und Grünflächen"
        },
        "year": 1966,
        "summary": {
          "pl": "Park Lotników Polskich w Krakowie (XIV Czyżyny).",
          "en": "Park Lotników Polskich in Kraków (XIV Czyżyny).",
          "de": "Park Lotników Polskich in Krakau (XIV Czyżyny)."
        },
        "patron": null,
        "etymology": {
          "pl": "Drugi pod względem powierzchni park miejski w Krakowie (ok. 60 ha), usytuowany w Dzielnicy XIV Czyżyny pomiędzy al. Pokoju a al. Jana Pawła II. Założony w 1966 r. na terenach dawnego historycznego lotniska Rakowice-Czyżyny (jednego z najstarszych lotnisk w Europie). Nazwany w hołdzie polskim lotnikom wojskowym i sportowym. Na terenie parku mieszczą się: Ogród Doświadczeń im. Stanisława Lema, Tauron Arena Kraków, zrewitalizowany staw z pomostami i strefą relaksu oraz rozległe łąki i aleje spacerowe.",
          "en": "Public park / boulevard 'Park Lotników Polskich' in Kraków (XIV Czyżyny). Green recreation area. Drugi pod względem powierzchni park miejski w Krakowie (ok. 60 ha), usytuowany w Dzielnicy XIV Czyżyny pomiędzy al. Pokoju a al. Jana Pawła ...",
          "de": "Öffentlicher Park / Boulevard 'Park Lotników Polskich' in Krakau (XIV Czyżyny). Erholungsgebiet. Drugi pod względem powierzchni park miejski w Krakowie (ok. 60 ha), usytuowany w Dzielnicy XIV Czyżyny pomiędzy al. Pokoju a al. Jana Pawła ..."
        },
        "timeline": [
          {
            "year": "1966",
            "event": "założenie Parku Tysiąclecia"
          },
          {
            "year": "1989",
            "event": "nadanie nazwy Park Lotników Polskich"
          }
        ],
        "source": {
          "name": "Encyklopedia Krakowa: Park Lotników Polskich",
          "url": "https://pl.wikipedia.org/wiki/Park_Lotnik%C3%B3w_Polskich",
          "label": "Encyklopedia Krakowa"
        },
        "historic_code": "",
        "engineering_features": ""
      }
    },
    {
      "type": "Feature",
      "id": "park_krowoderski",
      "geometry": {
        "type": "Point",
        "coordinates": [
          19.922028,
          50.089667
        ]
      },
      "properties": {
        "id": "park_krowoderski",
        "is_landmark": true,
        "landmark_group": "parks",
        "name": {
          "pl": "Park Krowoderski",
          "en": "Park Krowoderski",
          "de": "Park Krowoderski"
        },
        "prefix": {
          "pl": "park / bulwar",
          "en": "park / boulevard",
          "de": "Park / Boulevard"
        },
        "full_name": {
          "pl": "Park Krowoderski",
          "en": "Park Krowoderski",
          "de": "Park Krowoderski"
        },
        "district": {
          "pl": "IV Prądnik Biały",
          "en": "IV Prądnik Biały",
          "de": "IV Prądnik Biały"
        },
        "category": {
          "pl": "Parki i zieleń",
          "en": "Parks and Greenery",
          "de": "Parks und Grünflächen"
        },
        "year": 1980,
        "summary": {
          "pl": "Park Krowoderski w Krakowie (IV Prądnik Biały).",
          "en": "Park Krowoderski in Kraków (IV Prądnik Biały).",
          "de": "Park Krowoderski in Krakau (IV Prądnik Biały)."
        },
        "patron": null,
        "etymology": {
          "pl": "Duży park rekreacyjny w Dzielnicy IV Prądnik Biały o powierzchni 8,3 ha, rozpościerający się pomiędzy ulicami Opolską, Wybickiego i Łokietka na gruntach dawnej podkrakowskiej wsi Krowodrza (włączonej do Krakowa w 1910 r.). Utworzony na przełomie lat 70. i 80. XX w. jako zaplecze rekreacyjne osiedla Krowodrza Górka. W parku znajdują się zachowane relikty ziemnego szańca rdzenia NS-32 Twierdzy Kraków, popularna górka saneczkowa, amfiteatr, boiska sportowe oraz wybiegi dla psów.",
          "en": "Public park / boulevard 'Park Krowoderski' in Kraków (IV Prądnik Biały). Green recreation area. Duży park rekreacyjny w Dzielnicy IV Prądnik Biały o powierzchni 8,3 ha, rozpościerający się pomiędzy ulicami Opolską, Wybickiego i Łokietka...",
          "de": "Öffentlicher Park / Boulevard 'Park Krowoderski' in Krakau (IV Prądnik Biały). Erholungsgebiet. Duży park rekreacyjny w Dzielnicy IV Prądnik Biały o powierzchni 8,3 ha, rozpościerający się pomiędzy ulicami Opolską, Wybickiego i Łokietka..."
        },
        "timeline": [],
        "source": {
          "name": "Encyklopedia Krakowa: Park Krowoderski",
          "url": "https://pl.wikipedia.org/wiki/Park_Krowoderski",
          "label": "Encyklopedia Krakowa"
        },
        "historic_code": "",
        "engineering_features": ""
      }
    },
    {
      "type": "Feature",
      "id": "park_kosciuszki",
      "geometry": {
        "type": "Point",
        "coordinates": [
          19.940222,
          50.093444
        ]
      },
      "properties": {
        "id": "park_kosciuszki",
        "is_landmark": true,
        "landmark_group": "parks",
        "name": {
          "pl": "Park im. Tadeusza Kościuszki",
          "en": "Park im. Tadeusza Kościuszki",
          "de": "Park im. Tadeusza Kościuszki"
        },
        "prefix": {
          "pl": "park / bulwar",
          "en": "park / boulevard",
          "de": "Park / Boulevard"
        },
        "full_name": {
          "pl": "Park im. Tadeusza Kościuszki",
          "en": "Park im. Tadeusza Kościuszki",
          "de": "Park im. Tadeusza Kościuszki"
        },
        "district": {
          "pl": "IV Prądnik Biały",
          "en": "IV Prądnik Biały",
          "de": "IV Prądnik Biały"
        },
        "category": {
          "pl": "Parki i zieleń",
          "en": "Parks and Greenery",
          "de": "Parks und Grünflächen"
        },
        "year": 1780,
        "summary": {
          "pl": "Park im. Tadeusza Kościuszki w Krakowie (IV Prądnik Biały).",
          "en": "Park im. Tadeusza Kościuszki in Kraków (IV Prądnik Biały).",
          "de": "Park im. Tadeusza Kościuszki in Krakau (IV Prądnik Biały)."
        },
        "patron": {
          "name": "Tadeusz Kościuszko",
          "role": {
            "pl": "Patron: Tadeusz Kościuszko",
            "en": "Patron: Tadeusz Kościuszko",
            "de": "Patron: Tadeusz Kościuszko"
          },
          "image": "https://commons.wikimedia.org/wiki/Special:FilePath/Tadevu%C5%A1%20Ka%C5%9Bciu%C5%A1ka.%20%D0%A2%D0%B0%D0%B4%D1%8D%D0%B2%D1%83%D1%88%20%D0%9A%D0%B0%D1%81%D1%8C%D1%86%D1%8E%D1%88%D0%BA%D0%B0%20%28J.%20Grassi%2C%201792%29.jpg?width=360"
        },
        "etymology": {
          "pl": "Tadeusz Kościuszko (1746–1817), inżynier wojskowy, generał polski i amerykański, Najwyższy Naczelnik Siły Zbrojnej Narodowej w insurekcji 1794 r., bohater walk o niepodległość Polski i Stanów Zjednoczonych. Zabytkowy park krajobrazowy w Dzielnicy IV Prądnik Biały (pow. 3,5 ha) w dolinie Prądnika (Białuchy), otaczający renesansowy Dworek Białoprądnicki z XVI w. Tradycja łączy to miejsce z odpoczynkiem Kościuszki przed wymarszem pod Racławice w kwietniu 1794 r.",
          "en": "Public park / boulevard 'Park im. Tadeusza Kościuszki' in Kraków (IV Prądnik Biały). Green recreation area. Tadeusz Kościuszko (1746–1817), inżynier wojskowy, generał polski i amerykański, Najwyższy Naczelnik Siły Zbrojnej Narodowej w insurekcji 17...",
          "de": "Öffentlicher Park / Boulevard 'Park im. Tadeusza Kościuszki' in Krakau (IV Prądnik Biały). Erholungsgebiet. Tadeusz Kościuszko (1746–1817), inżynier wojskowy, generał polski i amerykański, Najwyższy Naczelnik Siły Zbrojnej Narodowej w insurekcji 17..."
        },
        "timeline": [
          {
            "year": "1780",
            "event": "założenie parku klasycystycznego wokół dworku"
          },
          {
            "year": "1960",
            "event": "nadanie imienia Tadeusza Kościuszki i statusu parku miejskiego"
          }
        ],
        "source": {
          "name": "Encyklopedia Krakowa: Park im. Tadeusza Kościuszki",
          "url": "https://pl.wikipedia.org/wiki/Park_im._Tadeusza_Ko%C5%9Bciuszki",
          "label": "Encyklopedia Krakowa"
        },
        "historic_code": "",
        "engineering_features": ""
      }
    },
    {
      "type": "Feature",
      "id": "park_decjusza",
      "geometry": {
        "type": "Point",
        "coordinates": [
          19.869234,
          50.067066
        ]
      },
      "properties": {
        "id": "park_decjusza",
        "is_landmark": true,
        "landmark_group": "parks",
        "name": {
          "pl": "Park Decjusza",
          "en": "Park Decjusza",
          "de": "Park Decjusza"
        },
        "prefix": {
          "pl": "park / bulwar",
          "en": "park / boulevard",
          "de": "Park / Boulevard"
        },
        "full_name": {
          "pl": "Park Decjusza",
          "en": "Park Decjusza",
          "de": "Park Decjusza"
        },
        "district": {
          "pl": "VII Zwierzyniec (Wola Justowska)",
          "en": "VII Zwierzyniec (Wola Justowska)",
          "de": "VII Zwierzyniec (Wola Justowska)"
        },
        "category": {
          "pl": "Parki i zieleń",
          "en": "Parks and Greenery",
          "de": "Parks und Grünflächen"
        },
        "year": 1535,
        "summary": {
          "pl": "Park Decjusza w Krakowie (VII Zwierzyniec (Wola Justowska)).",
          "en": "Park Decjusza in Kraków (VII Zwierzyniec (Wola Justowska)).",
          "de": "Park Decjusza in Krakau (VII Zwierzyniec (Wola Justowska))."
        },
        "patron": {
          "name": "Justus Ludwik Decjusz",
          "role": {
            "pl": "Patron: Justus Ludwik Decjusz",
            "en": "Patron: Justus Ludwik Decjusz",
            "de": "Patron: Justus Ludwik Decjusz"
          },
          "image": ""
        },
        "etymology": {
          "pl": "Justus Ludwik Decjusz (Jodocus Ludovicus Decius, ok. 1485–1545), humanista, sekretarz i doradca finansowy króla Zygmunta I Starego, zarządca mennicy koronnej, autor kroniki dziejów polskich, budowniczy renesansowej rezydencji na Woli Justowskiej. Zabytkowy park krajobrazowy w Dzielnicy VII Zwierzyniec (pow. 9,7 ha), założony około 1535 r. jako renesansowy ogród włoski otaczający Willę Decjusza. Przebudowany w XIX w. w stylu angielskim przez księżną Marcelinę Czartoryską. Ozdobiony rzeźbami prof. Bronisława Chromego.",
          "en": "Public park / boulevard 'Park Decjusza' in Kraków (VII Zwierzyniec (Wola Justowska)). Green recreation area. Justus Ludwik Decjusz (Jodocus Ludovicus Decius, ok. 1485–1545), humanista, sekretarz i doradca finansowy króla Zygmunta I Starego, zarządca...",
          "de": "Öffentlicher Park / Boulevard 'Park Decjusza' in Krakau (VII Zwierzyniec (Wola Justowska)). Erholungsgebiet. Justus Ludwik Decjusz (Jodocus Ludovicus Decius, ok. 1485–1545), humanista, sekretarz i doradca finansowy króla Zygmunta I Starego, zarządca..."
        },
        "timeline": [
          {
            "year": "1535",
            "event": "założenie ogrodu renesansowego przez Decjusza"
          }
        ],
        "source": {
          "name": "Encyklopedia Krakowa: Park Decjusza",
          "url": "https://pl.wikipedia.org/wiki/Park_Decjusza",
          "label": "Encyklopedia Krakowa"
        },
        "historic_code": "",
        "engineering_features": ""
      }
    },
    {
      "type": "Feature",
      "id": "park_jerzmanowskich",
      "geometry": {
        "type": "Point",
        "coordinates": [
          19.995052,
          50.017961
        ]
      },
      "properties": {
        "id": "park_jerzmanowskich",
        "is_landmark": true,
        "landmark_group": "parks",
        "name": {
          "pl": "Park im. Anny i Erazma Jerzmanowskich",
          "en": "Park im. Anny i Erazma Jerzmanowskich",
          "de": "Park im. Anny i Erazma Jerzmanowskich"
        },
        "prefix": {
          "pl": "park / bulwar",
          "en": "park / boulevard",
          "de": "Park / Boulevard"
        },
        "full_name": {
          "pl": "Park im. Anny i Erazma Jerzmanowskich",
          "en": "Park im. Anny i Erazma Jerzmanowskich",
          "de": "Park im. Anny i Erazma Jerzmanowskich"
        },
        "district": {
          "pl": "XII Bieżanów-Prokocim",
          "en": "XII Bieżanów-Prokocim",
          "de": "XII Bieżanów-Prokocim"
        },
        "category": {
          "pl": "Parki i zieleń",
          "en": "Parks and Greenery",
          "de": "Parks und Grünflächen"
        },
        "year": 1820,
        "summary": {
          "pl": "Park im. Anny i Erazma Jerzmanowskich w Krakowie (XII Bieżanów-Prokocim).",
          "en": "Park im. Anny i Erazma Jerzmanowskich in Kraków (XII Bieżanów-Prokocim).",
          "de": "Park im. Anny i Erazma Jerzmanowskich in Krakau (XII Bieżanów-Prokocim)."
        },
        "patron": {
          "name": "Erazm i Anna Jerzmanowscy",
          "role": {
            "pl": "Patron: Erazm i Anna Jerzmanowscy",
            "en": "Patron: Erazm i Anna Jerzmanowscy",
            "de": "Patron: Erazm i Anna Jerzmanowscy"
          },
          "image": "https://commons.wikimedia.org/wiki/Special:FilePath/Erazm-jerzmanowski%20zyciorys.jpg?width=360"
        },
        "etymology": {
          "pl": "Erazm Jerzmanowski (1844–1909), powstaniec styczniowy, inżynier i filantrop zwany „polskim Noblem” (twórca wielkiego przemysłu gazowego w USA i fundator nagrody naukowej), oraz jego żona Anna Jerzmanowska (1856–1912). Zabytkowy park krajobrazowy w Dzielnicy XII Bieżanów-Prokocim o powierzchni 4,2 ha, rozpościerający się nad potokiem Drwinka wokół neorenesansowego pałacu Jerzmanowskich. Szczyci się pomnikowym drzewostanem dębowym, stawami oraz fontanną prof. Wiktora Zina przeniesioną w 2020 r. z Rynku Głównego.",
          "en": "Public park / boulevard 'Park im. Anny i Erazma Jerzmanowskich' in Kraków (XII Bieżanów-Prokocim). Green recreation area. Erazm Jerzmanowski (1844–1909), powstaniec styczniowy, inżynier i filantrop zwany „polskim Noblem” (twórca wielkiego przemysłu gazowego w US...",
          "de": "Öffentlicher Park / Boulevard 'Park im. Anny i Erazma Jerzmanowskich' in Krakau (XII Bieżanów-Prokocim). Erholungsgebiet. Erazm Jerzmanowski (1844–1909), powstaniec styczniowy, inżynier i filantrop zwany „polskim Noblem” (twórca wielkiego przemysłu gazowego w US..."
        },
        "timeline": [
          {
            "year": "1820",
            "event": "park majątku dworskiego w Prokocimiu"
          },
          {
            "year": "1896",
            "event": "rezydencja Erazma i Anny Jerzmanowskich"
          },
          {
            "year": "1950",
            "event": "komunalizacja parku"
          }
        ],
        "source": {
          "name": "Encyklopedia Krakowa: Park im. Anny i Erazma Jerzmanowskich",
          "url": "https://pl.wikipedia.org/wiki/Park_im._Anny_i_Erazma_Jerzmanowskich",
          "label": "Encyklopedia Krakowa"
        },
        "historic_code": "",
        "engineering_features": ""
      }
    },
    {
      "type": "Feature",
      "id": "park_strzelecki",
      "geometry": {
        "type": "Point",
        "coordinates": [
          19.950399,
          50.066407
        ]
      },
      "properties": {
        "id": "park_strzelecki",
        "is_landmark": true,
        "landmark_group": "parks",
        "name": {
          "pl": "Park Strzelecki",
          "en": "Park Strzelecki",
          "de": "Park Strzelecki"
        },
        "prefix": {
          "pl": "park / bulwar",
          "en": "park / boulevard",
          "de": "Park / Boulevard"
        },
        "full_name": {
          "pl": "Park Strzelecki",
          "en": "Park Strzelecki",
          "de": "Park Strzelecki"
        },
        "district": {
          "pl": "II Grzegórzki",
          "en": "II Grzegórzki",
          "de": "II Grzegórzki"
        },
        "category": {
          "pl": "Parki i zieleń",
          "en": "Parks and Greenery",
          "de": "Parks und Grünflächen"
        },
        "year": 1797,
        "summary": {
          "pl": "Park Strzelecki w Krakowie (II Grzegórzki).",
          "en": "Park Strzelecki in Kraków (II Grzegórzki).",
          "de": "Park Strzelecki in Krakau (II Grzegórzki)."
        },
        "patron": null,
        "etymology": {
          "pl": "Zabytkowy park miejski w Dzielnicy II Grzegórzki (Wesoła) o powierzchni 1,4 ha przy ulicy Lubicz. Założony w 1797 r. przez Towarzystwo Strzeleckie Krakowskie (Bractwo Kurkowe) po utracie historycznego celestatu na Mikołajszczyźnie. W 1837 r. wzniesiono tu neogotycki pałacyk Celestat (siedzibę bractwa kurkowego). W parku rosną pomnikowe platany i dęby oraz stoi pomnik króla Zygmunta Augusta ofiarowującego w 1565 r. krakowskiemu bractwu srebrnego kura królewskiego.",
          "en": "Public park / boulevard 'Park Strzelecki' in Kraków (II Grzegórzki). Green recreation area. Zabytkowy park miejski w Dzielnicy II Grzegórzki (Wesoła) o powierzchni 1,4 ha przy ulicy Lubicz. Założony w 1797 r. przez Towarzystwo Strze...",
          "de": "Öffentlicher Park / Boulevard 'Park Strzelecki' in Krakau (II Grzegórzki). Erholungsgebiet. Zabytkowy park miejski w Dzielnicy II Grzegórzki (Wesoła) o powierzchni 1,4 ha przy ulicy Lubicz. Założony w 1797 r. przez Towarzystwo Strze..."
        },
        "timeline": [
          {
            "year": "1797",
            "event": "założenie ogrodu strzeleckiego na Wesołej"
          },
          {
            "year": "1837",
            "event": "budowa pałacyku Celestat"
          }
        ],
        "source": {
          "name": "Encyklopedia Krakowa: Park Strzelecki",
          "url": "https://pl.wikipedia.org/wiki/Park_Strzelecki",
          "label": "Encyklopedia Krakowa"
        },
        "historic_code": "",
        "engineering_features": ""
      }
    },
    {
      "type": "Feature",
      "id": "park_ratuszowy",
      "geometry": {
        "type": "Point",
        "coordinates": [
          20.039178,
          50.075427
        ]
      },
      "properties": {
        "id": "park_ratuszowy",
        "is_landmark": true,
        "landmark_group": "parks",
        "name": {
          "pl": "Park Ratuszowy",
          "en": "Park Ratuszowy",
          "de": "Park Ratuszowy"
        },
        "prefix": {
          "pl": "park / bulwar",
          "en": "park / boulevard",
          "de": "Park / Boulevard"
        },
        "full_name": {
          "pl": "Park Ratuszowy",
          "en": "Park Ratuszowy",
          "de": "Park Ratuszowy"
        },
        "district": {
          "pl": "XVIII Nowa Huta",
          "en": "XVIII Nowa Huta",
          "de": "XVIII Nowa Huta"
        },
        "category": {
          "pl": "Parki i zieleń",
          "en": "Parks and Greenery",
          "de": "Parks und Grünflächen"
        },
        "year": 1956,
        "summary": {
          "pl": "Park Ratuszowy w Krakowie (XVIII Nowa Huta).",
          "en": "Park Ratuszowy in Kraków (XVIII Nowa Huta).",
          "de": "Park Ratuszowy in Krakau (XVIII Nowa Huta)."
        },
        "patron": null,
        "etymology": {
          "pl": "Zabytkowy park socrealistyczny w Dzielnicy XVIII Nowa Huta o powierzchni 2,3 ha, rozciągający się na północny zachód od Placu Centralnego pomiędzy aleją Róż a aleją Przyjaźni. Nazwa toponimiczna upamiętnia niezrealizowany projekt budowy monumentalnego Ratusza Nowej Huty z wieżą zegarową (proj. Tadeusza Ptaszyckiego), którego zaniechano w 1956 r. w wyniku odwilży gomułkowskiej. Park zdobi kultowa plenerowa rzeźba modernistyczna „Ryba” (1968) autorstwa Wiesława Bielaka oraz bogata zieleń parkowa.",
          "en": "Public park / boulevard 'Park Ratuszowy' in Kraków (XVIII Nowa Huta). Green recreation area. Zabytkowy park socrealistyczny w Dzielnicy XVIII Nowa Huta o powierzchni 2,3 ha, rozciągający się na północny zachód od Placu Centralnego po...",
          "de": "Öffentlicher Park / Boulevard 'Park Ratuszowy' in Krakau (XVIII Nowa Huta). Erholungsgebiet. Zabytkowy park socrealistyczny w Dzielnicy XVIII Nowa Huta o powierzchni 2,3 ha, rozciągający się na północny zachód od Placu Centralnego po..."
        },
        "timeline": [
          {
            "year": "1956",
            "event": "rezygnacja z budowy ratusza i utworzenie Parku Ratuszowego"
          }
        ],
        "source": {
          "name": "Encyklopedia Krakowa: Park Ratuszowy",
          "url": "https://pl.wikipedia.org/wiki/Park_Ratuszowy",
          "label": "Encyklopedia Krakowa"
        },
        "historic_code": "",
        "engineering_features": ""
      }
    },
    {
      "type": "Feature",
      "id": "park_szwedzki",
      "geometry": {
        "type": "Point",
        "coordinates": [
          20.044223,
          50.074699
        ]
      },
      "properties": {
        "id": "park_szwedzki",
        "is_landmark": true,
        "landmark_group": "parks",
        "name": {
          "pl": "Park Szwedzki",
          "en": "Park Szwedzki",
          "de": "Park Szwedzki"
        },
        "prefix": {
          "pl": "park / bulwar",
          "en": "park / boulevard",
          "de": "Park / Boulevard"
        },
        "full_name": {
          "pl": "Park Szwedzki",
          "en": "Park Szwedzki",
          "de": "Park Szwedzki"
        },
        "district": {
          "pl": "XVIII Nowa Huta",
          "en": "XVIII Nowa Huta",
          "de": "XVIII Nowa Huta"
        },
        "category": {
          "pl": "Parki i zieleń",
          "en": "Parks and Greenery",
          "de": "Parks und Grünflächen"
        },
        "year": 1960,
        "summary": {
          "pl": "Park Szwedzki w Krakowie (XVIII Nowa Huta).",
          "en": "Park Szwedzki in Kraków (XVIII Nowa Huta).",
          "de": "Park Szwedzki in Krakau (XVIII Nowa Huta)."
        },
        "patron": null,
        "etymology": {
          "pl": "Park miejski w Dzielnicy XVIII Nowa Huta o powierzchni ok. 2,6 ha, łączący osiedle Szklane Domy z osiedlem Słonecznym. Nazwa toponimiczna wywodzi się od słynnego „Bloku Szwedzkiego” (os. Szklane Domy 1) – ikonicznego dzieła powojennego modernizmu autorstwa Janusza i Marty Ingardenów (1956–1959), wzniesionego z wykorzystaniem prefabrykowanych elementów z betonu komórkowego według technologii szwedzkiej. W parku znajduje się plenerowa rzeźba „Dojrzewanie” Wincentego Kućmy.",
          "en": "Public park / boulevard 'Park Szwedzki' in Kraków (XVIII Nowa Huta). Green recreation area. Park miejski w Dzielnicy XVIII Nowa Huta o powierzchni ok. 2,6 ha, łączący osiedle Szklane Domy z osiedlem Słonecznym. Nazwa toponimiczna wy...",
          "de": "Öffentlicher Park / Boulevard 'Park Szwedzki' in Krakau (XVIII Nowa Huta). Erholungsgebiet. Park miejski w Dzielnicy XVIII Nowa Huta o powierzchni ok. 2,6 ha, łączący osiedle Szklane Domy z osiedlem Słonecznym. Nazwa toponimiczna wy..."
        },
        "timeline": [],
        "source": {
          "name": "Encyklopedia Krakowa: Park Szwedzki",
          "url": "https://pl.wikipedia.org/wiki/Park_Szwedzki",
          "label": "Encyklopedia Krakowa"
        },
        "historic_code": "",
        "engineering_features": ""
      }
    },
    {
      "type": "Feature",
      "id": "park_wisniowy_sad",
      "geometry": {
        "type": "Point",
        "coordinates": [
          20.023953,
          50.076974
        ]
      },
      "properties": {
        "id": "park_wisniowy_sad",
        "is_landmark": true,
        "landmark_group": "parks",
        "name": {
          "pl": "Park Wiśniowy Sad",
          "en": "Park Wiśniowy Sad",
          "de": "Park Wiśniowy Sad"
        },
        "prefix": {
          "pl": "park / bulwar",
          "en": "park / boulevard",
          "de": "Park / Boulevard"
        },
        "full_name": {
          "pl": "Park Wiśniowy Sad",
          "en": "Park Wiśniowy Sad",
          "de": "Park Wiśniowy Sad"
        },
        "district": {
          "pl": "XVIII Nowa Huta",
          "en": "XVIII Nowa Huta",
          "de": "XVIII Nowa Huta"
        },
        "category": {
          "pl": "Parki i zieleń",
          "en": "Parks and Greenery",
          "de": "Parks und Grünflächen"
        },
        "year": 1965,
        "summary": {
          "pl": "Park Wiśniowy Sad w Krakowie (XVIII Nowa Huta).",
          "en": "Park Wiśniowy Sad in Kraków (XVIII Nowa Huta).",
          "de": "Park Wiśniowy Sad in Krakau (XVIII Nowa Huta)."
        },
        "patron": null,
        "etymology": {
          "pl": "Klimatyczny park miejski w Dzielnicy XVIII Nowa Huta na osiedlu Kolorowym o powierzchni ok. 2,5 ha. Nazwa nawiązuje do historycznych sadów wiśniowych i drzew owocowych dawnej podkrakowskiej wsi Mogiła, które wkomponowano w powojenną siatkę urbanistyczną osiedla. Park mieści unikatową plenerową galerię nowohuckich rzeźb z lat 60. i 70. XX w., m.in. „Syrenę”, „Kompozycję” i „Macierzyństwo”.",
          "en": "Public park / boulevard 'Park Wiśniowy Sad' in Kraków (XVIII Nowa Huta). Green recreation area. Klimatyczny park miejski w Dzielnicy XVIII Nowa Huta na osiedlu Kolorowym o powierzchni ok. 2,5 ha. Nazwa nawiązuje do historycznych sadów w...",
          "de": "Öffentlicher Park / Boulevard 'Park Wiśniowy Sad' in Krakau (XVIII Nowa Huta). Erholungsgebiet. Klimatyczny park miejski w Dzielnicy XVIII Nowa Huta na osiedlu Kolorowym o powierzchni ok. 2,5 ha. Nazwa nawiązuje do historycznych sadów w..."
        },
        "timeline": [],
        "source": {
          "name": "Encyklopedia Krakowa: Park Wiśniowy Sad",
          "url": "https://pl.wikipedia.org/wiki/Park_Wi%C5%9Bniowy_Sad",
          "label": "Encyklopedia Krakowa"
        },
        "historic_code": "",
        "engineering_features": ""
      }
    },
    {
      "type": "Feature",
      "id": "park_zeromskiego",
      "geometry": {
        "type": "Point",
        "coordinates": [
          20.041936,
          50.066662
        ]
      },
      "properties": {
        "id": "park_zeromskiego",
        "is_landmark": true,
        "landmark_group": "parks",
        "name": {
          "pl": "Park Stefana Żeromskiego",
          "en": "Park Stefana Żeromskiego",
          "de": "Park Stefana Żeromskiego"
        },
        "prefix": {
          "pl": "park / bulwar",
          "en": "park / boulevard",
          "de": "Park / Boulevard"
        },
        "full_name": {
          "pl": "Park Stefana Żeromskiego",
          "en": "Park Stefana Żeromskiego",
          "de": "Park Stefana Żeromskiego"
        },
        "district": {
          "pl": "XVIII Nowa Huta",
          "en": "XVIII Nowa Huta",
          "de": "XVIII Nowa Huta"
        },
        "category": {
          "pl": "Parki i zieleń",
          "en": "Parks and Greenery",
          "de": "Parks und Grünflächen"
        },
        "year": 1952,
        "summary": {
          "pl": "Park Stefana Żeromskiego w Krakowie (XVIII Nowa Huta).",
          "en": "Park Stefana Żeromskiego in Kraków (XVIII Nowa Huta).",
          "de": "Park Stefana Żeromskiego in Krakau (XVIII Nowa Huta)."
        },
        "patron": {
          "name": "Stefan Żeromski",
          "role": {
            "pl": "Patron: Stefan Żeromski",
            "en": "Patron: Stefan Żeromski",
            "de": "Patron: Stefan Żeromski"
          },
          "image": "https://commons.wikimedia.org/wiki/Special:FilePath/Stefan_%C5%BBeromski.jpg?width=360"
        },
        "etymology": {
          "pl": "Stefan Żeromski (1864–1925), wybitny polski prozaik, publicysta i dramaturg („Przedwiośnie”, „Ludzie bezdomni”, „Popioły”), moralny autorytet odradzającej się po zaborach Polski. Zabytkowy park miejski w Dzielnicy XVIII Nowa Huta na osiedlu Na Skarpie o powierzchni ok. 3,6 ha, założony w 1952 r. na krawędzi pradoliny Wisły obok Szpitala Specjalistycznego im. Żeromskiego. Roztacza się z niego wspaniała panorama na Łąki Nowohuckie i meandry rzeki Wisły.",
          "en": "Public park / boulevard 'Park Stefana Żeromskiego' in Kraków (XVIII Nowa Huta). Green recreation area. Stefan Żeromski (1864–1925), wybitny polski prozaik, publicysta i dramaturg („Przedwiośnie”, „Ludzie bezdomni”, „Popioły”), moralny autoryte...",
          "de": "Öffentlicher Park / Boulevard 'Park Stefana Żeromskiego' in Krakau (XVIII Nowa Huta). Erholungsgebiet. Stefan Żeromski (1864–1925), wybitny polski prozaik, publicysta i dramaturg („Przedwiośnie”, „Ludzie bezdomni”, „Popioły”), moralny autoryte..."
        },
        "timeline": [],
        "source": {
          "name": "Encyklopedia Krakowa: Park Stefana Żeromskiego",
          "url": "https://pl.wikipedia.org/wiki/Park_Stefana_%C5%BBeromskiego",
          "label": "Encyklopedia Krakowa"
        },
        "historic_code": "",
        "engineering_features": ""
      }
    },
    {
      "type": "Feature",
      "id": "park_zalew_nowohucki",
      "geometry": {
        "type": "Point",
        "coordinates": [
          20.053178,
          50.079763
        ]
      },
      "properties": {
        "id": "park_zalew_nowohucki",
        "is_landmark": true,
        "landmark_group": "parks",
        "name": {
          "pl": "Park Zalew Nowohucki",
          "en": "Park Zalew Nowohucki",
          "de": "Park Zalew Nowohucki"
        },
        "prefix": {
          "pl": "park / bulwar",
          "en": "park / boulevard",
          "de": "Park / Boulevard"
        },
        "full_name": {
          "pl": "Park Zalew Nowohucki",
          "en": "Park Zalew Nowohucki",
          "de": "Park Zalew Nowohucki"
        },
        "district": {
          "pl": "XVIII Nowa Huta",
          "en": "XVIII Nowa Huta",
          "de": "XVIII Nowa Huta"
        },
        "category": {
          "pl": "Parki i zieleń",
          "en": "Parks and Greenery",
          "de": "Parks und Grünflächen"
        },
        "year": 1957,
        "summary": {
          "pl": "Park Zalew Nowohucki w Krakowie (XVIII Nowa Huta).",
          "en": "Park Zalew Nowohucki in Kraków (XVIII Nowa Huta).",
          "de": "Park Zalew Nowohucki in Krakau (XVIII Nowa Huta)."
        },
        "patron": null,
        "etymology": {
          "pl": "Główny parkowo-rekreacyjny kompleks wodny w Dzielnicy XVIII Nowa Huta o powierzchni ok. 17 ha (w tym 7 ha lustra wody), usytuowany w dolinie rzeki Dłubni pomiędzy ul. Bulwarową a os. Szkolnym. Utworzony w latach 50. XX w. jako oaza wypoczynkowa dla budowniczych kombinatu metalurgicznego. Zrewitalizowany w ostatnich latach, wzbogacił się o tężnię solankową, piaszczystą plażę, drewniane mola spacerowe, tereny piknikowe oraz zalesioną wyspę lęgową ptactwa wodnego (zwaną Małpią Wyspą).",
          "en": "Public park / boulevard 'Park Zalew Nowohucki' in Kraków (XVIII Nowa Huta). Green recreation area. Główny parkowo-rekreacyjny kompleks wodny w Dzielnicy XVIII Nowa Huta o powierzchni ok. 17 ha (w tym 7 ha lustra wody), usytuowany w dolinie...",
          "de": "Öffentlicher Park / Boulevard 'Park Zalew Nowohucki' in Krakau (XVIII Nowa Huta). Erholungsgebiet. Główny parkowo-rekreacyjny kompleks wodny w Dzielnicy XVIII Nowa Huta o powierzchni ok. 17 ha (w tym 7 ha lustra wody), usytuowany w dolinie..."
        },
        "timeline": [
          {
            "year": "1957",
            "event": "otwarcie zalewu i parku rekreacyjnego"
          },
          {
            "year": "2020",
            "event": "uruchomienie tężni solankowej"
          }
        ],
        "source": {
          "name": "Encyklopedia Krakowa: Park Zalew Nowohucki",
          "url": "https://pl.wikipedia.org/wiki/Park_Zalew_Nowohucki",
          "label": "Encyklopedia Krakowa"
        },
        "historic_code": "",
        "engineering_features": ""
      }
    },
    {
      "type": "Feature",
      "id": "park_bagry_wielkie",
      "geometry": {
        "type": "Point",
        "coordinates": [
          19.990861,
          50.034639
        ]
      },
      "properties": {
        "id": "park_bagry_wielkie",
        "is_landmark": true,
        "landmark_group": "parks",
        "name": {
          "pl": "Park Miejski Bagry Wielkie",
          "en": "Park Miejski Bagry Wielkie",
          "de": "Park Miejski Bagry Wielkie"
        },
        "prefix": {
          "pl": "park / bulwar",
          "en": "park / boulevard",
          "de": "Park / Boulevard"
        },
        "full_name": {
          "pl": "Park Miejski Bagry Wielkie",
          "en": "Park Miejski Bagry Wielkie",
          "de": "Park Miejski Bagry Wielkie"
        },
        "district": {
          "pl": "XIII Podgórze (Płaszów)",
          "en": "XIII Podgórze (Płaszów)",
          "de": "XIII Podgórze (Płaszów)"
        },
        "category": {
          "pl": "Parki i zieleń",
          "en": "Parks and Greenery",
          "de": "Parks und Grünflächen"
        },
        "year": 2018,
        "summary": {
          "pl": "Park Miejski Bagry Wielkie w Krakowie (XIII Podgórze (Płaszów)).",
          "en": "Park Miejski Bagry Wielkie in Kraków (XIII Podgórze (Płaszów)).",
          "de": "Park Miejski Bagry Wielkie in Krakau (XIII Podgórze (Płaszów))."
        },
        "patron": null,
        "etymology": {
          "pl": "Jeden z największych parków rekreacyjno-wodnych Krakowa o powierzchni ok. 31 ha, położony w Dzielnicy XIII Podgórze (Płaszów). Obejmuje sztuczny akwen Bagry (31,4 ha), powstały po zatopieniu hitlerowskich wyrobisk żwirowo-glinianych z lat 1940–1944 eksploatowanych przy budowie stacji kolejowej Prokocim. W latach 2018–2023 teren przekształcono w nowoczesny park miejski z piaszczystymi plażami, kąpieliskiem strzeżonym, przystaniami żeglarskimi, tężnią solankową, hamakami i drewnianymi promenadami spacerowymi.",
          "en": "Public park / boulevard 'Park Miejski Bagry Wielkie' in Kraków (XIII Podgórze (Płaszów)). Green recreation area. Jeden z największych parków rekreacyjno-wodnych Krakowa o powierzchni ok. 31 ha, położony w Dzielnicy XIII Podgórze (Płaszów). Obejmuje sztu...",
          "de": "Öffentlicher Park / Boulevard 'Park Miejski Bagry Wielkie' in Krakau (XIII Podgórze (Płaszów)). Erholungsgebiet. Jeden z największych parków rekreacyjno-wodnych Krakowa o powierzchni ok. 31 ha, położony w Dzielnicy XIII Podgórze (Płaszów). Obejmuje sztu..."
        },
        "timeline": [
          {
            "year": "1944",
            "event": "zalanie wyrobisk żwirowni i powstanie zalewu"
          },
          {
            "year": "2018",
            "event": "rewitalizacja i powołanie Parku Miejskiego Bagry Wielkie"
          }
        ],
        "source": {
          "name": "Encyklopedia Krakowa: Park Miejski Bagry Wielkie",
          "url": "https://pl.wikipedia.org/wiki/Park_Miejski_Bagry_Wielkie",
          "label": "Encyklopedia Krakowa"
        },
        "historic_code": "",
        "engineering_features": ""
      }
    },
    {
      "type": "Feature",
      "id": "park_zakrzowek",
      "geometry": {
        "type": "Point",
        "coordinates": [
          19.910449,
          50.041157
        ]
      },
      "properties": {
        "id": "park_zakrzowek",
        "is_landmark": true,
        "landmark_group": "parks",
        "name": {
          "pl": "Park Zakrzówek",
          "en": "Park Zakrzówek",
          "de": "Park Zakrzówek"
        },
        "prefix": {
          "pl": "park / bulwar",
          "en": "park / boulevard",
          "de": "Park / Boulevard"
        },
        "full_name": {
          "pl": "Park Zakrzówek",
          "en": "Park Zakrzówek",
          "de": "Park Zakrzówek"
        },
        "district": {
          "pl": "VIII Dębniki",
          "en": "VIII Dębniki",
          "de": "VIII Dębniki"
        },
        "category": {
          "pl": "Parki i zieleń",
          "en": "Parks and Greenery",
          "de": "Parks und Grünflächen"
        },
        "year": 2023,
        "summary": {
          "pl": "Park Zakrzówek w Krakowie (VIII Dębniki).",
          "en": "Park Zakrzówek in Kraków (VIII Dębniki).",
          "de": "Park Zakrzówek in Krakau (VIII Dębniki)."
        },
        "patron": null,
        "etymology": {
          "pl": "Nowoczesny park krajobrazowo-rekreacyjny w Dzielnicy VIII Dębniki o powierzchni ponad 60 ha, urządzony wokół zalanego w 1992 r. dawnego kamieniołomu wapienia Zakrzówek (w którym podczas okupacji pracował Karol Wojtyła). Otwarty uroczyście w czerwcu 2023 r., zyskał miano „polskich Malediwów” dzięki lazurowej toni wodnej, spektakularnym pionowym ścianom skalnym oraz zespołowi 5 pływających basenów podwieszonych w skalistej niecce akwenu.",
          "en": "Public park / boulevard 'Park Zakrzówek' in Kraków (VIII Dębniki). Green recreation area. Nowoczesny park krajobrazowo-rekreacyjny w Dzielnicy VIII Dębniki o powierzchni ponad 60 ha, urządzony wokół zalanego w 1992 r. dawnego kami...",
          "de": "Öffentlicher Park / Boulevard 'Park Zakrzówek' in Krakau (VIII Dębniki). Erholungsgebiet. Nowoczesny park krajobrazowo-rekreacyjny w Dzielnicy VIII Dębniki o powierzchni ponad 60 ha, urządzony wokół zalanego w 1992 r. dawnego kami..."
        },
        "timeline": [
          {
            "year": "1992",
            "event": "zakończenie eksploatacji wapienia i zalanie kamieniołomu"
          },
          {
            "year": "2023",
            "event": "otwarcie Parku Zakrzówek z pływającymi basenami"
          }
        ],
        "source": {
          "name": "Encyklopedia Krakowa: Park Zakrzówek",
          "url": "https://pl.wikipedia.org/wiki/Park_Zakrz%C3%B3wek",
          "label": "Encyklopedia Krakowa"
        },
        "historic_code": "",
        "engineering_features": ""
      }
    },
    {
      "type": "Feature",
      "id": "skalki_twardowskiego",
      "geometry": {
        "type": "Point",
        "coordinates": [
          19.906199,
          50.040359
        ]
      },
      "properties": {
        "id": "skalki_twardowskiego",
        "is_landmark": true,
        "landmark_group": "parks",
        "name": {
          "pl": "Uroczysko Skałki Twardowskiego",
          "en": "Uroczysko Skałki Twardowskiego",
          "de": "Uroczysko Skałki Twardowskiego"
        },
        "prefix": {
          "pl": "park / bulwar",
          "en": "park / boulevard",
          "de": "Park / Boulevard"
        },
        "full_name": {
          "pl": "Uroczysko Skałki Twardowskiego",
          "en": "Uroczysko Skałki Twardowskiego",
          "de": "Uroczysko Skałki Twardowskiego"
        },
        "district": {
          "pl": "VIII Dębniki",
          "en": "VIII Dębniki",
          "de": "VIII Dębniki"
        },
        "category": {
          "pl": "Parki i zieleń",
          "en": "Parks and Greenery",
          "de": "Parks und Grünflächen"
        },
        "year": 1970,
        "summary": {
          "pl": "Uroczysko Skałki Twardowskiego w Krakowie (VIII Dębniki).",
          "en": "Uroczysko Skałki Twardowskiego in Kraków (VIII Dębniki).",
          "de": "Uroczysko Skałki Twardowskiego in Krakau (VIII Dębniki)."
        },
        "patron": null,
        "etymology": {
          "pl": "Malownicza enklawa przyrodniczo-leśna i geomorfologiczna na zrębowym Wzgórzu Zakrzowieckim w Dzielnicy VIII Dębniki o powierzchni 34 ha. Obejmuje ostańce jurajskie, jaskinie krasowe (w tym słynną Jaskinię Twardowskiego i Jasną) oraz dawne wyrobiska wapienia. Zgodnie z krakowską legendą to tutaj mistrz Jan Twardowski miał prowadzić swoją szkołę magii i pracownię alchemiczną, która eksplodowała tworząc fantazyjne formacje skalne. Rejon jest historyczną kolebką krakowskiego wspinactwa skałkowego.",
          "en": "Public park / boulevard 'Uroczysko Skałki Twardowskiego' in Kraków (VIII Dębniki). Green recreation area. Malownicza enklawa przyrodniczo-leśna i geomorfologiczna na zrębowym Wzgórzu Zakrzowieckim w Dzielnicy VIII Dębniki o powierzchni 34 ha. Obe...",
          "de": "Öffentlicher Park / Boulevard 'Uroczysko Skałki Twardowskiego' in Krakau (VIII Dębniki). Erholungsgebiet. Malownicza enklawa przyrodniczo-leśna i geomorfologiczna na zrębowym Wzgórzu Zakrzowieckim w Dzielnicy VIII Dębniki o powierzchni 34 ha. Obe..."
        },
        "timeline": [],
        "source": {
          "name": "Encyklopedia Krakowa: Uroczysko Skałki Twardowskiego",
          "url": "https://pl.wikipedia.org/wiki/Uroczysko_Ska%C5%82ki_Twardowskiego",
          "label": "Encyklopedia Krakowa"
        },
        "historic_code": "",
        "engineering_features": ""
      }
    },
    {
      "type": "Feature",
      "id": "park_debnicki",
      "geometry": {
        "type": "Point",
        "coordinates": [
          19.916929,
          50.049112
        ]
      },
      "properties": {
        "id": "park_debnicki",
        "is_landmark": true,
        "landmark_group": "parks",
        "name": {
          "pl": "Park Dębnicki",
          "en": "Park Dębnicki",
          "de": "Park Dębnicki"
        },
        "prefix": {
          "pl": "park / bulwar",
          "en": "park / boulevard",
          "de": "Park / Boulevard"
        },
        "full_name": {
          "pl": "Park Dębnicki",
          "en": "Park Dębnicki",
          "de": "Park Dębnicki"
        },
        "district": {
          "pl": "VIII Dębniki",
          "en": "VIII Dębniki",
          "de": "VIII Dębniki"
        },
        "category": {
          "pl": "Parki i zieleń",
          "en": "Parks and Greenery",
          "de": "Parks und Grünflächen"
        },
        "year": 2002,
        "summary": {
          "pl": "Park Dębnicki w Krakowie (VIII Dębniki).",
          "en": "Park Dębnicki in Kraków (VIII Dębniki).",
          "de": "Park Dębnicki in Krakau (VIII Dębniki)."
        },
        "patron": null,
        "etymology": {
          "pl": "Park miejski w Dzielnicy VIII Dębniki o powierzchni 4,8 ha, położony pomiędzy ulicami Praską, Czarodziejską i Tyniecką w zakolu Wisły. Założony w 2002 r. na terenie zabytkowego ogrodu otaczającego neorenesansowy Pałac Lasockich (wzniesiony w 1871 r. dla hr. Edwarda Lasockiego). Park charakteryzuje się bogatym starodrzewem, alejkami spacerowymi, nowoczesnymi placami zabaw oraz rozległą polaną rekreacyjną stanowiącą zielone serce Dębnik.",
          "en": "Public park / boulevard 'Park Dębnicki' in Kraków (VIII Dębniki). Green recreation area. Park miejski w Dzielnicy VIII Dębniki o powierzchni 4,8 ha, położony pomiędzy ulicami Praską, Czarodziejską i Tyniecką w zakolu Wisły. Założ...",
          "de": "Öffentlicher Park / Boulevard 'Park Dębnicki' in Krakau (VIII Dębniki). Erholungsgebiet. Park miejski w Dzielnicy VIII Dębniki o powierzchni 4,8 ha, położony pomiędzy ulicami Praską, Czarodziejską i Tyniecką w zakolu Wisły. Założ..."
        },
        "timeline": [
          {
            "year": "1871",
            "event": "ogród rezydencjonalny pałacu Lasockich"
          },
          {
            "year": "2002",
            "event": "wykupienie i otwarcie Parku Dębnickiego"
          }
        ],
        "source": {
          "name": "Encyklopedia Krakowa: Park Dębnicki",
          "url": "https://pl.wikipedia.org/wiki/Park_D%C4%99bnicki",
          "label": "Encyklopedia Krakowa"
        },
        "historic_code": "",
        "engineering_features": ""
      }
    },
    {
      "type": "Feature",
      "id": "park_kurdwanow",
      "geometry": {
        "type": "Point",
        "coordinates": [
          19.953993,
          50.008773
        ]
      },
      "properties": {
        "id": "park_kurdwanow",
        "is_landmark": true,
        "landmark_group": "parks",
        "name": {
          "pl": "Park Kurdwanów",
          "en": "Park Kurdwanów",
          "de": "Park Kurdwanów"
        },
        "prefix": {
          "pl": "park / bulwar",
          "en": "park / boulevard",
          "de": "Park / Boulevard"
        },
        "full_name": {
          "pl": "Park Kurdwanów",
          "en": "Park Kurdwanów",
          "de": "Park Kurdwanów"
        },
        "district": {
          "pl": "XI Podgórze Duchackie",
          "en": "XI Podgórze Duchackie",
          "de": "XI Podgórze Duchackie"
        },
        "category": {
          "pl": "Parki i zieleń",
          "en": "Parks and Greenery",
          "de": "Parks und Grünflächen"
        },
        "year": 2000,
        "summary": {
          "pl": "Park Kurdwanów w Krakowie (XI Podgórze Duchackie).",
          "en": "Park Kurdwanów in Kraków (XI Podgórze Duchackie).",
          "de": "Park Kurdwanów in Krakau (XI Podgórze Duchackie)."
        },
        "patron": null,
        "etymology": {
          "pl": "Główny park rekreacyjno-sportowy południowego Krakowa w Dzielnicy XI Podgórze Duchackie na osiedlu Kurdwanów Nowy o powierzchni ok. 4,2 ha. Utworzony na przełomie XX i XXI w. jako centralna strefa wypoczynku dla wielotysięcznego zespołu osiedlowego w rejonie ulic Bujaka i Witosa. Mieści zadaszony amfiteatr parkowy, oświetlone korty tenisowe, boiska wielofunkcyjne, wybieg dla psów oraz siłownię plenerową.",
          "en": "Public park / boulevard 'Park Kurdwanów' in Kraków (XI Podgórze Duchackie). Green recreation area. Główny park rekreacyjno-sportowy południowego Krakowa w Dzielnicy XI Podgórze Duchackie na osiedlu Kurdwanów Nowy o powierzchni ok. 4,2 ha. ...",
          "de": "Öffentlicher Park / Boulevard 'Park Kurdwanów' in Krakau (XI Podgórze Duchackie). Erholungsgebiet. Główny park rekreacyjno-sportowy południowego Krakowa w Dzielnicy XI Podgórze Duchackie na osiedlu Kurdwanów Nowy o powierzchni ok. 4,2 ha. ..."
        },
        "timeline": [],
        "source": {
          "name": "Encyklopedia Krakowa: Park Kurdwanów",
          "url": "https://pl.wikipedia.org/wiki/Park_Kurdwan%C3%B3w",
          "label": "Encyklopedia Krakowa"
        },
        "historic_code": "",
        "engineering_features": ""
      }
    },
    {
      "type": "Feature",
      "id": "park_stacja_wisla",
      "geometry": {
        "type": "Point",
        "coordinates": [
          19.959944,
          50.050972
        ]
      },
      "properties": {
        "id": "park_stacja_wisla",
        "is_landmark": true,
        "landmark_group": "parks",
        "name": {
          "pl": "Park Stacja Wisła",
          "en": "Park Stacja Wisła",
          "de": "Park Stacja Wisła"
        },
        "prefix": {
          "pl": "park / bulwar",
          "en": "park / boulevard",
          "de": "Park / Boulevard"
        },
        "full_name": {
          "pl": "Park Stacja Wisła",
          "en": "Park Stacja Wisła",
          "de": "Park Stacja Wisła"
        },
        "district": {
          "pl": "XIII Podgórze (Zabłocie)",
          "en": "XIII Podgórze (Zabłocie)",
          "de": "XIII Podgórze (Zabłocie)"
        },
        "category": {
          "pl": "Parki i zieleń",
          "en": "Parks and Greenery",
          "de": "Parks und Grünflächen"
        },
        "year": 2018,
        "summary": {
          "pl": "Park Stacja Wisła w Krakowie (XIII Podgórze (Zabłocie)).",
          "en": "Park Stacja Wisła in Kraków (XIII Podgórze (Zabłocie)).",
          "de": "Park Stacja Wisła in Krakau (XIII Podgórze (Zabłocie))."
        },
        "patron": null,
        "etymology": {
          "pl": "Klimatyczny park miejski o powierzchni 1,4 ha, urządzony w Dzielnicy XIII Podgórze na Zabłociu przy ul. Nadwiślańskiej i Kącik. Założony w 2018 r. w oparciu o projekt z Budżetu Obywatelskiego na terenach dawnej kolejowej stacji przeładunkowej Kraków Wisła (funkcjonującej od 1911 r.). Projekt harmonijnie łączy postindustrialną tożsamość dzielnicy (z zachowanymi fragmentami ramp, torowisk i semaforów) z nowoczesną architekturą pawilonu edukacyjnego i bujną roślinnością łąkową.",
          "en": "Public park / boulevard 'Park Stacja Wisła' in Kraków (XIII Podgórze (Zabłocie)). Green recreation area. Klimatyczny park miejski o powierzchni 1,4 ha, urządzony w Dzielnicy XIII Podgórze na Zabłociu przy ul. Nadwiślańskiej i Kącik. Założony w 2...",
          "de": "Öffentlicher Park / Boulevard 'Park Stacja Wisła' in Krakau (XIII Podgórze (Zabłocie)). Erholungsgebiet. Klimatyczny park miejski o powierzchni 1,4 ha, urządzony w Dzielnicy XIII Podgórze na Zabłociu przy ul. Nadwiślańskiej i Kącik. Założony w 2..."
        },
        "timeline": [
          {
            "year": "1911",
            "event": "budowa stacji przeładunkowej Kraków Wisła"
          },
          {
            "year": "2018",
            "event": "otwarcie Parku Stacja Wisła"
          }
        ],
        "source": {
          "name": "Encyklopedia Krakowa: Park Stacja Wisła",
          "url": "https://pl.wikipedia.org/wiki/Park_Stacja_Wis%C5%82a",
          "label": "Encyklopedia Krakowa"
        },
        "historic_code": "",
        "engineering_features": ""
      }
    },
    {
      "type": "Feature",
      "id": "park_kleparski",
      "geometry": {
        "type": "Point",
        "coordinates": [
          19.937833,
          50.076278
        ]
      },
      "properties": {
        "id": "park_kleparski",
        "is_landmark": true,
        "landmark_group": "parks",
        "name": {
          "pl": "Park Kleparski",
          "en": "Park Kleparski",
          "de": "Park Kleparski"
        },
        "prefix": {
          "pl": "park / bulwar",
          "en": "park / boulevard",
          "de": "Park / Boulevard"
        },
        "full_name": {
          "pl": "Park Kleparski",
          "en": "Park Kleparski",
          "de": "Park Kleparski"
        },
        "district": {
          "pl": "I Stare Miasto",
          "en": "I Old Town",
          "de": "I Altstadt"
        },
        "category": {
          "pl": "Parki i zieleń",
          "en": "Parks and Greenery",
          "de": "Parks und Grünflächen"
        },
        "year": 1900,
        "summary": {
          "pl": "Park Kleparski w Krakowie (I Stare Miasto).",
          "en": "Park Kleparski in Kraków (I Old Town).",
          "de": "Park Kleparski in Krakau (I Altstadt)."
        },
        "patron": null,
        "etymology": {
          "pl": "Zabytkowy park miejski o powierzchni 3,6 ha, położony na pograniczu Dzielnicy I Stare Miasto i V Krowodrza pomiędzy ulicami Prądnicką, Kamienną i al. Słowackiego. Obejmuje stoki ziemne i fosę zabytkowego bastionu obronnego Twierdzy Kraków – Fortu Kleparz (Bastionu III Kleparz), wzniesionego przez armię austriacką w latach 1856–1859. Park charakteryzuje się unikatowym ukształtowaniem terenu o profilu fortecznym, gęstym starodrzewem klonowo-kasztanowcowym i alejami spacerowymi.",
          "en": "Public park / boulevard 'Park Kleparski' in Kraków (I Old Town). Green recreation area. Zabytkowy park miejski o powierzchni 3,6 ha, położony na pograniczu Dzielnicy I Stare Miasto i V Krowodrza pomiędzy ulicami Prądnicką, Kamie...",
          "de": "Öffentlicher Park / Boulevard 'Park Kleparski' in Krakau (I Altstadt). Erholungsgebiet. Zabytkowy park miejski o powierzchni 3,6 ha, położony na pograniczu Dzielnicy I Stare Miasto i V Krowodrza pomiędzy ulicami Prądnicką, Kamie..."
        },
        "timeline": [
          {
            "year": "1859",
            "event": "ukończenie budowy Fortu III Kleparz"
          }
        ],
        "source": {
          "name": "Encyklopedia Krakowa: Park Kleparski",
          "url": "https://pl.wikipedia.org/wiki/Park_Kleparski",
          "label": "Encyklopedia Krakowa"
        },
        "historic_code": "",
        "engineering_features": ""
      }
    },
    {
      "type": "Feature",
      "id": "park_zaczarowana_dorozka",
      "geometry": {
        "type": "Point",
        "coordinates": [
          19.9725,
          50.0815
        ]
      },
      "properties": {
        "id": "park_zaczarowana_dorozka",
        "is_landmark": true,
        "landmark_group": "parks",
        "name": {
          "pl": "Park Zaczarowana Dorożka",
          "en": "Park Zaczarowana Dorożka",
          "de": "Park Zaczarowana Dorożka"
        },
        "prefix": {
          "pl": "park / bulwar",
          "en": "park / boulevard",
          "de": "Park / Boulevard"
        },
        "full_name": {
          "pl": "Park Zaczarowana Dorożka",
          "en": "Park Zaczarowana Dorożka",
          "de": "Park Zaczarowana Dorożka"
        },
        "district": {
          "pl": "III Prądnik Czerwony",
          "en": "III Prądnik Czerwony",
          "de": "III Prądnik Czerwony"
        },
        "category": {
          "pl": "Parki i zieleń",
          "en": "Parks and Greenery",
          "de": "Parks und Grünflächen"
        },
        "year": 2010,
        "summary": {
          "pl": "Park Zaczarowana Dorożka w Krakowie (III Prądnik Czerwony).",
          "en": "Park Zaczarowana Dorożka in Kraków (III Prądnik Czerwony).",
          "de": "Park Zaczarowana Dorożka in Krakau (III Prądnik Czerwony)."
        },
        "patron": null,
        "etymology": {
          "pl": "Tematyczny park rekreacyjny w Dzielnicy III Prądnik Czerwony o powierzchni ok. 2,1 ha, rozpościerający się wzdłuż potoku Sudół Dominikański w rejonie ulic Dobrego Pasterza i Olszeckiej. Nazwa bezpośrednio nawiązuje do słynnego poematu Konstantego Ildefonsa Gałczyńskiego „Zaczarowana dorożka” (1948) oraz legendarnego krakowskiego dorożkarza Jana Kaczary. W parku znajduje się zarybiony staw z fontanną, metalowa stylizowana dorożka, zegar słoneczny i alejki spacerowe.",
          "en": "Public park / boulevard 'Park Zaczarowana Dorożka' in Kraków (III Prądnik Czerwony). Green recreation area. Tematyczny park rekreacyjny w Dzielnicy III Prądnik Czerwony o powierzchni ok. 2,1 ha, rozpościerający się wzdłuż potoku Sudół Dominikański ...",
          "de": "Öffentlicher Park / Boulevard 'Park Zaczarowana Dorożka' in Krakau (III Prądnik Czerwony). Erholungsgebiet. Tematyczny park rekreacyjny w Dzielnicy III Prądnik Czerwony o powierzchni ok. 2,1 ha, rozpościerający się wzdłuż potoku Sudół Dominikański ..."
        },
        "timeline": [],
        "source": {
          "name": "Encyklopedia Krakowa: Park Zaczarowana Dorożka",
          "url": "https://pl.wikipedia.org/wiki/Park_Zaczarowana_Doro%C5%BCka",
          "label": "Encyklopedia Krakowa"
        },
        "historic_code": "",
        "engineering_features": ""
      }
    },
    {
      "type": "Feature",
      "id": "park_aleksandry",
      "geometry": {
        "type": "Point",
        "coordinates": [
          20.011806,
          50.017694
        ]
      },
      "properties": {
        "id": "park_aleksandry",
        "is_landmark": true,
        "landmark_group": "parks",
        "name": {
          "pl": "Park Aleksandry",
          "en": "Park Aleksandry",
          "de": "Park Aleksandry"
        },
        "prefix": {
          "pl": "park / bulwar",
          "en": "park / boulevard",
          "de": "Park / Boulevard"
        },
        "full_name": {
          "pl": "Park Aleksandry",
          "en": "Park Aleksandry",
          "de": "Park Aleksandry"
        },
        "district": {
          "pl": "XII Bieżanów-Prokocim",
          "en": "XII Bieżanów-Prokocim",
          "de": "XII Bieżanów-Prokocim"
        },
        "category": {
          "pl": "Parki i zieleń",
          "en": "Parks and Greenery",
          "de": "Parks und Grünflächen"
        },
        "year": 2014,
        "summary": {
          "pl": "Park Aleksandry w Krakowie (XII Bieżanów-Prokocim).",
          "en": "Park Aleksandry in Kraków (XII Bieżanów-Prokocim).",
          "de": "Park Aleksandry in Krakau (XII Bieżanów-Prokocim)."
        },
        "patron": null,
        "etymology": {
          "pl": "Naturalistyczny park miejski w Dzielnicy XII Bieżanów-Prokocim o powierzchni ok. 9,4 ha, ciągnący się malowniczą doliną potoku Serafa na osiedlu Bieżanów Nowy. Podzielony jest na dwie części: północną (z alejkami, placem zabaw i siłownią) oraz południową o charakterze dzikiego korytarza rzeczno-łęgowego ze starorzeczami, drewnianymi kładkami i ostoją ptactwa wodnego. Nazwa pochodzi od biegnącej w pobliżu ulicy Aleksandry.",
          "en": "Public park / boulevard 'Park Aleksandry' in Kraków (XII Bieżanów-Prokocim). Green recreation area. Naturalistyczny park miejski w Dzielnicy XII Bieżanów-Prokocim o powierzchni ok. 9,4 ha, ciągnący się malowniczą doliną potoku Serafa na osi...",
          "de": "Öffentlicher Park / Boulevard 'Park Aleksandry' in Krakau (XII Bieżanów-Prokocim). Erholungsgebiet. Naturalistyczny park miejski w Dzielnicy XII Bieżanów-Prokocim o powierzchni ok. 9,4 ha, ciągnący się malowniczą doliną potoku Serafa na osi..."
        },
        "timeline": [],
        "source": {
          "name": "Encyklopedia Krakowa: Park Aleksandry",
          "url": "https://pl.wikipedia.org/wiki/Park_Aleksandry",
          "label": "Encyklopedia Krakowa"
        },
        "historic_code": "",
        "engineering_features": ""
      }
    },
    {
      "type": "Feature",
      "id": "park_macka_i_doroty",
      "geometry": {
        "type": "Point",
        "coordinates": [
          19.913147,
          50.002488
        ]
      },
      "properties": {
        "id": "park_macka_i_doroty",
        "is_landmark": true,
        "landmark_group": "parks",
        "name": {
          "pl": "Park Maćka i Doroty",
          "en": "Park Maćka i Doroty",
          "de": "Park Maćka i Doroty"
        },
        "prefix": {
          "pl": "park / bulwar",
          "en": "park / boulevard",
          "de": "Park / Boulevard"
        },
        "full_name": {
          "pl": "Park Maćka i Doroty",
          "en": "Park Maćka i Doroty",
          "de": "Park Maćka i Doroty"
        },
        "district": {
          "pl": "X Swoszowice (Kliny)",
          "en": "X Swoszowice (Kliny)",
          "de": "X Swoszowice (Kliny)"
        },
        "category": {
          "pl": "Parki i zieleń",
          "en": "Parks and Greenery",
          "de": "Parks und Grünflächen"
        },
        "year": 2000,
        "summary": {
          "pl": "Park Maćka i Doroty w Krakowie (X Swoszowice (Kliny)).",
          "en": "Park Maćka i Doroty in Kraków (X Swoszowice (Kliny)).",
          "de": "Park Maćka i Doroty in Krakau (X Swoszowice (Kliny))."
        },
        "patron": null,
        "etymology": {
          "pl": "Park osiedlowy w Dzielnicy X Swoszowice o powierzchni ok. 9 ha, położony na osiedlu Kliny Borkowskie pomiędzy ulicami Komunardów, Narvik i Forteczną. Nazwa zaczerpnięta została ze starokrakowskiej legendy o Maćku i Dorocie – parze wiernych kochanków z ludowych podań podkrakowskich. Park obejmuje rozległe łąki rekreacyjne, zagajniki brzozowo-sosnowe, skatepark, boiska sportowe oraz tereny spacerowe w sąsiedztwie Fortu 52 „Borek”.",
          "en": "Public park / boulevard 'Park Maćka i Doroty' in Kraków (X Swoszowice (Kliny)). Green recreation area. Park osiedlowy w Dzielnicy X Swoszowice o powierzchni ok. 9 ha, położony na osiedlu Kliny Borkowskie pomiędzy ulicami Komunardów, Narvik i F...",
          "de": "Öffentlicher Park / Boulevard 'Park Maćka i Doroty' in Krakau (X Swoszowice (Kliny)). Erholungsgebiet. Park osiedlowy w Dzielnicy X Swoszowice o powierzchni ok. 9 ha, położony na osiedlu Kliny Borkowskie pomiędzy ulicami Komunardów, Narvik i F..."
        },
        "timeline": [],
        "source": {
          "name": "Encyklopedia Krakowa: Park Maćka i Doroty",
          "url": "https://pl.wikipedia.org/wiki/Park_Ma%C4%87ka_i_Doroty",
          "label": "Encyklopedia Krakowa"
        },
        "historic_code": "",
        "engineering_features": ""
      }
    },
    {
      "type": "Feature",
      "id": "park_lesny_witkowice",
      "geometry": {
        "type": "Point",
        "coordinates": [
          19.950536,
          50.108229
        ]
      },
      "properties": {
        "id": "park_lesny_witkowice",
        "is_landmark": true,
        "landmark_group": "parks",
        "name": {
          "pl": "Park Leśny Witkowice",
          "en": "Park Leśny Witkowice",
          "de": "Park Leśny Witkowice"
        },
        "prefix": {
          "pl": "park / bulwar",
          "en": "park / boulevard",
          "de": "Park / Boulevard"
        },
        "full_name": {
          "pl": "Park Leśny Witkowice",
          "en": "Park Leśny Witkowice",
          "de": "Park Leśny Witkowice"
        },
        "district": {
          "pl": "IV Prądnik Biały",
          "en": "IV Prądnik Biały",
          "de": "IV Prądnik Biały"
        },
        "category": {
          "pl": "Parki i zieleń",
          "en": "Parks and Greenery",
          "de": "Parks und Grünflächen"
        },
        "year": 1960,
        "summary": {
          "pl": "Park Leśny Witkowice w Krakowie (IV Prądnik Biały).",
          "en": "Park Leśny Witkowice in Kraków (IV Prądnik Biały).",
          "de": "Park Leśny Witkowice in Krakau (IV Prądnik Biały)."
        },
        "patron": null,
        "etymology": {
          "pl": "Kompleks leśno-parkowy w Dzielnicy IV Prądnik Biały o powierzchni ok. 15,8 ha, rozciągający się w malowniczej dolinie rzeki Białuchy (Prądnika) i potoku Bibiczanka. Urządzony na terenach dawnego majątku ziemskiego Witkowice (wzmiankowanego w 1229 r., włączonego do Krakowa w 1941 r.). W granicach parku znajdują się urokliwe stawy podworskie, naturalny las grądowy i łęgowy oraz ziemne szańce i ruiny austriackiego Fortu pancernego 44 „Tonie/Witkowice”.",
          "en": "Public park / boulevard 'Park Leśny Witkowice' in Kraków (IV Prądnik Biały). Green recreation area. Kompleks leśno-parkowy w Dzielnicy IV Prądnik Biały o powierzchni ok. 15,8 ha, rozciągający się w malowniczej dolinie rzeki Białuchy (Prądni...",
          "de": "Öffentlicher Park / Boulevard 'Park Leśny Witkowice' in Krakau (IV Prądnik Biały). Erholungsgebiet. Kompleks leśno-parkowy w Dzielnicy IV Prądnik Biały o powierzchni ok. 15,8 ha, rozciągający się w malowniczej dolinie rzeki Białuchy (Prądni..."
        },
        "timeline": [],
        "source": {
          "name": "Encyklopedia Krakowa: Park Leśny Witkowice",
          "url": "https://pl.wikipedia.org/wiki/Park_Le%C5%9Bny_Witkowice",
          "label": "Encyklopedia Krakowa"
        },
        "historic_code": "",
        "engineering_features": ""
      }
    },
    {
      "type": "Feature",
      "id": "park_woznicow",
      "geometry": {
        "type": "Point",
        "coordinates": [
          20.013439,
          50.065201
        ]
      },
      "properties": {
        "id": "park_woznicow",
        "is_landmark": true,
        "landmark_group": "parks",
        "name": {
          "pl": "Park Woźniców",
          "en": "Park Woźniców",
          "de": "Park Woźniców"
        },
        "prefix": {
          "pl": "park / bulwar",
          "en": "park / boulevard",
          "de": "Park / Boulevard"
        },
        "full_name": {
          "pl": "Park Woźniców",
          "en": "Park Woźniców",
          "de": "Park Woźniców"
        },
        "district": {
          "pl": "XIV Czyżyny",
          "en": "XIV Czyżyny",
          "de": "XIV Czyżyny"
        },
        "category": {
          "pl": "Parki i zieleń",
          "en": "Parks and Greenery",
          "de": "Parks und Grünflächen"
        },
        "year": 2022,
        "summary": {
          "pl": "Park Woźniców w Krakowie (XIV Czyżyny).",
          "en": "Park Woźniców in Kraków (XIV Czyżyny).",
          "de": "Park Woźniców in Krakau (XIV Czyżyny)."
        },
        "patron": null,
        "etymology": {
          "pl": "Linearny park miejski w Dzielnicy XIV Czyżyny o powierzchni ok. 4 ha, rozpościerający się na terenach zielonych wzdłuż dawnego traktu woźniców pomiędzy aleją Pokoju a ul. Jana Pawła II (w sąsiedztwie os. Dywizjonu 303 i os. 2 Pułku Lotniczego). Nazwa nadana uchwałą RMK w 2022 r. upamiętnia dawnych krakowskich i czyżyńskich furmanów oraz woźniców, którzy przez stulecia transportowali towary i płody rolne z podkrakowskich wsi na miejskie targowiska.",
          "en": "Public park / boulevard 'Park Woźniców' in Kraków (XIV Czyżyny). Green recreation area. Linearny park miejski w Dzielnicy XIV Czyżyny o powierzchni ok. 4 ha, rozpościerający się na terenach zielonych wzdłuż dawnego traktu woźnic...",
          "de": "Öffentlicher Park / Boulevard 'Park Woźniców' in Krakau (XIV Czyżyny). Erholungsgebiet. Linearny park miejski w Dzielnicy XIV Czyżyny o powierzchni ok. 4 ha, rozpościerający się na terenach zielonych wzdłuż dawnego traktu woźnic..."
        },
        "timeline": [],
        "source": {
          "name": "BIP Kraków: Uchwała RMK Park Woźniców",
          "url": "https://www.bip.krakow.pl",
          "label": "BIP Kraków"
        },
        "historic_code": "",
        "engineering_features": ""
      }
    },
    {
      "type": "Feature",
      "id": "park_reduta",
      "geometry": {
        "type": "Point",
        "coordinates": [
          19.987248,
          50.096542
        ]
      },
      "properties": {
        "id": "park_reduta",
        "is_landmark": true,
        "landmark_group": "parks",
        "name": {
          "pl": "Park Reduta",
          "en": "Park Reduta",
          "de": "Park Reduta"
        },
        "prefix": {
          "pl": "park / bulwar",
          "en": "park / boulevard",
          "de": "Park / Boulevard"
        },
        "full_name": {
          "pl": "Park Reduta",
          "en": "Park Reduta",
          "de": "Park Reduta"
        },
        "district": {
          "pl": "III Prądnik Czerwony",
          "en": "III Prądnik Czerwony",
          "de": "III Prądnik Czerwony"
        },
        "category": {
          "pl": "Parki i zieleń",
          "en": "Parks and Greenery",
          "de": "Parks und Grünflächen"
        },
        "year": 2019,
        "summary": {
          "pl": "Park Reduta w Krakowie (III Prądnik Czerwony).",
          "en": "Park Reduta in Kraków (III Prądnik Czerwony).",
          "de": "Park Reduta in Krakau (III Prądnik Czerwony)."
        },
        "patron": null,
        "etymology": {
          "pl": "Nowoczesny, nagradzany park miejski w Dzielnicy III Prądnik Czerwony o powierzchni 7,8 ha przy ul. Reduta. Powstał w 2019 r. w drodze szerokich konsultacji społecznych i procesu partycypacji mieszkańców jako modelowy park wielofunkcyjny. Nazwa nawiązuje do pobliskiego zabytkowego szańca piechoty Twierdzy Kraków – Reduty 21a. Park mieści wielopoziomowy plac zabaw, strefę leśną, pawilon kawiarniano-społeczny, tężnię i ogród sensoryczny.",
          "en": "Public park / boulevard 'Park Reduta' in Kraków (III Prądnik Czerwony). Green recreation area. Nowoczesny, nagradzany park miejski w Dzielnicy III Prądnik Czerwony o powierzchni 7,8 ha przy ul. Reduta. Powstał w 2019 r. w drodze szerok...",
          "de": "Öffentlicher Park / Boulevard 'Park Reduta' in Krakau (III Prądnik Czerwony). Erholungsgebiet. Nowoczesny, nagradzany park miejski w Dzielnicy III Prądnik Czerwony o powierzchni 7,8 ha przy ul. Reduta. Powstał w 2019 r. w drodze szerok..."
        },
        "timeline": [],
        "source": {
          "name": "BIP Kraków: Park Reduta",
          "url": "https://www.bip.krakow.pl",
          "label": "BIP Kraków"
        },
        "historic_code": "",
        "engineering_features": ""
      }
    },
    {
      "type": "Feature",
      "id": "park_szymborskiej_karmelicka",
      "geometry": {
        "type": "Point",
        "coordinates": [
          19.928972,
          50.065417
        ]
      },
      "properties": {
        "id": "park_szymborskiej_karmelicka",
        "is_landmark": true,
        "landmark_group": "parks",
        "name": {
          "pl": "Park Wisławy Szymborskiej (Karmelicka)",
          "en": "Park Wisławy Szymborskiej (Karmelicka)",
          "de": "Park Wisławy Szymborskiej (Karmelicka)"
        },
        "prefix": {
          "pl": "park / bulwar",
          "en": "park / boulevard",
          "de": "Park / Boulevard"
        },
        "full_name": {
          "pl": "Park Wisławy Szymborskiej (Karmelicka)",
          "en": "Park Wisławy Szymborskiej (Karmelicka)",
          "de": "Park Wisławy Szymborskiej (Karmelicka)"
        },
        "district": {
          "pl": "I Stare Miasto",
          "en": "I Old Town",
          "de": "I Altstadt"
        },
        "category": {
          "pl": "Parki i zieleń",
          "en": "Parks and Greenery",
          "de": "Parks und Grünflächen"
        },
        "year": 2023,
        "summary": {
          "pl": "Park Wisławy Szymborskiej (Karmelicka) w Krakowie (I Stare Miasto).",
          "en": "Park Wisławy Szymborskiej (Karmelicka) in Kraków (I Old Town).",
          "de": "Park Wisławy Szymborskiej (Karmelicka) in Krakau (I Altstadt)."
        },
        "patron": {
          "name": "Wisława Szymborska",
          "role": {
            "pl": "Patron: Wisława Szymborska",
            "en": "Patron: Wisława Szymborska",
            "de": "Patron: Wisława Szymborska"
          },
          "image": "https://commons.wikimedia.org/wiki/Special:FilePath/Wis%C5%82awa%20Szymborska%202009.10.23%20%281%29.jpg?width=360"
        },
        "etymology": {
          "pl": "Wisława Szymborska (1923–2012), wybitna polska poetka, eseistka, laureatka Literackiej Nagrody Nobla w 1996 r. Park miejski w Dzielnicy I Stare Miasto o powierzchni ok. 0,8 ha, utworzony przy ul. Karmelickiej na terenie dawnego parkingu i koszar wojskowych po wieloletniej batalii krakowian w ramach Budżetu Obywatelskiego. Uroczyście otwarty 2 lipca 2023 r. w stulecie urodzin poetki. Park wyróżnia się sadzawką kaskadową, 125 drzewami, łąką kwietną oraz wielkoformatowym muralem z wierszem „Możliwości”.",
          "en": "Public park / boulevard 'Park Wisławy Szymborskiej (Karmelicka)' in Kraków (I Old Town). Green recreation area. Wisława Szymborska (1923–2012), wybitna polska poetka, eseistka, laureatka Literackiej Nagrody Nobla w 1996 r. Park miejski w Dzielnicy I St...",
          "de": "Öffentlicher Park / Boulevard 'Park Wisławy Szymborskiej (Karmelicka)' in Krakau (I Altstadt). Erholungsgebiet. Wisława Szymborska (1923–2012), wybitna polska poetka, eseistka, laureatka Literackiej Nagrody Nobla w 1996 r. Park miejski w Dzielnicy I St..."
        },
        "timeline": [
          {
            "year": "2019",
            "event": "decyzja o likwidacji parkingu na rzecz parku"
          },
          {
            "year": "2023",
            "event": "otwarcie Parku Wisławy Szymborskiej w 100-lecie urodzin"
          }
        ],
        "source": {
          "name": "BIP Kraków: Park Wisławy Szymborskiej",
          "url": "https://www.bip.krakow.pl",
          "label": "BIP Kraków"
        },
        "historic_code": "",
        "engineering_features": ""
      }
    },
    {
      "type": "Feature",
      "id": "park_dabie",
      "geometry": {
        "type": "Point",
        "coordinates": [
          19.979142,
          50.059437
        ]
      },
      "properties": {
        "id": "park_dabie",
        "is_landmark": true,
        "landmark_group": "parks",
        "name": {
          "pl": "Park Dąbie",
          "en": "Park Dąbie",
          "de": "Park Dąbie"
        },
        "prefix": {
          "pl": "park / bulwar",
          "en": "park / boulevard",
          "de": "Park / Boulevard"
        },
        "full_name": {
          "pl": "Park Dąbie",
          "en": "Park Dąbie",
          "de": "Park Dąbie"
        },
        "district": {
          "pl": "II Grzegórzki",
          "en": "II Grzegórzki",
          "de": "II Grzegórzki"
        },
        "category": {
          "pl": "Parki i zieleń",
          "en": "Parks and Greenery",
          "de": "Parks und Grünflächen"
        },
        "year": 1970,
        "summary": {
          "pl": "Park Dąbie w Krakowie (II Grzegórzki).",
          "en": "Park Dąbie in Kraków (II Grzegórzki).",
          "de": "Park Dąbie in Krakau (II Grzegórzki)."
        },
        "patron": null,
        "etymology": {
          "pl": "Nadrzeczny park miejski w Dzielnicy II Grzegórzki o powierzchni 6,5 ha, rozciągający się wzdłuż Wisły pomiędzy ulicą Dąbską a Stopniem Wodnym Dąbie. Urządzony w latach 70. XX w. jako strefa rekreacyjna dla mieszkańców osiedla Dąbie. Posiada gęsty starodrzew wierzbowo-topolowy o charakterze łęgowym, ścieżki pieszo-rowerowe, skatepark oraz bezpośrednie połączenie z bulwarami wiślanymi.",
          "en": "Public park / boulevard 'Park Dąbie' in Kraków (II Grzegórzki). Green recreation area. Nadrzeczny park miejski w Dzielnicy II Grzegórzki o powierzchni 6,5 ha, rozciągający się wzdłuż Wisły pomiędzy ulicą Dąbską a Stopniem Wodny...",
          "de": "Öffentlicher Park / Boulevard 'Park Dąbie' in Krakau (II Grzegórzki). Erholungsgebiet. Nadrzeczny park miejski w Dzielnicy II Grzegórzki o powierzchni 6,5 ha, rozciągający się wzdłuż Wisły pomiędzy ulicą Dąbską a Stopniem Wodny..."
        },
        "timeline": [],
        "source": {
          "name": "Encyklopedia Krakowa: Park Dąbie",
          "url": "https://pl.wikipedia.org/wiki/Park_D%C4%85bie",
          "label": "Encyklopedia Krakowa"
        },
        "historic_code": "",
        "engineering_features": ""
      }
    },
    {
      "type": "Feature",
      "id": "park_linearny_grzegorzki",
      "geometry": {
        "type": "Point",
        "coordinates": [
          19.965154,
          50.059318
        ]
      },
      "properties": {
        "id": "park_linearny_grzegorzki",
        "is_landmark": true,
        "landmark_group": "parks",
        "name": {
          "pl": "Park Kolejowy Grzegórzki",
          "en": "Park Kolejowy Grzegórzki",
          "de": "Park Kolejowy Grzegórzki"
        },
        "prefix": {
          "pl": "park / bulwar",
          "en": "park / boulevard",
          "de": "Park / Boulevard"
        },
        "full_name": {
          "pl": "Park Kolejowy Grzegórzki",
          "en": "Park Kolejowy Grzegórzki",
          "de": "Park Kolejowy Grzegórzki"
        },
        "district": {
          "pl": "II Grzegórzki",
          "en": "II Grzegórzki",
          "de": "II Grzegórzki"
        },
        "category": {
          "pl": "Parki i zieleń",
          "en": "Parks and Greenery",
          "de": "Parks und Grünflächen"
        },
        "year": 2024,
        "summary": {
          "pl": "Park Kolejowy Grzegórzki w Krakowie (II Grzegórzki).",
          "en": "Park Kolejowy Grzegórzki in Kraków (II Grzegórzki).",
          "de": "Park Kolejowy Grzegórzki in Krakau (II Grzegórzki)."
        },
        "patron": null,
        "etymology": {
          "pl": "Nowatorski park miejski i linearny ciąg rekreacyjny w Dzielnicy II Grzegórzki o powierzchni ok. 2,2 ha, zrealizowany w przestrzeni pod nowo wybudowanymi estakadami kolejowej linii średnicowej pomiędzy ul. Kopernika a ul. Grzegórzecką. Otwarty w 2024 r., stanowi modelowy przykład adaptacji trudnej przestrzeni podinfrastrukturalnej na cele społeczne – z placami zabaw, siłownią, strefą parkour, małą architekturą i zielenią cieniolubną.",
          "en": "Public park / boulevard 'Park Kolejowy Grzegórzki' in Kraków (II Grzegórzki). Green recreation area. Nowatorski park miejski i linearny ciąg rekreacyjny w Dzielnicy II Grzegórzki o powierzchni ok. 2,2 ha, zrealizowany w przestrzeni pod nowo ...",
          "de": "Öffentlicher Park / Boulevard 'Park Kolejowy Grzegórzki' in Krakau (II Grzegórzki). Erholungsgebiet. Nowatorski park miejski i linearny ciąg rekreacyjny w Dzielnicy II Grzegórzki o powierzchni ok. 2,2 ha, zrealizowany w przestrzeni pod nowo ..."
        },
        "timeline": [],
        "source": {
          "name": "BIP Kraków: Park Kolejowy Grzegórzki",
          "url": "https://www.bip.krakow.pl",
          "label": "BIP Kraków"
        },
        "historic_code": "",
        "engineering_features": ""
      }
    },
    {
      "type": "Feature",
      "id": "blonia_krakowskie",
      "geometry": {
        "type": "Point",
        "coordinates": [
          20.172151,
          50.086382
        ]
      },
      "properties": {
        "id": "blonia_krakowskie",
        "is_landmark": true,
        "landmark_group": "parks",
        "name": {
          "pl": "Błonia Krakowskie",
          "en": "Błonia Krakowskie",
          "de": "Błonia Krakowskie"
        },
        "prefix": {
          "pl": "park / bulwar",
          "en": "park / boulevard",
          "de": "Park / Boulevard"
        },
        "full_name": {
          "pl": "Błonia Krakowskie",
          "en": "Błonia Krakowskie",
          "de": "Błonia Krakowskie"
        },
        "district": {
          "pl": "V Krowodrza",
          "en": "V Krowodrza",
          "de": "V Krowodrza"
        },
        "category": {
          "pl": "Parki i zieleń",
          "en": "Parks and Greenery",
          "de": "Parks und Grünflächen"
        },
        "year": 1366,
        "summary": {
          "pl": "Błonia Krakowskie w Krakowie (V Krowodrza).",
          "en": "Błonia Krakowskie in Kraków (V Krowodrza).",
          "de": "Błonia Krakowskie in Krakau (V Krowodrza)."
        },
        "patron": null,
        "etymology": {
          "pl": "Unikatowa w skali Europy wielka miejska łąka półnaturalna w Dzielnicy V Krowodrza i VII Zwierzyniec o powierzchni 48 ha i obwodzie 3,6 km, wpisana do rejestru zabytków w 2000 r. W 1366 r. królowa Jadwiga (według tradycji) lub siostry norbertanki wymieniły pastwiska zwierzynieckie z miastem Kraków. Błonia były świadkiem kluczowych wydarzeń narodowych: przeglądów wojsk Tadeusza Kościuszki i Józefa Poniatowskiego, obchodów 500-lecia bitwy pod Grunwaldem (1910), mszy papieskich św. Jana Pawła II oraz Światowych Dni Młodzieży.",
          "en": "Public park / boulevard 'Błonia Krakowskie' in Kraków (V Krowodrza). Green recreation area. Unikatowa w skali Europy wielka miejska łąka półnaturalna w Dzielnicy V Krowodrza i VII Zwierzyniec o powierzchni 48 ha i obwodzie 3,6 km, w...",
          "de": "Öffentlicher Park / Boulevard 'Błonia Krakowskie' in Krakau (V Krowodrza). Erholungsgebiet. Unikatowa w skali Europy wielka miejska łąka półnaturalna w Dzielnicy V Krowodrza i VII Zwierzyniec o powierzchni 48 ha i obwodzie 3,6 km, w..."
        },
        "timeline": [
          {
            "year": "1366",
            "event": "wymiana gruntów pomiędzy norbertankami a miastem Kraków"
          },
          {
            "year": "2000",
            "event": "wpisanie Błoń do rejestru zabytków"
          }
        ],
        "source": {
          "name": "Encyklopedia Krakowa: Błonia Krakowskie",
          "url": "https://pl.wikipedia.org/wiki/B%C5%82onia_Krakowskie",
          "label": "Encyklopedia Krakowa"
        },
        "historic_code": "",
        "engineering_features": ""
      }
    },
    {
      "type": "Feature",
      "id": "las_wolski",
      "geometry": {
        "type": "Point",
        "coordinates": [
          20.202299,
          50.055936
        ]
      },
      "properties": {
        "id": "las_wolski",
        "is_landmark": true,
        "landmark_group": "parks",
        "name": {
          "pl": "Las Wolski",
          "en": "Las Wolski",
          "de": "Las Wolski"
        },
        "prefix": {
          "pl": "park / bulwar",
          "en": "park / boulevard",
          "de": "Park / Boulevard"
        },
        "full_name": {
          "pl": "Las Wolski",
          "en": "Las Wolski",
          "de": "Las Wolski"
        },
        "district": {
          "pl": "VII Zwierzyniec",
          "en": "VII Zwierzyniec",
          "de": "VII Zwierzyniec"
        },
        "category": {
          "pl": "Parki i zieleń",
          "en": "Parks and Greenery",
          "de": "Parks und Grünflächen"
        },
        "year": 1917,
        "summary": {
          "pl": "Las Wolski w Krakowie (VII Zwierzyniec).",
          "en": "Las Wolski in Kraków (VII Zwierzyniec).",
          "de": "Las Wolski in Krakau (VII Zwierzyniec)."
        },
        "patron": null,
        "etymology": {
          "pl": "Największy zwarty kompleks leśny i park leśny Krakowa o powierzchni 419 ha, położony na wzgórzach Pasma Sowińca w Dzielnicy VII Zwierzyniec (Wola Justowska, Przegorzały, Bielany). Wykupiony w 1917 r. przez Kasę Oszczędności Miasta Krakowa i przekazany gminie miejskiej na cele publicznego wypoczynku mieszkańców. Obejmuje m.in. Kopiec Piłsudskiego (Mogiłę Mogił), Ogród Zoologiczny (zał. 1929), Klasztor Kamedułów na Srebrnej Górze, rezerwaty przyrody Panieńskie Skały i Bielany oraz sieć 8 oznakowanych szlaków turystycznych.",
          "en": "Public park / boulevard 'Las Wolski' in Kraków (VII Zwierzyniec). Green recreation area. Największy zwarty kompleks leśny i park leśny Krakowa o powierzchni 419 ha, położony na wzgórzach Pasma Sowińca w Dzielnicy VII Zwierzyniec ...",
          "de": "Öffentlicher Park / Boulevard 'Las Wolski' in Krakau (VII Zwierzyniec). Erholungsgebiet. Największy zwarty kompleks leśny i park leśny Krakowa o powierzchni 419 ha, położony na wzgórzach Pasma Sowińca w Dzielnicy VII Zwierzyniec ..."
        },
        "timeline": [
          {
            "year": "1917",
            "event": "zakupienie Lasu Wolskiego przez Kasę Oszczędności Miasta Krakowa dla mieszkańców"
          }
        ],
        "source": {
          "name": "Encyklopedia Krakowa: Las Wolski",
          "url": "https://pl.wikipedia.org/wiki/Las_Wolski",
          "label": "Encyklopedia Krakowa"
        },
        "historic_code": "",
        "engineering_features": ""
      }
    },
    {
      "type": "Feature",
      "id": "las_borkowski",
      "geometry": {
        "type": "Point",
        "coordinates": [
          20.202299,
          50.055936
        ]
      },
      "properties": {
        "id": "las_borkowski",
        "is_landmark": true,
        "landmark_group": "parks",
        "name": {
          "pl": "Las Borkowski",
          "en": "Las Borkowski",
          "de": "Las Borkowski"
        },
        "prefix": {
          "pl": "park / bulwar",
          "en": "park / boulevard",
          "de": "Park / Boulevard"
        },
        "full_name": {
          "pl": "Las Borkowski",
          "en": "Las Borkowski",
          "de": "Las Borkowski"
        },
        "district": {
          "pl": "IX Łagiewniki-Borek Fałęcki",
          "en": "IX Łagiewniki-Borek Fałęcki",
          "de": "IX Łagiewniki-Borek Fałęcki"
        },
        "category": {
          "pl": "Parki i zieleń",
          "en": "Parks and Greenery",
          "de": "Parks und Grünflächen"
        },
        "year": 1900,
        "summary": {
          "pl": "Las Borkowski w Krakowie (IX Łagiewniki-Borek Fałęcki).",
          "en": "Las Borkowski in Kraków (IX Łagiewniki-Borek Fałęcki).",
          "de": "Las Borkowski in Krakau (IX Łagiewniki-Borek Fałęcki)."
        },
        "patron": null,
        "etymology": {
          "pl": "Cenny las miejski i strefa ochrony przyrody w Dzielnicy IX Łagiewniki-Borek Fałęcki i X Swoszowice o powierzchni 75 ha. Pozostałość dawnych wielkich puszcz podkrakowskich otaczających wieś Borek Fałęcki (stąd nazwa Borek – mały bór sosnowy). W 2022 r., po wieloletnich staraniach mieszkańców i zbiórce społecznej, 15-hektarowy prywatny fragment lasu został ostatecznie wykupiony przez władze Krakowa za kwotę 16 mln zł, chroniąc ekosystem przed zabudową deweloperską.",
          "en": "Public park / boulevard 'Las Borkowski' in Kraków (IX Łagiewniki-Borek Fałęcki). Green recreation area. Cenny las miejski i strefa ochrony przyrody w Dzielnicy IX Łagiewniki-Borek Fałęcki i X Swoszowice o powierzchni 75 ha. Pozostałość dawnych ...",
          "de": "Öffentlicher Park / Boulevard 'Las Borkowski' in Krakau (IX Łagiewniki-Borek Fałęcki). Erholungsgebiet. Cenny las miejski i strefa ochrony przyrody w Dzielnicy IX Łagiewniki-Borek Fałęcki i X Swoszowice o powierzchni 75 ha. Pozostałość dawnych ..."
        },
        "timeline": [
          {
            "year": "1900",
            "event": "las w majątku Borku Fałęckim"
          },
          {
            "year": "2022",
            "event": "wykupienie lasu przez Gminę Miejską Kraków dla ochrony przyrody"
          }
        ],
        "source": {
          "name": "Encyklopedia Krakowa: Las Borkowski",
          "url": "https://pl.wikipedia.org/wiki/Las_Borkowski",
          "label": "Encyklopedia Krakowa"
        },
        "historic_code": "",
        "engineering_features": ""
      }
    },
    {
      "type": "Feature",
      "id": "skwer_praw_kobiet",
      "geometry": {
        "type": "Point",
        "coordinates": [
          19.928041,
          50.059224
        ]
      },
      "properties": {
        "id": "skwer_praw_kobiet",
        "is_landmark": true,
        "landmark_group": "parks",
        "name": {
          "pl": "Skwer Praw Kobiet",
          "en": "Skwer Praw Kobiet",
          "de": "Skwer Praw Kobiet"
        },
        "prefix": {
          "pl": "park / bulwar",
          "en": "park / boulevard",
          "de": "Park / Boulevard"
        },
        "full_name": {
          "pl": "Skwer Praw Kobiet",
          "en": "Skwer Praw Kobiet",
          "de": "Skwer Praw Kobiet"
        },
        "district": {
          "pl": "I Stare Miasto",
          "en": "I Old Town",
          "de": "I Altstadt"
        },
        "category": {
          "pl": "Parki i zieleń",
          "en": "Parks and Greenery",
          "de": "Parks und Grünflächen"
        },
        "year": 2021,
        "summary": {
          "pl": "Skwer Praw Kobiet w Krakowie (I Stare Miasto).",
          "en": "Skwer Praw Kobiet in Kraków (I Old Town).",
          "de": "Skwer Praw Kobiet in Krakau (I Altstadt)."
        },
        "patron": null,
        "etymology": {
          "pl": "Zaciszny skwer miejski w Dzielnicy I Stare Miasto, usytuowany u zbiegu ulic Retoryka, Józefa Piłsudskiego i Podwale. Nazwa nadana uchwałą Rady Miasta Krakowa w 2021 r. upamiętnia uzyskanie przez Polki pełnych praw wyborczych (dekret Naczelnika Państwa Józefa Piłsudskiego z 28 listopada 1918 r.) oraz wieloletnią działalność krakowskich emancypantek, sufrażystek i delegatek (m.in. Kazimiery Bujwidowej i Marii Dulębianki).",
          "en": "Public park / boulevard 'Skwer Praw Kobiet' in Kraków (I Old Town). Green recreation area. Zaciszny skwer miejski w Dzielnicy I Stare Miasto, usytuowany u zbiegu ulic Retoryka, Józefa Piłsudskiego i Podwale. Nazwa nadana uchwałą Ra...",
          "de": "Öffentlicher Park / Boulevard 'Skwer Praw Kobiet' in Krakau (I Altstadt). Erholungsgebiet. Zaciszny skwer miejski w Dzielnicy I Stare Miasto, usytuowany u zbiegu ulic Retoryka, Józefa Piłsudskiego i Podwale. Nazwa nadana uchwałą Ra..."
        },
        "timeline": [],
        "source": {
          "name": "BIP Kraków: Uchwała RMK Skwer Praw Kobiet",
          "url": "https://www.bip.krakow.pl",
          "label": "BIP Kraków"
        },
        "historic_code": "",
        "engineering_features": ""
      }
    },
    {
      "type": "Feature",
      "id": "skwer_konika_zwierzynieckiego",
      "geometry": {
        "type": "Point",
        "coordinates": [
          19.92665,
          50.054508
        ]
      },
      "properties": {
        "id": "skwer_konika_zwierzynieckiego",
        "is_landmark": true,
        "landmark_group": "parks",
        "name": {
          "pl": "Skwer Konika Zwierzynieckiego",
          "en": "Skwer Konika Zwierzynieckiego",
          "de": "Skwer Konika Zwierzynieckiego"
        },
        "prefix": {
          "pl": "park / bulwar",
          "en": "park / boulevard",
          "de": "Park / Boulevard"
        },
        "full_name": {
          "pl": "Skwer Konika Zwierzynieckiego",
          "en": "Skwer Konika Zwierzynieckiego",
          "de": "Skwer Konika Zwierzynieckiego"
        },
        "district": {
          "pl": "VII Zwierzyniec",
          "en": "VII Zwierzyniec",
          "de": "VII Zwierzyniec"
        },
        "category": {
          "pl": "Parki i zieleń",
          "en": "Parks and Greenery",
          "de": "Parks und Grünflächen"
        },
        "year": 2014,
        "summary": {
          "pl": "Skwer Konika Zwierzynieckiego w Krakowie (VII Zwierzyniec).",
          "en": "Skwer Konika Zwierzynieckiego in Kraków (VII Zwierzyniec).",
          "de": "Skwer Konika Zwierzynieckiego in Krakau (VII Zwierzyniec)."
        },
        "patron": null,
        "etymology": {
          "pl": "Reprezentacyjny skwer miejski w Dzielnicy VII Zwierzyniec, zlokalizowany u zbiegu ulic Kościuszki, Zwierzynieckiej i Włóczków w pobliżu Mostu Dębnickiego. Nazwę nadano uchwałą RMK w 2014 r. dla upamiętnienia wielowiekowej krakowskiej tradycji Lajkonika (Konika Zwierzynieckiego), wpisanej na Krajową Listę Niematerialnego Dziedzictwa Kulturowego. Skwer stanowi tradycyjne miejsce odpoczynku i harców orszaku Lajkonika podczas dorocznego pochodu w oktawę Bożego Ciała.",
          "en": "Public park / boulevard 'Skwer Konika Zwierzynieckiego' in Kraków (VII Zwierzyniec). Green recreation area. Reprezentacyjny skwer miejski w Dzielnicy VII Zwierzyniec, zlokalizowany u zbiegu ulic Kościuszki, Zwierzynieckiej i Włóczków w pobliżu Most...",
          "de": "Öffentlicher Park / Boulevard 'Skwer Konika Zwierzynieckiego' in Krakau (VII Zwierzyniec). Erholungsgebiet. Reprezentacyjny skwer miejski w Dzielnicy VII Zwierzyniec, zlokalizowany u zbiegu ulic Kościuszki, Zwierzynieckiej i Włóczków w pobliżu Most..."
        },
        "timeline": [],
        "source": {
          "name": "BIP Kraków: Uchwała RMK Skwer Konika Zwierzynieckiego",
          "url": "https://www.bip.krakow.pl",
          "label": "BIP Kraków"
        },
        "historic_code": "",
        "engineering_features": ""
      }
    }
  ]
}